0 , 0.1 , 0.1 , 0.1 , 0.1
0.0004 , 0.1 , 0.099998 , 0.1 , 0.099998
0.0008 , 0.099996 , 0.099992 , 0.099996 , 0.099992
0.0012 , 0.099988 , 0.099982 , 0.099988 , 0.099982
0.0016 , 0.099976 , 0.099968 , 0.099976 , 0.099968
0.002 , 0.09996 , 0.09995 , 0.09996 , 0.09995
0.0024 , 0.09994 , 0.099928 , 0.09994 , 0.099928
0.0028 , 0.099916 , 0.099902 , 0.099916 , 0.099902
0.0032 , 0.099888 , 0.099872 , 0.099888 , 0.099872
0.0036 , 0.099856 , 0.099838 , 0.099856 , 0.0998381
0.004 , 0.09982 , 0.0998001 , 0.09982 , 0.0998001
0.0044 , 0.0997801 , 0.0997581 , 0.0997801 , 0.0997581
0.0048 , 0.0997361 , 0.0997121 , 0.0997361 , 0.0997122
0.0052 , 0.0996881 , 0.0996622 , 0.0996882 , 0.0996622
0.0056 , 0.0996362 , 0.0996083 , 0.0996362 , 0.0996083
0.006 , 0.0995802 , 0.0995503 , 0.0995803 , 0.0995504
0.0064 , 0.0995203 , 0.0994884 , 0.0995204 , 0.0994885
0.0068 , 0.0994564 , 0.0994226 , 0.0994565 , 0.0994227
0.0072 , 0.0993885 , 0.0993527 , 0.0993886 , 0.0993528
0.0076 , 0.0993166 , 0.0992789 , 0.0993167 , 0.099279
0.008 , 0.0992408 , 0.0992011 , 0.0992409 , 0.0992012
0.0084 , 0.099161 , 0.0991193 , 0.0991611 , 0.0991195
0.0088 , 0.0990772 , 0.0990336 , 0.0990774 , 0.0990338
0.0092 , 0.0989894 , 0.0989439 , 0.0989896 , 0.0989441
0.0096 , 0.0988977 , 0.0988502 , 0.098898 , 0.0988505
0.01 , 0.098802 , 0.0987526 , 0.0988023 , 0.0987529
0.0104 , 0.0987024 , 0.098651 , 0.0987027 , 0.0986514
0.0108 , 0.0985988 , 0.0985455 , 0.0985992 , 0.098546
0.0112 , 0.0984913 , 0.0984361 , 0.0984917 , 0.0984366
0.0116 , 0.0983798 , 0.0983227 , 0.0983803 , 0.0983232
0.012 , 0.0982644 , 0.0982054 , 0.0982649 , 0.098206
0.0124 , 0.098145 , 0.0980841 , 0.0981456 , 0.0980848
0.0128 , 0.0980217 , 0.097959 , 0.0980224 , 0.0979597
0.0132 , 0.0978945 , 0.0978299 , 0.0978952 , 0.0978307
0.0136 , 0.0977634 , 0.0976969 , 0.0977642 , 0.0976977
0.014 , 0.0976284 , 0.09756 , 0.0976292 , 0.0975609
0.0144 , 0.0974894 , 0.0974192 , 0.0974903 , 0.0974202
0.0148 , 0.0973466 , 0.0972745 , 0.0973475 , 0.0972755
0.0152 , 0.0971998 , 0.0971259 , 0.0972009 , 0.097127
0.0156 , 0.0970491 , 0.0969734 , 0.0970503 , 0.0969746
0.016 , 0.0968946 , 0.096817 , 0.0968959 , 0.0968184
0.0164 , 0.0967362 , 0.0966568 , 0.0967375 , 0.0966583
0.0168 , 0.0965739 , 0.0964927 , 0.0965753 , 0.0964943
0.0172 , 0.0964077 , 0.0963247 , 0.0964093 , 0.0963264
0.0176 , 0.0962377 , 0.0961529 , 0.0962394 , 0.0961547
0.018 , 0.0960638 , 0.0959773 , 0.0960656 , 0.0959792
0.0184 , 0.095886 , 0.0957978 , 0.095888 , 0.0957998
0.0188 , 0.0957045 , 0.0956144 , 0.0957065 , 0.0956166
0.0192 , 0.0955191 , 0.0954273 , 0.0955212 , 0.0954296
0.0196 , 0.0953298 , 0.0952363 , 0.0953321 , 0.0952388
0.02 , 0.0951367 , 0.0950415 , 0.0951392 , 0.0950442
0.0204 , 0.0949399 , 0.0948429 , 0.0949425 , 0.0948457
0.0208 , 0.0947392 , 0.0946406 , 0.094742 , 0.0946435
0.0212 , 0.0945347 , 0.0944344 , 0.0945377 , 0.0944375
0.0216 , 0.0943264 , 0.0942244 , 0.0943296 , 0.0942278
0.022 , 0.0941144 , 0.0940107 , 0.0941177 , 0.0940143
0.0224 , 0.0938986 , 0.0937933 , 0.0939021 , 0.093797
0.0228 , 0.093679 , 0.093572 , 0.0936827 , 0.093576
0.0232 , 0.0934556 , 0.0933471 , 0.0934595 , 0.0933512
0.0236 , 0.0932285 , 0.0931184 , 0.0932326 , 0.0931227
0.024 , 0.0929977 , 0.092886 , 0.093002 , 0.0928905
0.0244 , 0.0927631 , 0.0926498 , 0.0927677 , 0.0926546
0.0248 , 0.0925249 , 0.09241 , 0.0925296 , 0.092415
0.0252 , 0.0922829 , 0.0921664 , 0.0922879 , 0.0921717
0.0256 , 0.0920372 , 0.0919192 , 0.0920424 , 0.0919247
0.026 , 0.0917878 , 0.0916683 , 0.0917933 , 0.0916741
0.0264 , 0.0915347 , 0.0914137 , 0.0915405 , 0.0914198
0.0268 , 0.091278 , 0.0911555 , 0.091284 , 0.0911618
0.0272 , 0.0910176 , 0.0908936 , 0.0910239 , 0.0909002
0.0276 , 0.0907536 , 0.0906281 , 0.0907601 , 0.090635
0.028 , 0.0904859 , 0.090359 , 0.0904927 , 0.0903662
0.0284 , 0.0902145 , 0.0900862 , 0.0902217 , 0.0900938
0.0288 , 0.0899396 , 0.0898099 , 0.0899471 , 0.0898177
0.0292 , 0.0896611 , 0.0895299 , 0.0896689 , 0.0895381
0.0296 , 0.0893789 , 0.0892464 , 0.089387 , 0.0892549
0.03 , 0.0890932 , 0.0889593 , 0.0891017 , 0.0889682
0.0304 , 0.0888039 , 0.0886687 , 0.0888127 , 0.0886779
0.0308 , 0.088511 , 0.0883745 , 0.0885202 , 0.088384
0.0312 , 0.0882146 , 0.0880767 , 0.0882241 , 0.0880866
0.0316 , 0.0879146 , 0.0877755 , 0.0879245 , 0.0877858
0.032 , 0.0876111 , 0.0874707 , 0.0876214 , 0.0874814
0.0324 , 0.0873041 , 0.0871624 , 0.0873148 , 0.0871735
0.0328 , 0.0869936 , 0.0868507 , 0.0870047 , 0.0868622
0.0332 , 0.0866796 , 0.0865355 , 0.0866911 , 0.0865474
0.0336 , 0.0863621 , 0.0862168 , 0.086374 , 0.0862291
0.034 , 0.0860412 , 0.0858946 , 0.0860535 , 0.0859074
0.0344 , 0.0857168 , 0.085569 , 0.0857295 , 0.0855823
0.0348 , 0.0853889 , 0.0852401 , 0.0854021 , 0.0852537
0.0352 , 0.0850577 , 0.0849076 , 0.0850713 , 0.0849218
0.0356 , 0.084723 , 0.0845718 , 0.0847371 , 0.0845864
0.036 , 0.0843849 , 0.0842327 , 0.0843994 , 0.0842477
0.0364 , 0.0840434 , 0.0838901 , 0.0840585 , 0.0839057
0.0368 , 0.0836985 , 0.0835442 , 0.0837141 , 0.0835603
0.0372 , 0.0833503 , 0.0831949 , 0.0833664 , 0.0832115
0.0376 , 0.0829987 , 0.0828424 , 0.0830153 , 0.0828595
0.038 , 0.0826438 , 0.0824865 , 0.082661 , 0.0825041
0.0384 , 0.0822856 , 0.0821273 , 0.0823033 , 0.0821455
0.0388 , 0.0819241 , 0.0817648 , 0.0819423 , 0.0817836
0.0392 , 0.0815593 , 0.081399 , 0.081578 , 0.0814184
0.0396 , 0.0811912 , 0.08103 , 0.0812105 , 0.08105
0.04 , 0.0808198 , 0.0806578 , 0.0808397 , 0.0806783
0.0404 , 0.0804452 , 0.0802823 , 0.0804657 , 0.0803034
0.0408 , 0.0800674 , 0.0799036 , 0.0800885 , 0.0799254
0.0412 , 0.0796863 , 0.0795217 , 0.079708 , 0.0795441
0.0416 , 0.0793021 , 0.0791367 , 0.0793244 , 0.0791597
0.042 , 0.0789146 , 0.0787485 , 0.0789376 , 0.0787721
0.0424 , 0.078524 , 0.0783571 , 0.0785476 , 0.0783814
0.0428 , 0.0781302 , 0.0779626 , 0.0781545 , 0.0779876
0.0432 , 0.0777333 , 0.0775649 , 0.0777583 , 0.0775906
0.0436 , 0.0773333 , 0.0771642 , 0.0773589 , 0.0771906
0.044 , 0.0769301 , 0.0767604 , 0.0769565 , 0.0767875
0.0444 , 0.0765239 , 0.0763535 , 0.0765509 , 0.0763813
0.0448 , 0.0761145 , 0.0759435 , 0.0761423 , 0.0759721
0.0452 , 0.0757022 , 0.0755306 , 0.0757307 , 0.0755599
0.0456 , 0.0752867 , 0.0751146 , 0.075316 , 0.0751446
0.046 , 0.0748683 , 0.0746956 , 0.0748983 , 0.0747264
0.0464 , 0.0744468 , 0.0742736 , 0.0744776 , 0.0743052
0.0468 , 0.0740223 , 0.0738486 , 0.0740539 , 0.073881
0.0472 , 0.0735949 , 0.0734207 , 0.0736273 , 0.0734539
0.0476 , 0.0731645 , 0.0729898 , 0.0731977 , 0.0730238
0.048 , 0.0727312 , 0.072556 , 0.0727652 , 0.0725909
0.0484 , 0.0722949 , 0.0721194 , 0.0723297 , 0.072155
0.0488 , 0.0718557 , 0.0716798 , 0.0718914 , 0.0717163
0.0492 , 0.0714136 , 0.0712374 , 0.0714502 , 0.0712748
0.0496 , 0.0709687 , 0.0707921 , 0.0710061 , 0.0708304
0.05 , 0.0705209 , 0.070344 , 0.0705592 , 0.0703832
0.0504 , 0.0700703 , 0.0698931 , 0.0701094 , 0.0699331
0.0508 , 0.0696168 , 0.0694393 , 0.0696569 , 0.0694803
0.0512 , 0.0691605 , 0.0689828 , 0.0692015 , 0.0690248
0.0516 , 0.0687015 , 0.0685236 , 0.0687434 , 0.0685664
0.052 , 0.0682397 , 0.0680616 , 0.0682826 , 0.0681054
0.0524 , 0.0677751 , 0.0675969 , 0.0678189 , 0.0676417
0.0528 , 0.0673078 , 0.0671294 , 0.0673526 , 0.0671752
0.0532 , 0.0668378 , 0.0666593 , 0.0668836 , 0.0667061
0.0536 , 0.0663651 , 0.0661865 , 0.0664119 , 0.0662343
0.054 , 0.0658897 , 0.0657111 , 0.0659376 , 0.0657599
0.0544 , 0.0654117 , 0.0652331 , 0.0654606 , 0.0652829
0.0548 , 0.0649311 , 0.0647524 , 0.0649809 , 0.0648033
0.0552 , 0.0644478 , 0.0642691 , 0.0644987 , 0.0643211
0.0556 , 0.0639619 , 0.0637833 , 0.0640139 , 0.0638364
0.056 , 0.0634735 , 0.063295 , 0.0635265 , 0.0633491
0.0564 , 0.0629824 , 0.062804 , 0.0630366 , 0.0628593
0.0568 , 0.0624889 , 0.0623106 , 0.0625442 , 0.062367
0.0572 , 0.0619928 , 0.0618147 , 0.0620492 , 0.0618722
0.0576 , 0.0614943 , 0.0613163 , 0.0615518 , 0.061375
0.058 , 0.0609932 , 0.0608155 , 0.0610519 , 0.0608753
0.0584 , 0.0604897 , 0.0603122 , 0.0605495 , 0.0603732
0.0588 , 0.0599838 , 0.0598065 , 0.0600448 , 0.0598687
0.0592 , 0.0594754 , 0.0592985 , 0.0595376 , 0.0593618
0.0596 , 0.0589646 , 0.058788 , 0.059028 , 0.0588526
0.06 , 0.0584515 , 0.0582752 , 0.0585161 , 0.058341
0.0604 , 0.057936 , 0.0577601 , 0.0580018 , 0.0578271
0.0608 , 0.0574181 , 0.0572427 , 0.0574852 , 0.0573109
0.0612 , 0.056898 , 0.0567229 , 0.0569663 , 0.0567925
0.0616 , 0.0563755 , 0.0562009 , 0.0564451 , 0.0562718
0.062 , 0.0558508 , 0.0556767 , 0.0559217 , 0.0557488
0.0624 , 0.0553238 , 0.0551502 , 0.055396 , 0.0552236
0.0628 , 0.0547946 , 0.0546215 , 0.0548681 , 0.0546963
0.0632 , 0.0542631 , 0.0540907 , 0.054338 , 0.0541668
0.0636 , 0.0537295 , 0.0535577 , 0.0538057 , 0.0536351
0.064 , 0.0531937 , 0.0530225 , 0.0532713 , 0.0531013
0.0644 , 0.0526558 , 0.0524852 , 0.0527347 , 0.0525654
0.0648 , 0.0521157 , 0.0519458 , 0.052196 , 0.0520274
0.0652 , 0.0515735 , 0.0514043 , 0.0516552 , 0.0514873
0.0656 , 0.0510293 , 0.0508608 , 0.0511124 , 0.0509452
0.066 , 0.0504829 , 0.0503153 , 0.0505675 , 0.0504011
0.0664 , 0.0499346 , 0.0497677 , 0.0500205 , 0.049855
0.0668 , 0.0493842 , 0.0492181 , 0.0494716 , 0.0493069
0.0672 , 0.0488318 , 0.0486666 , 0.0489207 , 0.0487568
0.0676 , 0.0482774 , 0.0481131 , 0.0483678 , 0.0482048
0.068 , 0.0477211 , 0.0475577 , 0.047813 , 0.0476509
0.0684 , 0.0471629 , 0.0470004 , 0.0472562 , 0.0470952
0.0688 , 0.0466027 , 0.0464412 , 0.0466976 , 0.0465375
0.0692 , 0.0460407 , 0.0458802 , 0.0461371 , 0.045978
0.0696 , 0.0454768 , 0.0453173 , 0.0455748 , 0.0454167
0.07 , 0.044911 , 0.0447526 , 0.0450106 , 0.0448536
0.0704 , 0.0443435 , 0.0441862 , 0.0444446 , 0.0442887
0.0708 , 0.0437741 , 0.0436179 , 0.0438768 , 0.0437221
0.0712 , 0.043203 , 0.0430479 , 0.0433073 , 0.0431537
0.0716 , 0.0426301 , 0.0424762 , 0.042736 , 0.0425836
0.072 , 0.0420555 , 0.0419028 , 0.0421631 , 0.0420118
0.0724 , 0.0414791 , 0.0413277 , 0.0415884 , 0.0414384
0.0728 , 0.0409011 , 0.040751 , 0.0410121 , 0.0408633
0.0732 , 0.0403215 , 0.0401726 , 0.0404341 , 0.0402866
0.0736 , 0.0397402 , 0.0395926 , 0.0398545 , 0.0397084
0.074 , 0.0391573 , 0.0390111 , 0.0392733 , 0.0391285
0.0744 , 0.0385728 , 0.0384279 , 0.0386905 , 0.0385471
0.0748 , 0.0379867 , 0.0378433 , 0.0381062 , 0.0379642
0.0752 , 0.0373991 , 0.0372571 , 0.0375203 , 0.0373798
0.0756 , 0.03681 , 0.0366694 , 0.036933 , 0.0367939
0.076 , 0.0362194 , 0.0360803 , 0.0363441 , 0.0362066
0.0764 , 0.0356273 , 0.0354897 , 0.0357538 , 0.0356178
0.0768 , 0.0350337 , 0.0348977 , 0.0351621 , 0.0350276
0.0772 , 0.0344387 , 0.0343044 , 0.0345689 , 0.034436
0.0776 , 0.0338424 , 0.0337096 , 0.0339744 , 0.0338431
0.078 , 0.0332446 , 0.0331135 , 0.0333785 , 0.0332489
0.0784 , 0.0326455 , 0.032516 , 0.0327812 , 0.0326533
0.0788 , 0.0320451 , 0.0319173 , 0.0321827 , 0.0320564
0.0792 , 0.0314434 , 0.0313173 , 0.0315828 , 0.0314583
0.0796 , 0.0308403 , 0.030716 , 0.0309817 , 0.030859
0.08 , 0.0302361 , 0.0301135 , 0.0303793 , 0.0302584
0.0804 , 0.0296305 , 0.0295098 , 0.0297758 , 0.0296566
0.0808 , 0.0290238 , 0.028905 , 0.029171 , 0.0290537
0.0812 , 0.0284159 , 0.0282989 , 0.028565 , 0.0284496
0.0816 , 0.0278068 , 0.0276918 , 0.0279579 , 0.0278444
0.082 , 0.0271966 , 0.0270835 , 0.0273497 , 0.0272381
0.0824 , 0.0265853 , 0.0264741 , 0.0267404 , 0.0266308
0.0828 , 0.0259729 , 0.0258637 , 0.02613 , 0.0260224
0.0832 , 0.0253595 , 0.0252523 , 0.0255186 , 0.025413
0.0836 , 0.024745 , 0.0246398 , 0.0249061 , 0.0248025
0.084 , 0.0241294 , 0.0240264 , 0.0242926 , 0.0241912
0.0844 , 0.0235129 , 0.023412 , 0.0236782 , 0.0235788
0.0848 , 0.0228954 , 0.0227966 , 0.0230628 , 0.0229655
0.0852 , 0.022277 , 0.0221804 , 0.0224465 , 0.0223514
0.0856 , 0.0216577 , 0.0215632 , 0.0218292 , 0.0217363
0.086 , 0.0210375 , 0.0209452 , 0.0212111 , 0.0211205
0.0864 , 0.0204164 , 0.0203264 , 0.0205922 , 0.0205037
0.0868 , 0.0197945 , 0.0197067 , 0.0199724 , 0.0198862
0.0872 , 0.0191717 , 0.0190863 , 0.0193518 , 0.0192679
0.0876 , 0.0185482 , 0.0184651 , 0.0187304 , 0.0186489
0.088 , 0.0179239 , 0.0178431 , 0.0181083 , 0.0180291
0.0884 , 0.0172988 , 0.0172205 , 0.0174854 , 0.0174087
0.0888 , 0.0166731 , 0.0165971 , 0.0168619 , 0.0167875
0.0892 , 0.0160466 , 0.0159731 , 0.0162376 , 0.0161657
0.0896 , 0.0154195 , 0.0153484 , 0.0156127 , 0.0155433
0.09 , 0.0147917 , 0.0147232 , 0.0149872 , 0.0149203
0.0904 , 0.0141633 , 0.0140973 , 0.0143611 , 0.0142967
0.0908 , 0.0135343 , 0.0134709 , 0.0137344 , 0.0136725
0.0912 , 0.0129048 , 0.012844 , 0.0131071 , 0.0130479
0.0916 , 0.0122747 , 0.0122165 , 0.0124793 , 0.0124227
0.092 , 0.0116441 , 0.0115885 , 0.011851 , 0.011797
0.0924 , 0.011013 , 0.0109601 , 0.0112222 , 0.0111709
0.0928 , 0.0103815 , 0.0103312 , 0.010593 , 0.0105444
0.0932 , 0.00974949 , 0.00970196 , 0.00996336 , 0.00991742
0.0936 , 0.00911708 , 0.0090723 , 0.0093333 , 0.00929011
0.094 , 0.00848428 , 0.00844227 , 0.00870286 , 0.00866244
0.0944 , 0.00785111 , 0.00781191 , 0.00807206 , 0.00803445
0.0948 , 0.00721761 , 0.00718124 , 0.00744094 , 0.00740615
0.0952 , 0.00658379 , 0.00655027 , 0.00680952 , 0.00677758
0.0956 , 0.00594968 , 0.00591905 , 0.00617782 , 0.00614876
0.096 , 0.00531531 , 0.00528759 , 0.00554587 , 0.00551972
0.0964 , 0.0046807 , 0.00465591 , 0.00491369 , 0.00489047
0.0968 , 0.00404588 , 0.00402405 , 0.00428131 , 0.00426104
0.0972 , 0.00341087 , 0.00339203 , 0.00364875 , 0.00363147
0.0976 , 0.0027757 , 0.00275988 , 0.00301604 , 0.00300177
0.098 , 0.00214039 , 0.00212761 , 0.00238321 , 0.00237197
0.0984 , 0.00150498 , 0.00149526 , 0.00175028 , 0.0017421
0.0988 , 0.000869473 , 0.000862845 , 0.00111727 , 0.00111218
0.0992 , 0.000233909 , 0.000230399 , 0.000484207 , 0.000482228
0.0996 , -0.000401689 , -0.000402056 , -0.000148877 , -0.000147719
0.1 , -0.0010373 , -0.0010345 , -0.00078196 , -0.00077764
0.1004 , -0.00167289 , -0.00166689 , -0.00141502 , -0.00140751
0.1008 , -0.00230844 , -0.00229922 , -0.00204802 , -0.0020373
0.1012 , -0.00294392 , -0.00293146 , -0.00268095 , -0.00266699
0.1016 , -0.00357931 , -0.00356359 , -0.00331378 , -0.00329656
0.102 , -0.00421459 , -0.00419556 , -0.00394647 , -0.00392597
0.1024 , -0.00484972 , -0.00482738 , -0.00457902 , -0.0045552
0.1028 , -0.00548468 , -0.00545899 , -0.00521139 , -0.00518424
0.1032 , -0.00611945 , -0.0060904 , -0.00584355 , -0.00581304
0.1036 , -0.00675399 , -0.00672155 , -0.00647549 , -0.0064416
0.104 , -0.0073883 , -0.00735244 , -0.00710717 , -0.00706987
0.1044 , -0.00802233 , -0.00798303 , -0.00773857 , -0.00769784
0.1048 , -0.00865607 , -0.00861331 , -0.00836967 , -0.00832549
0.1052 , -0.00928949 , -0.00924324 , -0.00900044 , -0.00895278
0.1056 , -0.00992256 , -0.0098728 , -0.00963085 , -0.00957969
0.106 , -0.0105553 , -0.010502 , -0.0102609 , -0.0102062
0.1064 , -0.0111876 , -0.0111307 , -0.0108905 , -0.0108323
0.1068 , -0.0118194 , -0.011759 , -0.0115197 , -0.0114579
0.1072 , -0.0124509 , -0.0123868 , -0.0121484 , -0.0120831
0.1076 , -0.0130818 , -0.0130142 , -0.0127767 , -0.0127077
0.108 , -0.0137123 , -0.013641 , -0.0134045 , -0.0133318
0.1084 , -0.0143422 , -0.0142673 , -0.0140317 , -0.0139554
0.1088 , -0.0149716 , -0.0148929 , -0.0146584 , -0.0145784
0.1092 , -0.0156004 , -0.015518 , -0.0152844 , -0.0152008
0.1096 , -0.0162287 , -0.0161425 , -0.0159099 , -0.0158225
0.11 , -0.0168562 , -0.0167664 , -0.0165348 , -0.0164436
0.1104 , -0.0174832 , -0.0173895 , -0.017159 , -0.017064
0.1108 , -0.0181095 , -0.018012 , -0.0177825 , -0.0176838
0.1112 , -0.018735 , -0.0186337 , -0.0184053 , -0.0183028
0.1116 , -0.0193599 , -0.0192547 , -0.0190273 , -0.018921
0.112 , -0.019984 , -0.019875 , -0.0196487 , -0.0195385
0.1124 , -0.0206073 , -0.0204944 , -0.0202692 , -0.0201551
0.1128 , -0.0212298 , -0.021113 , -0.0208889 , -0.020771
0.1132 , -0.0218515 , -0.0217308 , -0.0215078 , -0.021386
0.1136 , -0.0224724 , -0.0223477 , -0.0221259 , -0.0220001
0.114 , -0.0230923 , -0.0229637 , -0.022743 , -0.0226133
0.1144 , -0.0237114 , -0.0235788 , -0.0233593 , -0.0232256
0.1148 , -0.0243296 , -0.024193 , -0.0239746 , -0.0238369
0.1152 , -0.0249468 , -0.0248061 , -0.024589 , -0.0244473
0.1156 , -0.025563 , -0.0254183 , -0.0252024 , -0.0250567
0.116 , -0.0261782 , -0.0260295 , -0.0258148 , -0.025665
0.1164 , -0.0267925 , -0.0266396 , -0.0264261 , -0.0262723
0.1168 , -0.0274056 , -0.0272487 , -0.0270365 , -0.0268786
0.1172 , -0.0280177 , -0.0278567 , -0.0276457 , -0.0274837
0.1176 , -0.0286287 , -0.0284635 , -0.0282538 , -0.0280877
0.118 , -0.0292386 , -0.0290693 , -0.0288608 , -0.0286906
0.1184 , -0.0298473 , -0.0296738 , -0.0294667 , -0.0292923
0.1188 , -0.0304549 , -0.0302772 , -0.0300714 , -0.0298928
0.1192 , -0.0310612 , -0.0308794 , -0.0306749 , -0.0304921
0.1196 , -0.0316664 , -0.0314803 , -0.0312771 , -0.0310902
0.12 , -0.0322703 , -0.0320799 , -0.0318782 , -0.031687
0.1204 , -0.0328729 , -0.0326783 , -0.0324779 , -0.0322825
0.1208 , -0.0334743 , -0.0332754 , -0.0330764 , -0.0328767
0.1212 , -0.0340743 , -0.0338712 , -0.0336735 , -0.0334696
0.1216 , -0.034673 , -0.0344655 , -0.0342693 , -0.0340611
0.122 , -0.0352703 , -0.0350586 , -0.0348637 , -0.0346512
0.1224 , -0.0358663 , -0.0356502 , -0.0354568 , -0.03524
0.1228 , -0.0364608 , -0.0362403 , -0.0360484 , -0.0358273
0.1232 , -0.0370539 , -0.0368291 , -0.0366386 , -0.0364131
0.1236 , -0.0376456 , -0.0374163 , -0.0372273 , -0.0369975
0.124 , -0.0382357 , -0.0380021 , -0.0378146 , -0.0375804
0.1244 , -0.0388244 , -0.0385864 , -0.0384003 , -0.0381617
0.1248 , -0.0394115 , -0.0391691 , -0.0389845 , -0.0387415
0.1252 , -0.0399971 , -0.0397502 , -0.0395672 , -0.0393198
0.1256 , -0.0405811 , -0.0403297 , -0.0401482 , -0.0398964
0.126 , -0.0411634 , -0.0409077 , -0.0407277 , -0.0404714
0.1264 , -0.0417442 , -0.041484 , -0.0413055 , -0.0410448
0.1268 , -0.0423233 , -0.0420586 , -0.0418817 , -0.0416166
0.1272 , -0.0429008 , -0.0426315 , -0.0424563 , -0.0421866
0.1276 , -0.0434766 , -0.0432028 , -0.0430291 , -0.042755
0.128 , -0.0440506 , -0.0437723 , -0.0436002 , -0.0433216
0.1284 , -0.0446229 , -0.0443401 , -0.0441696 , -0.0438865
0.1288 , -0.0451935 , -0.0449061 , -0.0447372 , -0.0444496
0.1292 , -0.0457622 , -0.0454703 , -0.0453031 , -0.0450109
0.1296 , -0.0463292 , -0.0460327 , -0.0458671 , -0.0455703
0.13 , -0.0468943 , -0.0465932 , -0.0464293 , -0.046128
0.1304 , -0.0474576 , -0.0471519 , -0.0469896 , -0.0466838
0.1308 , -0.0480189 , -0.0477087 , -0.0475481 , -0.0472376
0.1312 , -0.0485784 , -0.0482635 , -0.0481046 , -0.0477896
0.1316 , -0.049136 , -0.0488165 , -0.0486593 , -0.0483397
0.132 , -0.0496916 , -0.0493675 , -0.049212 , -0.0488878
0.1324 , -0.0502453 , -0.0499165 , -0.0497627 , -0.0494339
0.1328 , -0.050797 , -0.0504635 , -0.0503115 , -0.0499781
0.1332 , -0.0513467 , -0.0510085 , -0.0508582 , -0.0505202
0.1336 , -0.0518943 , -0.0515515 , -0.051403 , -0.0510603
0.134 , -0.0524399 , -0.0520924 , -0.0519456 , -0.0515983
0.1344 , -0.0529834 , -0.0526312 , -0.0524862 , -0.0521342
0.1348 , -0.0535248 , -0.053168 , -0.0530247 , -0.0526681
0.1352 , -0.0540641 , -0.0537025 , -0.0535611 , -0.0531998
0.1356 , -0.0546012 , -0.054235 , -0.0540953 , -0.0537293
0.136 , -0.0551362 , -0.0547653 , -0.0546274 , -0.0542567
0.1364 , -0.055669 , -0.0552933 , -0.0551573 , -0.054782
0.1368 , -0.0561996 , -0.0558192 , -0.055685 , -0.055305
0.1372 , -0.056728 , -0.0563428 , -0.0562105 , -0.0558257
0.1376 , -0.0572541 , -0.0568642 , -0.0567337 , -0.0563443
0.138 , -0.0577779 , -0.0573833 , -0.0572547 , -0.0568605
0.1384 , -0.0582995 , -0.0579001 , -0.0577734 , -0.0573745
0.1388 , -0.0588188 , -0.0584146 , -0.0582898 , -0.0578862
0.1392 , -0.0593357 , -0.0589268 , -0.0588038 , -0.0583955
0.1396 , -0.0598502 , -0.0594366 , -0.0593155 , -0.0589025
0.14 , -0.0603624 , -0.059944 , -0.0598248 , -0.0594071
0.1404 , -0.0608722 , -0.0604491 , -0.0603318 , -0.0599093
0.1408 , -0.0613796 , -0.0609517 , -0.0608363 , -0.0604091
0.1412 , -0.0618846 , -0.0614518 , -0.0613384 , -0.0609064
0.1416 , -0.0623871 , -0.0619496 , -0.0618381 , -0.0614013
0.142 , -0.0628871 , -0.0624448 , -0.0623353 , -0.0618938
0.1424 , -0.0633846 , -0.0629375 , -0.06283 , -0.0623837
0.1428 , -0.0638796 , -0.0634278 , -0.0633221 , -0.0628712
0.1432 , -0.0643721 , -0.0639154 , -0.0638118 , -0.0633561
0.1436 , -0.064862 , -0.0644006 , -0.0642989 , -0.0638384
0.144 , -0.0653493 , -0.0648831 , -0.0647835 , -0.0643182
0.1444 , -0.0658341 , -0.0653631 , -0.0652654 , -0.0647954
0.1448 , -0.0663162 , -0.0658404 , -0.0657448 , -0.06527
0.1452 , -0.0667957 , -0.0663151 , -0.0662215 , -0.065742
0.1456 , -0.0672726 , -0.0667872 , -0.0666955 , -0.0662113
0.146 , -0.0677467 , -0.0672566 , -0.067167 , -0.066678
0.1464 , -0.0682182 , -0.0677233 , -0.0676357 , -0.0671419
0.1468 , -0.068687 , -0.0681872 , -0.0681017 , -0.0676032
0.1472 , -0.069153 , -0.0686485 , -0.068565 , -0.0680618
0.1476 , -0.0696163 , -0.069107 , -0.0690256 , -0.0685176
0.148 , -0.0700769 , -0.0695628 , -0.0694834 , -0.0689707
0.1484 , -0.0705346 , -0.0700157 , -0.0699384 , -0.069421
0.1488 , -0.0709896 , -0.0704659 , -0.0703907 , -0.0698685
0.1492 , -0.0714417 , -0.0709132 , -0.0708401 , -0.0703132
0.1496 , -0.071891 , -0.0713577 , -0.0712867 , -0.070755
0.15 , -0.0723374 , -0.0717994 , -0.0717305 , -0.071194
0.1504 , -0.072781 , -0.0722382 , -0.0721713 , -0.0716302
0.1508 , -0.0732216 , -0.0726741 , -0.0726093 , -0.0720635
0.1512 , -0.0736594 , -0.073107 , -0.0730444 , -0.0724939
0.1516 , -0.0740942 , -0.0735371 , -0.0734766 , -0.0729213
0.152 , -0.074526 , -0.0739642 , -0.0739059 , -0.0733459
0.1524 , -0.074955 , -0.0743884 , -0.0743322 , -0.0737675
0.1528 , -0.0753809 , -0.0748096 , -0.0747555 , -0.0741861
0.1532 , -0.0758038 , -0.0752278 , -0.0751758 , -0.0746018
0.1536 , -0.0762237 , -0.075643 , -0.0755932 , -0.0750144
0.154 , -0.0766406 , -0.0760551 , -0.0760075 , -0.075424
0.1544 , -0.0770544 , -0.0764642 , -0.0764187 , -0.0758306
0.1548 , -0.0774652 , -0.0768703 , -0.076827 , -0.0762342
0.1552 , -0.0778729 , -0.0772733 , -0.0772321 , -0.0766347
0.1556 , -0.0782775 , -0.0776732 , -0.0776342 , -0.0770321
0.156 , -0.0786789 , -0.0780699 , -0.0780332 , -0.0774265
0.1564 , -0.0790773 , -0.0784636 , -0.078429 , -0.0778177
0.1568 , -0.0794725 , -0.0788541 , -0.0788217 , -0.0782058
0.1572 , -0.0798645 , -0.0792415 , -0.0792113 , -0.0785907
0.1576 , -0.0802533 , -0.0796257 , -0.0795977 , -0.0789725
0.158 , -0.080639 , -0.0800067 , -0.0799809 , -0.0793511
0.1584 , -0.0810214 , -0.0803845 , -0.0803609 , -0.0797266
0.1588 , -0.0814007 , -0.0807591 , -0.0807377 , -0.0800988
0.1592 , -0.0817766 , -0.0811305 , -0.0811113 , -0.0804678
0.1596 , -0.0821494 , -0.0814986 , -0.0814816 , -0.0808336
0.16 , -0.0825188 , -0.0818635 , -0.0818487 , -0.0811962
0.1604 , -0.082885 , -0.0822251 , -0.0822125 , -0.0815555
0.1608 , -0.0832478 , -0.0825834 , -0.0825731 , -0.0819115
0.1612 , -0.0836074 , -0.0829384 , -0.0829303 , -0.0822642
0.1616 , -0.0839636 , -0.0832901 , -0.0832842 , -0.0826136
0.162 , -0.0843165 , -0.0836384 , -0.0836348 , -0.0829597
0.1624 , -0.084666 , -0.0839834 , -0.083982 , -0.0833025
0.1628 , -0.0850121 , -0.084325 , -0.0843259 , -0.0836419
0.1632 , -0.0853549 , -0.0846633 , -0.0846664 , -0.083978
0.1636 , -0.0856943 , -0.0849982 , -0.0850036 , -0.0843107
0.164 , -0.0860302 , -0.0853297 , -0.0853373 , -0.08464
0.1644 , -0.0863627 , -0.0856578 , -0.0856676 , -0.084966
0.1648 , -0.0866918 , -0.0859824 , -0.0859945 , -0.0852885
0.1652 , -0.0870174 , -0.0863036 , -0.086318 , -0.0856076
0.1656 , -0.0873396 , -0.0866214 , -0.086638 , -0.0859233
0.166 , -0.0876582 , -0.0869356 , -0.0869546 , -0.0862355
0.1664 , -0.0879734 , -0.0872465 , -0.0872676 , -0.0865442
0.1668 , -0.0882851 , -0.0875538 , -0.0875772 , -0.0868495
0.1672 , -0.0885932 , -0.0878576 , -0.0878833 , -0.0871513
0.1676 , -0.0888979 , -0.0881579 , -0.0881859 , -0.0874496
0.168 , -0.0891989 , -0.0884547 , -0.0884849 , -0.0877444
0.1684 , -0.0894965 , -0.0887479 , -0.0887804 , -0.0880357
0.1688 , -0.0897904 , -0.0890376 , -0.0890724 , -0.0883235
0.1692 , -0.0900808 , -0.0893237 , -0.0893608 , -0.0886077
0.1696 , -0.0903676 , -0.0896063 , -0.0896456 , -0.0888883
0.17 , -0.0906507 , -0.0898853 , -0.0899269 , -0.0891654
0.1704 , -0.0909303 , -0.0901606 , -0.0902045 , -0.0894389
0.1708 , -0.0912062 , -0.0904324 , -0.0904786 , -0.0897089
0.1712 , -0.0914785 , -0.0907005 , -0.090749 , -0.0899752
0.1716 , -0.0917472 , -0.0909651 , -0.0910158 , -0.0902379
0.172 , -0.0920122 , -0.091226 , -0.091279 , -0.090497
0.1724 , -0.0922735 , -0.0914832 , -0.0915385 , -0.0907525
0.1728 , -0.0925311 , -0.0917368 , -0.0917943 , -0.0910043
0.1732 , -0.0927851 , -0.0919867 , -0.0920465 , -0.0912525
0.1736 , -0.0930354 , -0.0922329 , -0.092295 , -0.0914971
0.174 , -0.0932819 , -0.0924754 , -0.0925398 , -0.0917379
0.1744 , -0.0935247 , -0.0927143 , -0.0927809 , -0.0919751
0.1748 , -0.0937638 , -0.0929494 , -0.0930183 , -0.0922086
0.1752 , -0.0939991 , -0.0931808 , -0.093252 , -0.0924384
0.1756 , -0.0942307 , -0.0934085 , -0.093482 , -0.0926645
0.176 , -0.0944586 , -0.0936325 , -0.0937082 , -0.0928869
0.1764 , -0.0946826 , -0.0938527 , -0.0939307 , -0.0931056
0.1768 , -0.0949029 , -0.0940691 , -0.0941494 , -0.0933205
0.1772 , -0.0951194 , -0.0942818 , -0.0943643 , -0.0935317
0.1776 , -0.0953321 , -0.0944907 , -0.0945755 , -0.0937392
0.178 , -0.095541 , -0.0946959 , -0.0947829 , -0.0939429
0.1784 , -0.0957461 , -0.0948972 , -0.0949865 , -0.0941428
0.1788 , -0.0959474 , -0.0950948 , -0.0951863 , -0.0943389
0.1792 , -0.0961448 , -0.0952885 , -0.0953823 , -0.0945313
0.1796 , -0.0963384 , -0.0954784 , -0.0955745 , -0.0947199
0.18 , -0.0965282 , -0.0956646 , -0.0957629 , -0.0949047
0.1804 , -0.0967141 , -0.0958468 , -0.0959475 , -0.0950857
0.1808 , -0.0968961 , -0.0960253 , -0.0961282 , -0.0952629
0.1812 , -0.0970743 , -0.0961999 , -0.096305 , -0.0954362
0.1816 , -0.0972485 , -0.0963707 , -0.096478 , -0.0956058
0.182 , -0.097419 , -0.0965376 , -0.0966472 , -0.0957715
0.1824 , -0.0975855 , -0.0967007 , -0.0968125 , -0.0959334
0.1828 , -0.0977481 , -0.0968598 , -0.0969739 , -0.0960914
0.1832 , -0.0979068 , -0.0970152 , -0.0971314 , -0.0962456
0.1836 , -0.0980616 , -0.0971666 , -0.0972851 , -0.0963959
0.184 , -0.0982125 , -0.0973141 , -0.0974348 , -0.0965424
0.1844 , -0.0983595 , -0.0974578 , -0.0975807 , -0.096685
0.1848 , -0.0985025 , -0.0975975 , -0.0977227 , -0.0968237
0.1852 , -0.0986416 , -0.0977334 , -0.0978607 , -0.0969586
0.1856 , -0.0987768 , -0.0978653 , -0.0979949 , -0.0970895
0.186 , -0.098908 , -0.0979933 , -0.0981251 , -0.0972166
0.1864 , -0.0990353 , -0.0981174 , -0.0982514 , -0.0973398
0.1868 , -0.0991586 , -0.0982376 , -0.0983738 , -0.0974591
0.1872 , -0.099278 , -0.0983539 , -0.0984922 , -0.0975745
0.1876 , -0.0993933 , -0.0984662 , -0.0986067 , -0.097686
0.188 , -0.0995048 , -0.0985746 , -0.0987173 , -0.0977936
0.1884 , -0.0996122 , -0.098679 , -0.0988239 , -0.0978972
0.1888 , -0.0997157 , -0.0987795 , -0.0989266 , -0.097997
0.1892 , -0.0998151 , -0.098876 , -0.0990253 , -0.0980928
0.1896 , -0.0999106 , -0.0989686 , -0.09912 , -0.0981847
0.19 , -0.100002 , -0.0990572 , -0.0992108 , -0.0982726
0.1904 , -0.10009 , -0.0991419 , -0.0992976 , -0.0983567
0.1908 , -0.100173 , -0.0992226 , -0.0993804 , -0.0984368
0.1912 , -0.100253 , -0.0992993 , -0.0994593 , -0.0985129
0.1916 , -0.100328 , -0.0993721 , -0.0995342 , -0.0985851
0.192 , -0.1004 , -0.0994408 , -0.0996051 , -0.0986534
0.1924 , -0.100467 , -0.0995056 , -0.099672 , -0.0987177
0.1928 , -0.10053 , -0.0995664 , -0.099735 , -0.0987781
0.1932 , -0.10059 , -0.0996233 , -0.0997939 , -0.0988345
0.1936 , -0.100645 , -0.0996761 , -0.0998489 , -0.0988869
0.194 , -0.100697 , -0.099725 , -0.0998998 , -0.0989354
0.1944 , -0.100744 , -0.0997699 , -0.0999468 , -0.09898
0.1948 , -0.100787 , -0.0998108 , -0.0999898 , -0.0990205
0.1952 , -0.100827 , -0.0998477 , -0.100029 , -0.0990572
0.1956 , -0.100862 , -0.0998806 , -0.100064 , -0.0990898
0.196 , -0.100893 , -0.0999095 , -0.100095 , -0.0991185
0.1964 , -0.10092 , -0.0999344 , -0.100122 , -0.0991432
0.1968 , -0.100944 , -0.0999553 , -0.100145 , -0.099164
0.1972 , -0.100963 , -0.0999722 , -0.100164 , -0.0991808
0.1976 , -0.100978 , -0.0999851 , -0.100178 , -0.0991936
0.198 , -0.100989 , -0.099994 , -0.100189 , -0.0992024
0.1984 , -0.100996 , -0.0999989 , -0.100196 , -0.0992073
0.1988 , -0.100999 , -0.0999999 , -0.100199 , -0.0992082
0.1992 , -0.100998 , -0.0999968 , -0.100198 , -0.0992052
0.1996 , -0.100993 , -0.0999897 , -0.100193 , -0.0991982
0.2 , -0.100983 , -0.0999786 , -0.100184 , -0.0991872
0.2004 , -0.10097 , -0.0999635 , -0.100171 , -0.0991722
0.2008 , -0.100953 , -0.0999444 , -0.100154 , -0.0991533
0.2012 , -0.100932 , -0.0999213 , -0.100133 , -0.0991304
0.2016 , -0.100906 , -0.0998943 , -0.100108 , -0.0991036
0.202 , -0.100877 , -0.0998632 , -0.100078 , -0.0990728
0.2024 , -0.100844 , -0.0998281 , -0.100045 , -0.099038
0.2028 , -0.100806 , -0.0997891 , -0.100008 , -0.0989992
0.2032 , -0.100765 , -0.099746 , -0.099967 , -0.0989565
0.2036 , -0.100719 , -0.099699 , -0.0999219 , -0.0989099
0.204 , -0.10067 , -0.0996479 , -0.0998727 , -0.0988593
0.2044 , -0.100616 , -0.0995929 , -0.0998196 , -0.0988047
0.2048 , -0.100559 , -0.0995339 , -0.0997625 , -0.0987462
0.2052 , -0.100497 , -0.0994709 , -0.0997014 , -0.0986838
0.2056 , -0.100432 , -0.099404 , -0.0996363 , -0.0986174
0.206 , -0.100362 , -0.0993331 , -0.0995672 , -0.098547
0.2064 , -0.100288 , -0.0992581 , -0.0994941 , -0.0984727
0.2068 , -0.100211 , -0.0991793 , -0.0994171 , -0.0983945
0.2072 , -0.100129 , -0.0990964 , -0.0993361 , -0.0983124
0.2076 , -0.100043 , -0.0990096 , -0.0992511 , -0.0982263
0.208 , -0.0999537 , -0.0989188 , -0.0991621 , -0.0981363
0.2084 , -0.09986 , -0.0988241 , -0.0990691 , -0.0980423
0.2088 , -0.0997623 , -0.0987254 , -0.0989722 , -0.0979445
0.2092 , -0.0996606 , -0.0986228 , -0.0988714 , -0.0978427
0.2096 , -0.0995549 , -0.0985162 , -0.0987666 , -0.097737
0.21 , -0.0994453 , -0.0984057 , -0.0986578 , -0.0976275
0.2104 , -0.0993316 , -0.0982913 , -0.0985451 , -0.097514
0.2108 , -0.099214 , -0.0981729 , -0.0984284 , -0.0973966
0.2112 , -0.0990924 , -0.0980506 , -0.0983078 , -0.0972753
0.2116 , -0.0989669 , -0.0979243 , -0.0981833 , -0.0971502
0.212 , -0.0988373 , -0.0977942 , -0.0980548 , -0.0970211
0.2124 , -0.0987039 , -0.0976601 , -0.0979224 , -0.0968882
0.2128 , -0.0985664 , -0.0975221 , -0.0977861 , -0.0967514
0.2132 , -0.098425 , -0.0973803 , -0.0976459 , -0.0966108
0.2136 , -0.0982797 , -0.0972345 , -0.0975018 , -0.0964662
0.214 , -0.0981305 , -0.0970849 , -0.0973538 , -0.0963179
0.2144 , -0.0979773 , -0.0969313 , -0.0972019 , -0.0961657
0.2148 , -0.0978201 , -0.0967739 , -0.0970461 , -0.0960096
0.2152 , -0.0976591 , -0.0966126 , -0.0968864 , -0.0958497
0.2156 , -0.0974942 , -0.0964475 , -0.0967228 , -0.095686
0.216 , -0.0973253 , -0.0962785 , -0.0965554 , -0.0955184
0.2164 , -0.0971525 , -0.0961056 , -0.0963841 , -0.0953471
0.2168 , -0.0969759 , -0.0959289 , -0.0962089 , -0.0951719
0.2172 , -0.0967953 , -0.0957484 , -0.0960299 , -0.0949929
0.2176 , -0.0966109 , -0.095564 , -0.0958471 , -0.0948102
0.218 , -0.0964226 , -0.0953758 , -0.0956604 , -0.0946236
0.2184 , -0.0962305 , -0.0951838 , -0.0954699 , -0.0944333
0.2188 , -0.0960345 , -0.094988 , -0.0952755 , -0.0942392
0.2192 , -0.0958346 , -0.0947884 , -0.0950774 , -0.0940413
0.2196 , -0.0956309 , -0.094585 , -0.0948755 , -0.0938397
0.22 , -0.0954234 , -0.0943778 , -0.0946697 , -0.0936343
0.2204 , -0.095212 , -0.0941668 , -0.0944602 , -0.0934252
0.2208 , -0.0949969 , -0.0939521 , -0.0942469 , -0.0932124
0.2212 , -0.0947779 , -0.0937336 , -0.0940298 , -0.0929959
0.2216 , -0.0945551 , -0.0935114 , -0.0938089 , -0.0927756
0.222 , -0.0943285 , -0.0932854 , -0.0935843 , -0.0925516
0.2224 , -0.0940982 , -0.0930557 , -0.093356 , -0.0923239
0.2228 , -0.093864 , -0.0928222 , -0.0931239 , -0.0920926
0.2232 , -0.0936261 , -0.0925851 , -0.0928881 , -0.0918576
0.2236 , -0.0933845 , -0.0923442 , -0.0926486 , -0.0916189
0.224 , -0.0931391 , -0.0920997 , -0.0924053 , -0.0913765
0.2244 , -0.09289 , -0.0918515 , -0.0921584 , -0.0911305
0.2248 , -0.0926371 , -0.0915996 , -0.0919078 , -0.0908809
0.2252 , -0.0923805 , -0.091344 , -0.0916535 , -0.0906276
0.2256 , -0.0921203 , -0.0910848 , -0.0913955 , -0.0903707
0.226 , -0.0918563 , -0.0908219 , -0.0911339 , -0.0901102
0.2264 , -0.0915886 , -0.0905554 , -0.0908686 , -0.0898462
0.2268 , -0.0913173 , -0.0902853 , -0.0905997 , -0.0895785
0.2272 , -0.0910423 , -0.0900116 , -0.0903271 , -0.0893072
0.2276 , -0.0907637 , -0.0897343 , -0.090051 , -0.0890324
0.228 , -0.0904814 , -0.0894533 , -0.0897712 , -0.0887541
0.2284 , -0.0901955 , -0.0891689 , -0.0894879 , -0.0884722
0.2288 , -0.0899059 , -0.0888808 , -0.0892009 , -0.0881867
0.2292 , -0.0896128 , -0.0885892 , -0.0889104 , -0.0878978
0.2296 , -0.089316 , -0.088294 , -0.0886164 , -0.0876053
0.23 , -0.0890157 , -0.0879953 , -0.0883188 , -0.0873094
0.2304 , -0.0887118 , -0.0876931 , -0.0880176 , -0.0870099
0.2308 , -0.0884043 , -0.0873874 , -0.087713 , -0.086707
0.2312 , -0.0880933 , -0.0870782 , -0.0874048 , -0.0864007
0.2316 , -0.0877788 , -0.0867655 , -0.0870931 , -0.0860909
0.232 , -0.0874607 , -0.0864493 , -0.086778 , -0.0857776
0.2324 , -0.0871391 , -0.0861297 , -0.0864593 , -0.085461
0.2328 , -0.0868141 , -0.0858066 , -0.0861372 , -0.0851409
0.2332 , -0.0864855 , -0.0854801 , -0.0858117 , -0.0848174
0.2336 , -0.0861535 , -0.0851502 , -0.0854827 , -0.0844906
0.234 , -0.085818 , -0.0848168 , -0.0851503 , -0.0841604
0.2344 , -0.085479 , -0.0844801 , -0.0848145 , -0.0838268
0.2348 , -0.0851367 , -0.08414 , -0.0844753 , -0.0834899
0.2352 , -0.0847909 , -0.0837965 , -0.0841327 , -0.0831496
0.2356 , -0.0844417 , -0.0834497 , -0.0837867 , -0.0828061
0.236 , -0.0840891 , -0.0830996 , -0.0834374 , -0.0824592
0.2364 , -0.0837331 , -0.0827461 , -0.0830848 , -0.0821091
0.2368 , -0.0833738 , -0.0823893 , -0.0827288 , -0.0817556
0.2372 , -0.0830111 , -0.0820292 , -0.0823695 , -0.0813989
0.2376 , -0.0826451 , -0.0816658 , -0.0820069 , -0.081039
0.238 , -0.0822757 , -0.0812992 , -0.0816411 , -0.0806759
0.2384 , -0.0819031 , -0.0809293 , -0.0812719 , -0.0803095
0.2388 , -0.0815272 , -0.0805562 , -0.0808995 , -0.0799399
0.2392 , -0.081148 , -0.0801798 , -0.0805239 , -0.0795672
0.2396 , -0.0807655 , -0.0798003 , -0.080145 , -0.0791912
0.24 , -0.0803798 , -0.0794175 , -0.079763 , -0.0788122
0.2404 , -0.0799908 , -0.0790316 , -0.0793777 , -0.0784299
0.2408 , -0.0795987 , -0.0786425 , -0.0789893 , -0.0780446
0.2412 , -0.0792033 , -0.0782503 , -0.0785977 , -0.0776561
0.2416 , -0.0788048 , -0.0778549 , -0.078203 , -0.0772646
0.242 , -0.078403 , -0.0774565 , -0.0778051 , -0.0768699
0.2424 , -0.0779982 , -0.0770549 , -0.0774041 , -0.0764723
0.2428 , -0.0775902 , -0.0766502 , -0.077 , -0.0760715
0.2432 , -0.0771791 , -0.0762425 , -0.0765928 , -0.0756677
0.2436 , -0.0767648 , -0.0758318 , -0.0761826 , -0.075261
0.244 , -0.0763475 , -0.075418 , -0.0757693 , -0.0748512
0.2444 , -0.0759271 , -0.0750011 , -0.075353 , -0.0744384
0.2448 , -0.0755037 , -0.0745813 , -0.0749336 , -0.0740227
0.2452 , -0.0750772 , -0.0741585 , -0.0745113 , -0.073604
0.2456 , -0.0746477 , -0.0737327 , -0.0740859 , -0.0731824
0.246 , -0.0742152 , -0.073304 , -0.0736577 , -0.0727579
0.2464 , -0.0737797 , -0.0728724 , -0.0732264 , -0.0723305
0.2468 , -0.0733413 , -0.0724378 , -0.0727922 , -0.0719002
0.2472 , -0.0728999 , -0.0720003 , -0.0723551 , -0.0714671
0.2476 , -0.0724556 , -0.07156 , -0.0719152 , -0.0710311
0.248 , -0.0720083 , -0.0711168 , -0.0714723 , -0.0705922
0.2484 , -0.0715582 , -0.0706707 , -0.0710266 , -0.0701506
0.2488 , -0.0711051 , -0.0702219 , -0.070578 , -0.0697062
0.2492 , -0.0706492 , -0.0697702 , -0.0701266 , -0.069259
0.2496 , -0.0701905 , -0.0693157 , -0.0696724 , -0.068809
0.25 , -0.0697289 , -0.0688585 , -0.0692154 , -0.0683563
0.2504 , -0.0692646 , -0.0683985 , -0.0687556 , -0.0679009
0.2508 , -0.0687974 , -0.0679357 , -0.0682931 , -0.0674428
0.2512 , -0.0683275 , -0.0674703 , -0.0678278 , -0.066982
0.2516 , -0.0678548 , -0.0670021 , -0.0673598 , -0.0665185
0.252 , -0.0673794 , -0.0665313 , -0.0668891 , -0.0660524
0.2524 , -0.0669012 , -0.0660578 , -0.0664158 , -0.0655837
0.2528 , -0.0664204 , -0.0655816 , -0.0659398 , -0.0651123
0.2532 , -0.0659369 , -0.0651029 , -0.0654611 , -0.0646384
0.2536 , -0.0654507 , -0.0646215 , -0.0649798 , -0.0641619
0.254 , -0.0649619 , -0.0641375 , -0.0644959 , -0.0636828
0.2544 , -0.0644705 , -0.063651 , -0.0640095 , -0.0632012
0.2548 , -0.0639765 , -0.063162 , -0.0635204 , -0.0627171
0.2552 , -0.0634799 , -0.0626704 , -0.0630288 , -0.0622305
0.2556 , -0.0629808 , -0.0621763 , -0.0625347 , -0.0617415
0.256 , -0.0624791 , -0.0616797 , -0.0620381 , -0.0612499
0.2564 , -0.0619749 , -0.0611806 , -0.061539 , -0.060756
0.2568 , -0.0614682 , -0.0606791 , -0.0610375 , -0.0602596
0.2572 , -0.060959 , -0.0601752 , -0.0605335 , -0.0597609
0.2576 , -0.0604473 , -0.0596689 , -0.060027 , -0.0592597
0.258 , -0.0599333 , -0.0591602 , -0.0595182 , -0.0587562
0.2584 , -0.0594168 , -0.0586491 , -0.059007 , -0.0582504
0.2588 , -0.0588979 , -0.0581356 , -0.0584934 , -0.0577423
0.2592 , -0.0583766 , -0.0576199 , -0.0579775 , -0.0572318
0.2596 , -0.0578529 , -0.0571018 , -0.0574592 , -0.0567191
0.26 , -0.057327 , -0.0565815 , -0.0569387 , -0.0562042
0.2604 , -0.0567987 , -0.0560589 , -0.0564158 , -0.055687
0.2608 , -0.0562681 , -0.055534 , -0.0558907 , -0.0551676
0.2612 , -0.0557353 , -0.055007 , -0.0553634 , -0.054646
0.2616 , -0.0552002 , -0.0544777 , -0.0548338 , -0.0541222
0.262 , -0.0546629 , -0.0539462 , -0.0543021 , -0.0535963
0.2624 , -0.0541233 , -0.0534126 , -0.0537682 , -0.0530683
0.2628 , -0.0535816 , -0.0528769 , -0.0532321 , -0.0525381
0.2632 , -0.0530377 , -0.052339 , -0.0526939 , -0.0520059
0.2636 , -0.0524917 , -0.0517991 , -0.0521535 , -0.0514716
0.264 , -0.0519435 , -0.051257 , -0.0516111 , -0.0509353
0.2644 , -0.0513933 , -0.0507129 , -0.0510666 , -0.0503969
0.2648 , -0.050841 , -0.0501668 , -0.0505201 , -0.0498566
0.2652 , -0.0502866 , -0.0496187 , -0.0499715 , -0.0493142
0.2656 , -0.0497302 , -0.0490686 , -0.049421 , -0.04877
0.266 , -0.0491717 , -0.0485166 , -0.0488684 , -0.0482237
0.2664 , -0.0486113 , -0.0479626 , -0.0483139 , -0.0476756
0.2668 , -0.0480489 , -0.0474067 , -0.0477575 , -0.0471256
0.2672 , -0.0474846 , -0.0468488 , -0.0471991 , -0.0465737
0.2676 , -0.0469183 , -0.0462891 , -0.0466389 , -0.04602
0.268 , -0.0463502 , -0.0457276 , -0.0460767 , -0.0454644
0.2684 , -0.0457802 , -0.0451642 , -0.0455128 , -0.0449071
0.2688 , -0.0452083 , -0.0445991 , -0.044947 , -0.0443479
0.2692 , -0.0446346 , -0.0440321 , -0.0443794 , -0.043787
0.2696 , -0.0440591 , -0.0434634 , -0.04381 , -0.0432244
0.27 , -0.0434817 , -0.0428929 , -0.0432389 , -0.0426601
0.2704 , -0.0429027 , -0.0423207 , -0.042666 , -0.0420941
0.2708 , -0.0423219 , -0.0417469 , -0.0420914 , -0.0415264
0.2712 , -0.0417393 , -0.0411713 , -0.0415152 , -0.0409571
0.2716 , -0.0411551 , -0.0405941 , -0.0409372 , -0.0403861
0.272 , -0.0405692 , -0.0400153 , -0.0403577 , -0.0398136
0.2724 , -0.0399817 , -0.0394349 , -0.0397765 , -0.0392394
0.2728 , -0.0393926 , -0.0388529 , -0.0391937 , -0.0386638
0.2732 , -0.0388018 , -0.0382694 , -0.0386093 , -0.0380866
0.2736 , -0.0382095 , -0.0376843 , -0.0380234 , -0.0375079
0.274 , -0.0376156 , -0.0370977 , -0.037436 , -0.0369277
0.2744 , -0.0370202 , -0.0365097 , -0.0368471 , -0.036346
0.2748 , -0.0364233 , -0.0359202 , -0.0362566 , -0.035763
0.2752 , -0.0358249 , -0.0353292 , -0.0356648 , -0.0351785
0.2756 , -0.035225 , -0.0347368 , -0.0350715 , -0.0345926
0.276 , -0.0346237 , -0.0341431 , -0.0344768 , -0.0340053
0.2764 , -0.034021 , -0.0335479 , -0.0338807 , -0.0334167
0.2768 , -0.033417 , -0.0329515 , -0.0332832 , -0.0328268
0.2772 , -0.0328115 , -0.0323537 , -0.0326844 , -0.0322356
0.2776 , -0.0322047 , -0.0317546 , -0.0320843 , -0.0316432
0.278 , -0.0315966 , -0.0311542 , -0.0314829 , -0.0310495
0.2784 , -0.0309873 , -0.0305526 , -0.0308803 , -0.0304545
0.2788 , -0.0303766 , -0.0299498 , -0.0302764 , -0.0298584
0.2792 , -0.0297647 , -0.0293458 , -0.0296713 , -0.0292611
0.2796 , -0.0291516 , -0.0287406 , -0.029065 , -0.0286626
0.28 , -0.0285374 , -0.0281343 , -0.0284575 , -0.028063
0.2804 , -0.0279219 , -0.0275268 , -0.0278489 , -0.0274623
0.2808 , -0.0273053 , -0.0269182 , -0.0272392 , -0.0268605
0.2812 , -0.0266876 , -0.0263086 , -0.0266284 , -0.0262577
0.2816 , -0.0260688 , -0.0256979 , -0.0260165 , -0.0256539
0.282 , -0.0254489 , -0.0250861 , -0.0254035 , -0.025049
0.2824 , -0.024828 , -0.0244734 , -0.0247896 , -0.0244431
0.2828 , -0.0242061 , -0.0238597 , -0.0241746 , -0.0238363
0.2832 , -0.0235832 , -0.023245 , -0.0235587 , -0.0232286
0.2836 , -0.0229593 , -0.0226294 , -0.0229418 , -0.0226199
0.284 , -0.0223344 , -0.0220129 , -0.022324 , -0.0220104
0.2844 , -0.0217087 , -0.0213956 , -0.0217053 , -0.0214
0.2848 , -0.021082 , -0.0207773 , -0.0210857 , -0.0207888
0.2852 , -0.0204545 , -0.0201583 , -0.0204653 , -0.0201767
0.2856 , -0.0198261 , -0.0195384 , -0.0198441 , -0.0195639
0.286 , -0.019197 , -0.0189177 , -0.019222 , -0.0189503
0.2864 , -0.018567 , -0.0182963 , -0.0185992 , -0.0183359
0.2868 , -0.0179363 , -0.0176742 , -0.0179757 , -0.0177209
0.2872 , -0.0173048 , -0.0170513 , -0.0173514 , -0.0171052
0.2876 , -0.0166726 , -0.0164278 , -0.0167264 , -0.0164888
0.288 , -0.0160397 , -0.0158036 , -0.0161007 , -0.0158717
0.2884 , -0.0154061 , -0.0151788 , -0.0154744 , -0.0152541
0.2888 , -0.0147719 , -0.0145534 , -0.0148475 , -0.0146358
0.2892 , -0.0141371 , -0.0139274 , -0.0142199 , -0.014017
0.2896 , -0.0135017 , -0.0133008 , -0.0135918 , -0.0133976
0.29 , -0.0128657 , -0.0126737 , -0.0129632 , -0.0127778
0.2904 , -0.0122292 , -0.0120461 , -0.012334 , -0.0121574
0.2908 , -0.0115922 , -0.011418 , -0.0117043 , -0.0115366
0.2912 , -0.0109547 , -0.0107895 , -0.0110742 , -0.0109153
0.2916 , -0.0103167 , -0.0101605 , -0.0104436 , -0.0102936
0.292 , -0.00967827 , -0.0095311 , -0.00981255 , -0.00967154
0.2924 , -0.00903944 , -0.00890134 , -0.00918113 , -0.0090491
0.2928 , -0.00840022 , -0.00827122 , -0.00854934 , -0.00842631
0.2932 , -0.00776064 , -0.00764077 , -0.00791721 , -0.0078032
0.2936 , -0.00712072 , -0.00701001 , -0.00728475 , -0.00717981
0.294 , -0.0064805 , -0.00637897 , -0.00665199 , -0.00655614
0.2944 , -0.00583999 , -0.00574768 , -0.00601896 , -0.00593224
0.2948 , -0.00519921 , -0.00511616 , -0.00538569 , -0.00530811
0.2952 , -0.00455821 , -0.00448443 , -0.0047522 , -0.0046838
0.2956 , -0.003917 , -0.00385253 , -0.00411851 , -0.00405931
0.296 , -0.0032756 , -0.00322047 , -0.00348465 , -0.00343469
0.2964 , -0.00263405 , -0.00258828 , -0.00285064 , -0.00280994
0.2968 , -0.00199237 , -0.00195599 , -0.00221652 , -0.00218511
0.2972 , -0.00135058 , -0.00132362 , -0.00158231 , -0.00156021
0.2976 , -0.000708718 , -0.000691192 , -0.000948022 , -0.000935259
0.298 , -6.67968e-05 , -5.87414e-05 , -0.000313694 , -0.000310297
0.2984 , 0.000575153 , 0.000573712 , 0.000320651 , 0.000314659
0.2988 , 0.0012171 , 0.00120614 , 0.000954988 , 0.000939582
0.2992 , 0.00185903 , 0.00183852 , 0.00158929 , 0.00156445
0.2996 , 0.00250091 , 0.00247083 , 0.00222354 , 0.00218923
0.3 , 0.00314272 , 0.00310304 , 0.0028577 , 0.0028139
0.3004 , 0.00378443 , 0.00373513 , 0.00349175 , 0.00343845
0.3008 , 0.00442601 , 0.00436707 , 0.00412567 , 0.00406283
0.3012 , 0.00506743 , 0.00499883 , 0.00475943 , 0.00468703
0.3016 , 0.00570869 , 0.00563039 , 0.005393 , 0.00531103
0.302 , 0.00634974 , 0.00626173 , 0.00602636 , 0.00593479
0.3024 , 0.00699056 , 0.00689281 , 0.00665949 , 0.0065583
0.3028 , 0.00763112 , 0.00752362 , 0.00729235 , 0.00718152
0.3032 , 0.00827141 , 0.00815413 , 0.00792493 , 0.00780444
0.3036 , 0.00891139 , 0.00878431 , 0.0085572 , 0.00842702
0.304 , 0.00955104 , 0.00941415 , 0.00918913 , 0.00904925
0.3044 , 0.0101903 , 0.0100436 , 0.00982069 , 0.00967109
0.3048 , 0.0108293 , 0.0106727 , 0.0104519 , 0.0102925
0.3052 , 0.0114678 , 0.0113013 , 0.0110826 , 0.0109135
0.3056 , 0.0121058 , 0.0119295 , 0.011713 , 0.0115341
0.306 , 0.0127434 , 0.0125572 , 0.0123428 , 0.0121542
0.3064 , 0.0133806 , 0.0131843 , 0.0129722 , 0.0127737
0.3068 , 0.0140172 , 0.013811 , 0.0136011 , 0.0133928
0.3072 , 0.0146533 , 0.0144371 , 0.0142294 , 0.0140112
0.3076 , 0.0152888 , 0.0150627 , 0.0148571 , 0.0146291
0.308 , 0.0159237 , 0.0156876 , 0.0154843 , 0.0152464
0.3084 , 0.0165581 , 0.0163119 , 0.0161109 , 0.0158631
0.3088 , 0.0171917 , 0.0169356 , 0.0167368 , 0.0164791
0.3092 , 0.0178248 , 0.0175585 , 0.017362 , 0.0170944
0.3096 , 0.0184571 , 0.0181808 , 0.0179866 , 0.017709
0.31 , 0.0190887 , 0.0188024 , 0.0186104 , 0.0183229
0.3104 , 0.0197196 , 0.0194232 , 0.0192335 , 0.0189361
0.3108 , 0.0203497 , 0.0200432 , 0.0198559 , 0.0195484
0.3112 , 0.0209791 , 0.0206624 , 0.0204774 , 0.02016
0.3116 , 0.0216076 , 0.0212808 , 0.0210982 , 0.0207708
0.312 , 0.0222353 , 0.0218983 , 0.0217181 , 0.0213806
0.3124 , 0.0228621 , 0.022515 , 0.0223371 , 0.0219897
0.3128 , 0.023488 , 0.0231308 , 0.0229553 , 0.0225978
0.3132 , 0.024113 , 0.0237456 , 0.0235725 , 0.023205
0.3136 , 0.0247371 , 0.0243595 , 0.0241888 , 0.0238112
0.314 , 0.0253602 , 0.0249724 , 0.0248041 , 0.0244165
0.3144 , 0.0259823 , 0.0255843 , 0.0254185 , 0.0250208
0.3148 , 0.0266035 , 0.0261952 , 0.0260318 , 0.025624
0.3152 , 0.0272235 , 0.0268051 , 0.0266441 , 0.0262262
0.3156 , 0.0278425 , 0.0274138 , 0.0272554 , 0.0268274
0.316 , 0.0284604 , 0.0280215 , 0.0278655 , 0.0274274
0.3164 , 0.0290772 , 0.0286281 , 0.0284746 , 0.0280264
0.3168 , 0.0296929 , 0.0292335 , 0.0290825 , 0.0286242
0.3172 , 0.0303074 , 0.0298377 , 0.0296892 , 0.0292208
0.3176 , 0.0309207 , 0.0304407 , 0.0302948 , 0.0298162
0.318 , 0.0315328 , 0.0310426 , 0.0308991 , 0.0304105
0.3184 , 0.0321437 , 0.0316432 , 0.0315023 , 0.0310035
0.3188 , 0.0327533 , 0.0322425 , 0.0321041 , 0.0315952
0.3192 , 0.0333616 , 0.0328405 , 0.0327047 , 0.0321857
0.3196 , 0.0339686 , 0.0334372 , 0.033304 , 0.0327748
0.32 , 0.0345743 , 0.0340326 , 0.033902 , 0.0333626
0.3204 , 0.0351786 , 0.0346266 , 0.0344986 , 0.0339491
0.3208 , 0.0357815 , 0.0352193 , 0.0350938 , 0.0345342
0.3212 , 0.036383 , 0.0358105 , 0.0356877 , 0.0351179
0.3216 , 0.0369831 , 0.0364003 , 0.0362801 , 0.0357001
0.322 , 0.0375817 , 0.0369886 , 0.0368711 , 0.036281
0.3224 , 0.0381789 , 0.0375755 , 0.0374606 , 0.0368603
0.3228 , 0.0387745 , 0.0381608 , 0.0380486 , 0.0374382
0.3232 , 0.0393687 , 0.0387447 , 0.0386351 , 0.0380145
0.3236 , 0.0399612 , 0.0393269 , 0.03922 , 0.0385893
0.324 , 0.0405522 , 0.0399076 , 0.0398034 , 0.0391625
0.3244 , 0.0411416 , 0.0404868 , 0.0403852 , 0.0397342
0.3248 , 0.0417294 , 0.0410642 , 0.0409654 , 0.0403042
0.3252 , 0.0423155 , 0.0416401 , 0.0415439 , 0.0408727
0.3256 , 0.0429 , 0.0422143 , 0.0421208 , 0.0414394
0.326 , 0.0434828 , 0.0427868 , 0.042696 , 0.0420045
0.3264 , 0.0440638 , 0.0433575 , 0.0432696 , 0.0425679
0.3268 , 0.0446432 , 0.0439266 , 0.0438413 , 0.0431296
0.3272 , 0.0452207 , 0.0444939 , 0.0444114 , 0.0436895
0.3276 , 0.0457965 , 0.0450594 , 0.0449796 , 0.0442477
0.328 , 0.0463704 , 0.0456231 , 0.0455461 , 0.044804
0.3284 , 0.0469426 , 0.046185 , 0.0461108 , 0.0453586
0.3288 , 0.0475128 , 0.046745 , 0.0466736 , 0.0459113
0.3292 , 0.0480812 , 0.0473032 , 0.0472345 , 0.0464622
0.3296 , 0.0486477 , 0.0478595 , 0.0477936 , 0.0470112
0.33 , 0.0492123 , 0.0484138 , 0.0483507 , 0.0475583
0.3304 , 0.0497749 , 0.0489662 , 0.048906 , 0.0481035
0.3308 , 0.0503356 , 0.0495167 , 0.0494592 , 0.0486467
0.3312 , 0.0508942 , 0.0500652 , 0.0500105 , 0.049188
0.3316 , 0.0514509 , 0.0506117 , 0.0505599 , 0.0497273
0.332 , 0.0520055 , 0.0511561 , 0.0511071 , 0.0502646
0.3324 , 0.0525581 , 0.0516985 , 0.0516524 , 0.0507998
0.3328 , 0.0531085 , 0.0522389 , 0.0521956 , 0.051333
0.3332 , 0.0536569 , 0.0527771 , 0.0527367 , 0.0518642
0.3336 , 0.0542032 , 0.0533133 , 0.0532757 , 0.0523932
0.334 , 0.0547473 , 0.0538473 , 0.0538125 , 0.0529202
0.3344 , 0.0552892 , 0.0543791 , 0.0543473 , 0.053445
0.3348 , 0.0558289 , 0.0549088 , 0.0548798 , 0.0539676
0.3352 , 0.0563665 , 0.0554363 , 0.0554102 , 0.0544881
0.3356 , 0.0569018 , 0.0559616 , 0.0559383 , 0.0550064
0.336 , 0.0574348 , 0.0564846 , 0.0564643 , 0.0555224
0.3364 , 0.0579656 , 0.0570053 , 0.0569879 , 0.0560362
0.3368 , 0.0584941 , 0.0575238 , 0.0575093 , 0.0565478
0.3372 , 0.0590202 , 0.05804 , 0.0580284 , 0.0570571
0.3376 , 0.059544 , 0.0585539 , 0.0585452 , 0.0575641
0.338 , 0.0600655 , 0.0590654 , 0.0590596 , 0.0580687
0.3384 , 0.0605846 , 0.0595746 , 0.0595717 , 0.0585711
0.3388 , 0.0611012 , 0.0600813 , 0.0600814 , 0.059071
0.3392 , 0.0616155 , 0.0605857 , 0.0605887 , 0.0595686
0.3396 , 0.0621273 , 0.0610877 , 0.0610936 , 0.0600638
0.34 , 0.0626366 , 0.0615872 , 0.061596 , 0.0605566
0.3404 , 0.0631435 , 0.0620842 , 0.062096 , 0.0610469
0.3408 , 0.0636478 , 0.0625788 , 0.0625935 , 0.0615348
0.3412 , 0.0641496 , 0.0630708 , 0.0630885 , 0.0620202
0.3416 , 0.0646489 , 0.0635604 , 0.063581 , 0.0625031
0.342 , 0.0651456 , 0.0640474 , 0.0640709 , 0.0629835
0.3424 , 0.0656398 , 0.0645318 , 0.0645583 , 0.0634614
0.3428 , 0.0661313 , 0.0650136 , 0.0650431 , 0.0639367
0.3432 , 0.0666202 , 0.0654929 , 0.0655253 , 0.0644094
0.3436 , 0.0671064 , 0.0659695 , 0.0660049 , 0.0648795
0.344 , 0.06759 , 0.0664435 , 0.0664818 , 0.0653471
0.3444 , 0.0680709 , 0.0669148 , 0.0669561 , 0.065812
0.3448 , 0.0685491 , 0.0673835 , 0.0674278 , 0.0662742
0.3452 , 0.0690246 , 0.0678495 , 0.0678967 , 0.0667338
0.3456 , 0.0694973 , 0.0683127 , 0.0683629 , 0.0671907
0.346 , 0.0699673 , 0.0687732 , 0.0688264 , 0.0676449
0.3464 , 0.0704344 , 0.069231 , 0.0692871 , 0.0680964
0.3468 , 0.0708988 , 0.069686 , 0.0697451 , 0.0685451
0.3472 , 0.0713604 , 0.0701382 , 0.0702003 , 0.0689911
0.3476 , 0.0718191 , 0.0705876 , 0.0706527 , 0.0694343
0.348 , 0.072275 , 0.0710342 , 0.0711022 , 0.0698747
0.3484 , 0.072728 , 0.0714779 , 0.071549 , 0.0703124
0.3488 , 0.0731782 , 0.0719188 , 0.0719928 , 0.0707471
0.3492 , 0.0736254 , 0.0723568 , 0.0724338 , 0.0711791
0.3496 , 0.0740696 , 0.0727919 , 0.0728719 , 0.0716082
0.35 , 0.074511 , 0.0732241 , 0.0733071 , 0.0720344
0.3504 , 0.0749494 , 0.0736533 , 0.0737393 , 0.0724577
0.3508 , 0.0753848 , 0.0740796 , 0.0741686 , 0.0728781
0.3512 , 0.0758171 , 0.074503 , 0.074595 , 0.0732955
0.3516 , 0.0762465 , 0.0749234 , 0.0750183 , 0.07371
0.352 , 0.0766729 , 0.0753408 , 0.0754387 , 0.0741216
0.3524 , 0.0770962 , 0.0757551 , 0.075856 , 0.0745302
0.3528 , 0.0775164 , 0.0761665 , 0.0762703 , 0.0749358
0.3532 , 0.0779336 , 0.0765747 , 0.0766816 , 0.0753384
0.3536 , 0.0783476 , 0.07698 , 0.0770898 , 0.0757379
0.354 , 0.0787585 , 0.0773821 , 0.0774949 , 0.0761344
0.3544 , 0.0791663 , 0.0777812 , 0.077897 , 0.0765279
0.3548 , 0.079571 , 0.0781771 , 0.0782959 , 0.0769182
0.3552 , 0.0799724 , 0.0785699 , 0.0786917 , 0.0773055
0.3556 , 0.0803707 , 0.0789596 , 0.0790843 , 0.0776897
0.356 , 0.0807658 , 0.0793461 , 0.0794738 , 0.0780708
0.3564 , 0.0811577 , 0.0797294 , 0.0798601 , 0.0784487
0.3568 , 0.0815464 , 0.0801096 , 0.0802432 , 0.0788235
0.3572 , 0.0819318 , 0.0804865 , 0.0806231 , 0.0791951
0.3576 , 0.0823139 , 0.0808602 , 0.0809998 , 0.0795635
0.358 , 0.0826928 , 0.0812307 , 0.0813733 , 0.0799288
0.3584 , 0.0830684 , 0.081598 , 0.0817435 , 0.0802908
0.3588 , 0.0834406 , 0.081962 , 0.0821104 , 0.0806496
0.3592 , 0.0838096 , 0.0823227 , 0.082474 , 0.0810052
0.3596 , 0.0841752 , 0.0826801 , 0.0828344 , 0.0813575
0.36 , 0.0845374 , 0.0830342 , 0.0831914 , 0.0817065
0.3604 , 0.0848963 , 0.0833849 , 0.0835451 , 0.0820523
0.3608 , 0.0852518 , 0.0837324 , 0.0838955 , 0.0823948
0.3612 , 0.0856039 , 0.0840765 , 0.0842425 , 0.082734
0.3616 , 0.0859526 , 0.0844172 , 0.0845862 , 0.0830698
0.362 , 0.0862979 , 0.0847545 , 0.0849265 , 0.0834023
0.3624 , 0.0866397 , 0.0850885 , 0.0852634 , 0.0837315
0.3628 , 0.0869781 , 0.0854191 , 0.0855968 , 0.0840573
0.3632 , 0.087313 , 0.0857462 , 0.0859269 , 0.0843798
0.3636 , 0.0876445 , 0.0860699 , 0.0862535 , 0.0846988
0.364 , 0.0879724 , 0.0863902 , 0.0865767 , 0.0850145
0.3644 , 0.0882969 , 0.086707 , 0.0868964 , 0.0853267
0.3648 , 0.0886178 , 0.0870203 , 0.0872126 , 0.0856356
0.3652 , 0.0889352 , 0.0873302 , 0.0875254 , 0.0859409
0.3656 , 0.089249 , 0.0876366 , 0.0878347 , 0.0862429
0.366 , 0.0895593 , 0.0879394 , 0.0881404 , 0.0865414
0.3664 , 0.089866 , 0.0882388 , 0.0884426 , 0.0868364
0.3668 , 0.0901692 , 0.0885346 , 0.0887413 , 0.0871279
0.3672 , 0.0904687 , 0.0888269 , 0.0890364 , 0.0874159
0.3676 , 0.0907646 , 0.0891156 , 0.089328 , 0.0877005
0.368 , 0.091057 , 0.0894008 , 0.089616 , 0.0879815
0.3684 , 0.0913456 , 0.0896824 , 0.0899005 , 0.088259
0.3688 , 0.0916307 , 0.0899604 , 0.0901813 , 0.0885329
0.3692 , 0.0919121 , 0.0902347 , 0.0904585 , 0.0888033
0.3696 , 0.0921898 , 0.0905055 , 0.0907321 , 0.0890701
0.37 , 0.0924638 , 0.0907727 , 0.0910021 , 0.0893334
0.3704 , 0.0927342 , 0.0910362 , 0.0912684 , 0.0895931
0.3708 , 0.0930009 , 0.0912961 , 0.0915311 , 0.0898492
0.3712 , 0.0932638 , 0.0915524 , 0.0917902 , 0.0901016
0.3716 , 0.093523 , 0.091805 , 0.0920456 , 0.0903505
0.372 , 0.0937785 , 0.0920539 , 0.0922972 , 0.0905958
0.3724 , 0.0940303 , 0.0922991 , 0.0925452 , 0.0908374
0.3728 , 0.0942783 , 0.0925406 , 0.0927895 , 0.0910754
0.3732 , 0.0945226 , 0.0927785 , 0.0930301 , 0.0913097
0.3736 , 0.094763 , 0.0930126 , 0.093267 , 0.0915404
0.374 , 0.0949997 , 0.093243 , 0.0935001 , 0.0917674
0.3744 , 0.0952326 , 0.0934697 , 0.0937295 , 0.0919907
0.3748 , 0.0954618 , 0.0936926 , 0.0939552 , 0.0922103
0.3752 , 0.095687 , 0.0939118 , 0.0941771 , 0.0924263
0.3756 , 0.0959085 , 0.0941272 , 0.0943952 , 0.0926385
0.376 , 0.0961262 , 0.0943389 , 0.0946096 , 0.092847
0.3764 , 0.09634 , 0.0945468 , 0.0948202 , 0.0930518
0.3768 , 0.09655 , 0.0947509 , 0.095027 , 0.0932529
0.3772 , 0.0967561 , 0.0949512 , 0.0952299 , 0.0934502
0.3776 , 0.0969583 , 0.0951477 , 0.0954291 , 0.0936438
0.378 , 0.0971567 , 0.0953404 , 0.0956245 , 0.0938337
0.3784 , 0.0973512 , 0.0955293 , 0.095816 , 0.0940198
0.3788 , 0.0975418 , 0.0957144 , 0.0960037 , 0.0942021
0.3792 , 0.0977286 , 0.0958957 , 0.0961876 , 0.0943806
0.3796 , 0.0979114 , 0.0960731 , 0.0963676 , 0.0945554
0.38 , 0.0980903 , 0.0962467 , 0.0965438 , 0.0947264
0.3804 , 0.0982653 , 0.0964164 , 0.0967161 , 0.0948935
0.3808 , 0.0984364 , 0.0965822 , 0.0968846 , 0.0950569
0.3812 , 0.0986035 , 0.0967442 , 0.0970491 , 0.0952165
0.3816 , 0.0987667 , 0.0969024 , 0.0972098 , 0.0953722
0.382 , 0.098926 , 0.0970566 , 0.0973666 , 0.0955242
0.3824 , 0.0990813 , 0.097207 , 0.0975195 , 0.0956723
0.3828 , 0.0992326 , 0.0973535 , 0.0976685 , 0.0958166
0.3832 , 0.09938 , 0.0974961 , 0.0978136 , 0.095957
0.3836 , 0.0995234 , 0.0976348 , 0.0979548 , 0.0960936
0.384 , 0.0996629 , 0.0977696 , 0.0980921 , 0.0962264
0.3844 , 0.0997984 , 0.0979004 , 0.0982255 , 0.0963553
0.3848 , 0.0999298 , 0.0980274 , 0.0983549 , 0.0964803
0.3852 , 0.100057 , 0.0981504 , 0.0984804 , 0.0966015
0.3856 , 0.100181 , 0.0982696 , 0.0986019 , 0.0967188
0.386 , 0.1003 , 0.0983847 , 0.0987195 , 0.0968322
0.3864 , 0.100416 , 0.098496 , 0.0988332 , 0.0969418
0.3868 , 0.100527 , 0.0986033 , 0.0989429 , 0.0970475
0.3872 , 0.100635 , 0.0987067 , 0.0990487 , 0.0971493
0.3876 , 0.100738 , 0.0988061 , 0.0991504 , 0.0972472
0.388 , 0.100838 , 0.0989015 , 0.0992483 , 0.0973412
0.3884 , 0.100933 , 0.098993 , 0.0993421 , 0.0974313
0.3888 , 0.101024 , 0.0990806 , 0.099432 , 0.0975175
0.3892 , 0.101112 , 0.0991642 , 0.0995179 , 0.0975998
0.3896 , 0.101195 , 0.0992438 , 0.0995999 , 0.0976782
0.39 , 0.101274 , 0.0993194 , 0.0996778 , 0.0977527
0.3904 , 0.101349 , 0.0993911 , 0.0997518 , 0.0978233
0.3908 , 0.10142 , 0.0994588 , 0.0998217 , 0.09789
0.3912 , 0.101487 , 0.0995225 , 0.0998877 , 0.0979527
0.3916 , 0.10155 , 0.0995823 , 0.0999497 , 0.0980115
0.392 , 0.101609 , 0.099638 , 0.100008 , 0.0980665
0.3924 , 0.101664 , 0.0996898 , 0.100062 , 0.0981174
0.3928 , 0.101715 , 0.0997376 , 0.100112 , 0.0981645
0.3932 , 0.101762 , 0.0997814 , 0.100158 , 0.0982076
0.3936 , 0.101805 , 0.0998212 , 0.1002 , 0.0982468
0.394 , 0.101843 , 0.099857 , 0.100238 , 0.0982821
0.3944 , 0.101878 , 0.0998888 , 0.100271 , 0.0983134
0.3948 , 0.101908 , 0.0999166 , 0.100301 , 0.0983408
0.3952 , 0.101935 , 0.0999404 , 0.100327 , 0.0983643
0.3956 , 0.101957 , 0.0999603 , 0.100349 , 0.0983838
0.396 , 0.101975 , 0.0999761 , 0.100367 , 0.0983994
0.3964 , 0.101989 , 0.0999879 , 0.100381 , 0.0984111
0.3968 , 0.101999 , 0.0999958 , 0.100391 , 0.0984188
0.3972 , 0.102005 , 0.0999996 , 0.100397 , 0.0984226
0.3976 , 0.102007 , 0.0999994 , 0.100399 , 0.0984225
0.398 , 0.102005 , 0.0999952 , 0.100397 , 0.0984184
0.3984 , 0.101999 , 0.0999871 , 0.10039 , 0.0984103
0.3988 , 0.101989 , 0.0999749 , 0.10038 , 0.0983984
0.3992 , 0.101974 , 0.0999587 , 0.100366 , 0.0983825
0.3996 , 0.101956 , 0.0999386 , 0.100348 , 0.0983627
0.4 , 0.101933 , 0.0999144 , 0.100325 , 0.0983389
0.4004 , 0.101907 , 0.0998862 , 0.100299 , 0.0983112
0.4008 , 0.101876 , 0.0998541 , 0.100269 , 0.0982796
0.4012 , 0.101841 , 0.0998179 , 0.100235 , 0.098244
0.4016 , 0.101802 , 0.0997778 , 0.100196 , 0.0982045
0.402 , 0.101759 , 0.0997336 , 0.100154 , 0.0981611
0.4024 , 0.101712 , 0.0996855 , 0.100108 , 0.0981138
0.4028 , 0.101661 , 0.0996334 , 0.100057 , 0.0980625
0.4032 , 0.101606 , 0.0995773 , 0.100003 , 0.0980073
0.4036 , 0.101547 , 0.0995172 , 0.0999448 , 0.0979482
0.404 , 0.101484 , 0.0994532 , 0.0998824 , 0.0978852
0.4044 , 0.101416 , 0.0993851 , 0.0998161 , 0.0978183
0.4048 , 0.101345 , 0.0993131 , 0.0997458 , 0.0977475
0.4052 , 0.101269 , 0.0992371 , 0.0996715 , 0.0976727
0.4056 , 0.10119 , 0.0991572 , 0.0995933 , 0.0975941
0.406 , 0.101106 , 0.0990732 , 0.099511 , 0.0975115
0.4064 , 0.101019 , 0.0989854 , 0.0994247 , 0.0974251
0.4068 , 0.100927 , 0.0988935 , 0.0993345 , 0.0973347
0.4072 , 0.100831 , 0.0987977 , 0.0992403 , 0.0972405
0.4076 , 0.100732 , 0.098698 , 0.0991422 , 0.0971424
0.408 , 0.100628 , 0.0985943 , 0.09904 , 0.0970404
0.4084 , 0.10052 , 0.0984866 , 0.0989339 , 0.0969345
0.4088 , 0.100408 , 0.098375 , 0.0988239 , 0.0968247
0.4092 , 0.100292 , 0.0982595 , 0.0987099 , 0.0967111
0.4096 , 0.100173 , 0.0981401 , 0.0985919 , 0.0965936
0.41 , 0.100049 , 0.0980167 , 0.09847 , 0.0964722
0.4104 , 0.0999208 , 0.0978894 , 0.0983442 , 0.096347
0.4108 , 0.0997889 , 0.0977582 , 0.0982144 , 0.096218
0.4112 , 0.0996531 , 0.0976231 , 0.0980807 , 0.0960851
0.4116 , 0.0995132 , 0.097484 , 0.097943 , 0.0959483
0.412 , 0.0993694 , 0.0973411 , 0.0978015 , 0.0958078
0.4124 , 0.0992215 , 0.0971943 , 0.097656 , 0.0956634
0.4128 , 0.0990697 , 0.0970436 , 0.0975067 , 0.0955152
0.4132 , 0.098914 , 0.096889 , 0.0973534 , 0.0953631
0.4136 , 0.0987542 , 0.0967305 , 0.0971962 , 0.0952073
0.414 , 0.0985905 , 0.0965682 , 0.0970352 , 0.0950476
0.4144 , 0.0984229 , 0.096402 , 0.0968702 , 0.0948842
0.4148 , 0.0982513 , 0.0962319 , 0.0967014 , 0.0947169
0.4152 , 0.0980758 , 0.096058 , 0.0965287 , 0.0945459
0.4156 , 0.0978963 , 0.0958803 , 0.0963522 , 0.0943711
0.416 , 0.097713 , 0.0956987 , 0.0961718 , 0.0941926
0.4164 , 0.0975257 , 0.0955133 , 0.0959875 , 0.0940102
0.4168 , 0.0973345 , 0.0953241 , 0.0957994 , 0.0938241
0.4172 , 0.0971394 , 0.095131 , 0.0956075 , 0.0936343
0.4176 , 0.0969404 , 0.0949342 , 0.0954117 , 0.0934407
0.418 , 0.0967375 , 0.0947335 , 0.0952122 , 0.0932434
0.4184 , 0.0965308 , 0.0945291 , 0.0950088 , 0.0930424
0.4188 , 0.0963201 , 0.0943209 , 0.0948016 , 0.0928377
0.4192 , 0.0961056 , 0.0941089 , 0.0945906 , 0.0926292
0.4196 , 0.0958873 , 0.0938932 , 0.0943759 , 0.0924171
0.42 , 0.0956651 , 0.0936736 , 0.0941573 , 0.0922013
0.4204 , 0.0954391 , 0.0934504 , 0.093935 , 0.0919817
0.4208 , 0.0952093 , 0.0932234 , 0.093709 , 0.0917586
0.4212 , 0.0949756 , 0.0929927 , 0.0934792 , 0.0915317
0.4216 , 0.0947381 , 0.0927582 , 0.0932456 , 0.0913012
0.422 , 0.0944968 , 0.0925201 , 0.0930083 , 0.0910671
0.4224 , 0.0942518 , 0.0922782 , 0.0927673 , 0.0908293
0.4228 , 0.0940029 , 0.0920327 , 0.0925226 , 0.0905879
0.4232 , 0.0937503 , 0.0917835 , 0.0922742 , 0.0903428
0.4236 , 0.093494 , 0.0915306 , 0.092022 , 0.0900942
0.424 , 0.0932338 , 0.091274 , 0.0917662 , 0.089842
0.4244 , 0.09297 , 0.0910138 , 0.0915068 , 0.0895862
0.4248 , 0.0927024 , 0.09075 , 0.0912436 , 0.0893268
0.4252 , 0.0924311 , 0.0904825 , 0.0909768 , 0.0890638
0.4256 , 0.0921561 , 0.0902114 , 0.0907064 , 0.0887973
0.426 , 0.0918773 , 0.0899367 , 0.0904323 , 0.0885273
0.4264 , 0.0915949 , 0.0896584 , 0.0901547 , 0.0882537
0.4268 , 0.0913089 , 0.0893765 , 0.0898734 , 0.0879766
0.4272 , 0.0910191 , 0.089091 , 0.0895885 , 0.087696
0.4276 , 0.0907257 , 0.088802 , 0.0893 , 0.0874119
0.428 , 0.0904287 , 0.0885094 , 0.089008 , 0.0871243
0.4284 , 0.090128 , 0.0882133 , 0.0887124 , 0.0868332
0.4288 , 0.0898238 , 0.0879136 , 0.0884132 , 0.0865387
0.4292 , 0.0895159 , 0.0876105 , 0.0881105 , 0.0862407
0.4296 , 0.0892044 , 0.0873038 , 0.0878043 , 0.0859392
0.43 , 0.0888894 , 0.0869936 , 0.0874946 , 0.0856344
0.4304 , 0.0885707 , 0.08668 , 0.0871813 , 0.0853261
0.4308 , 0.0882485 , 0.0863629 , 0.0868646 , 0.0850144
0.4312 , 0.0879228 , 0.0860423 , 0.0865444 , 0.0846994
0.4316 , 0.0875936 , 0.0857183 , 0.0862207 , 0.0843809
0.432 , 0.0872608 , 0.0853909 , 0.0858936 , 0.0840591
0.4324 , 0.0869245 , 0.08506 , 0.085563 , 0.0837339
0.4328 , 0.0865848 , 0.0847258 , 0.085229 , 0.0834054
0.4332 , 0.0862415 , 0.0843881 , 0.0848916 , 0.0830736
0.4336 , 0.0858948 , 0.0840471 , 0.0845508 , 0.0827385
0.434 , 0.0855447 , 0.0837027 , 0.0842066 , 0.0824
0.4344 , 0.0851911 , 0.083355 , 0.0838591 , 0.0820583
0.4348 , 0.0848341 , 0.083004 , 0.0835082 , 0.0817133
0.4352 , 0.0844736 , 0.0826496 , 0.0831539 , 0.0813651
0.4356 , 0.0841098 , 0.0822919 , 0.0827964 , 0.0810136
0.436 , 0.0837426 , 0.0819309 , 0.0824355 , 0.0806588
0.4364 , 0.0833721 , 0.0815666 , 0.0820713 , 0.0803009
0.4368 , 0.0829982 , 0.0811991 , 0.0817038 , 0.0799398
0.4372 , 0.0826209 , 0.0808284 , 0.081333 , 0.0795754
0.4376 , 0.0822404 , 0.0804544 , 0.080959 , 0.0792079
0.438 , 0.0818565 , 0.0800771 , 0.0805818 , 0.0788373
0.4384 , 0.0814693 , 0.0796967 , 0.0802013 , 0.0784635
0.4388 , 0.0810789 , 0.0793131 , 0.0798176 , 0.0780866
0.4392 , 0.0806852 , 0.0789263 , 0.0794307 , 0.0777065
0.4396 , 0.0802883 , 0.0785364 , 0.0790406 , 0.0773234
0.44 , 0.0798881 , 0.0781433 , 0.0786474 , 0.0769372
0.4404 , 0.0794848 , 0.0777471 , 0.078251 , 0.0765479
0.4408 , 0.0790782 , 0.0773478 , 0.0778515 , 0.0761556
0.4412 , 0.0786684 , 0.0769454 , 0.0774489 , 0.0757602
0.4416 , 0.0782555 , 0.0765399 , 0.0770432 , 0.0753619
0.442 , 0.0778395 , 0.0761313 , 0.0766343 , 0.0749605
0.4424 , 0.0774203 , 0.0757197 , 0.0762225 , 0.0745561
0.4428 , 0.076998 , 0.0753051 , 0.0758075 , 0.0741488
0.4432 , 0.0765726 , 0.0748875 , 0.0753895 , 0.0737385
0.4436 , 0.0761441 , 0.0744669 , 0.0749686 , 0.0733253
0.444 , 0.0757126 , 0.0740432 , 0.0745446 , 0.0729091
0.4444 , 0.075278 , 0.0736167 , 0.0741176 , 0.0724901
0.4448 , 0.0748404 , 0.0731872 , 0.0736876 , 0.0720682
0.4452 , 0.0743998 , 0.0727547 , 0.0732547 , 0.0716434
0.4456 , 0.0739561 , 0.0723194 , 0.0728189 , 0.0712157
0.446 , 0.0735096 , 0.0718811 , 0.0723802 , 0.0707852
0.4464 , 0.07306 , 0.07144 , 0.0719385 , 0.0703519
0.4468 , 0.0726075 , 0.070996 , 0.071494 , 0.0699158
0.4472 , 0.0721521 , 0.0705492 , 0.0710466 , 0.0694769
0.4476 , 0.0716938 , 0.0700996 , 0.0705964 , 0.0690353
0.448 , 0.0712326 , 0.0696471 , 0.0701433 , 0.0685909
0.4484 , 0.0707685 , 0.0691919 , 0.0696874 , 0.0681438
0.4488 , 0.0703016 , 0.0687339 , 0.0692288 , 0.0676939
0.4492 , 0.0698318 , 0.0682731 , 0.0687673 , 0.0672414
0.4496 , 0.0693593 , 0.0678096 , 0.0683031 , 0.0667862
0.45 , 0.0688839 , 0.0673435 , 0.0678362 , 0.0663283
0.4504 , 0.0684058 , 0.0668746 , 0.0673666 , 0.0658678
0.4508 , 0.0679249 , 0.066403 , 0.0668942 , 0.0654047
0.4512 , 0.0674413 , 0.0659288 , 0.0664192 , 0.064939
0.4516 , 0.0669549 , 0.0654519 , 0.0659415 , 0.0644706
0.452 , 0.0664659 , 0.0649725 , 0.0654612 , 0.0639998
0.4524 , 0.0659742 , 0.0644904 , 0.0649782 , 0.0635264
0.4528 , 0.0654798 , 0.0640057 , 0.0644927 , 0.0630504
0.4532 , 0.0649828 , 0.0635185 , 0.0640046 , 0.062572
0.4536 , 0.0644831 , 0.0630288 , 0.0635139 , 0.062091
0.454 , 0.0639809 , 0.0625365 , 0.0630206 , 0.0616076
0.4544 , 0.0634761 , 0.0620417 , 0.0625249 , 0.0611218
0.4548 , 0.0629687 , 0.0615445 , 0.0620266 , 0.0606335
0.4552 , 0.0624588 , 0.0610448 , 0.0615258 , 0.0601428
0.4556 , 0.0619464 , 0.0605426 , 0.0610226 , 0.0596497
0.456 , 0.0614314 , 0.060038 , 0.0605169 , 0.0591543
0.4564 , 0.060914 , 0.059531 , 0.0600088 , 0.0586565
0.4568 , 0.0603942 , 0.0590217 , 0.0594984 , 0.0581563
0.4572 , 0.0598719 , 0.05851 , 0.0589855 , 0.0576539
0.4576 , 0.0593472 , 0.0579959 , 0.0584702 , 0.0571492
0.458 , 0.05882 , 0.0574795 , 0.0579526 , 0.0566422
0.4584 , 0.0582906 , 0.0569608 , 0.0574327 , 0.0561329
0.4588 , 0.0577587 , 0.0564399 , 0.0569105 , 0.0556214
0.4592 , 0.0572246 , 0.0559166 , 0.056386 , 0.0551077
0.4596 , 0.0566881 , 0.0553912 , 0.0558593 , 0.0545919
0.46 , 0.0561493 , 0.0548635 , 0.0553303 , 0.0540738
0.4604 , 0.0556083 , 0.0543336 , 0.0547991 , 0.0535536
0.4608 , 0.055065 , 0.0538016 , 0.0542657 , 0.0530313
0.4612 , 0.0545195 , 0.0532674 , 0.0537301 , 0.0525069
0.4616 , 0.0539718 , 0.0527311 , 0.0531924 , 0.0519804
0.462 , 0.0534219 , 0.0521927 , 0.0526525 , 0.0514518
0.4624 , 0.0528698 , 0.0516521 , 0.0521105 , 0.0509212
0.4628 , 0.0523157 , 0.0511096 , 0.0515665 , 0.0503886
0.4632 , 0.0517594 , 0.0505649 , 0.0510204 , 0.049854
0.4636 , 0.051201 , 0.0500183 , 0.0504722 , 0.0493173
0.464 , 0.0506405 , 0.0494696 , 0.049922 , 0.0487788
0.4644 , 0.050078 , 0.048919 , 0.0493698 , 0.0482383
0.4648 , 0.0495134 , 0.0483664 , 0.0488156 , 0.0476959
0.4652 , 0.0489469 , 0.0478119 , 0.0482595 , 0.0471516
0.4656 , 0.0483784 , 0.0472554 , 0.0477014 , 0.0466054
0.466 , 0.0478079 , 0.0466971 , 0.0471414 , 0.0460574
0.4664 , 0.0472355 , 0.0461369 , 0.0465795 , 0.0455076
0.4668 , 0.0466612 , 0.0455749 , 0.0460158 , 0.044956
0.4672 , 0.046085 , 0.045011 , 0.0454502 , 0.0444025
0.4676 , 0.0455069 , 0.0444454 , 0.0448828 , 0.0438474
0.468 , 0.044927 , 0.0438779 , 0.0443136 , 0.0432904
0.4684 , 0.0443452 , 0.0433087 , 0.0437426 , 0.0427318
0.4688 , 0.0437617 , 0.0427378 , 0.0431699 , 0.0421715
0.4692 , 0.0431763 , 0.0421652 , 0.0425954 , 0.0416095
0.4696 , 0.0425893 , 0.0415908 , 0.0420192 , 0.0410459
0.47 , 0.0420005 , 0.0410148 , 0.0414414 , 0.0404806
0.4704 , 0.04141 , 0.0404372 , 0.0408618 , 0.0399138
0.4708 , 0.0408178 , 0.039858 , 0.0402807 , 0.0393453
0.4712 , 0.040224 , 0.0392771 , 0.0396979 , 0.0387753
0.4716 , 0.0396285 , 0.0386947 , 0.0391135 , 0.0382038
0.472 , 0.0390314 , 0.0381108 , 0.0385276 , 0.0376308
0.4724 , 0.0384328 , 0.0375253 , 0.0379401 , 0.0370563
0.4728 , 0.0378326 , 0.0369383 , 0.0373511 , 0.0364803
0.4732 , 0.0372308 , 0.0363498 , 0.0367606 , 0.0359028
0.4736 , 0.0366275 , 0.0357599 , 0.0361686 , 0.035324
0.474 , 0.0360228 , 0.0351686 , 0.0355751 , 0.0347438
0.4744 , 0.0354165 , 0.0345758 , 0.0349803 , 0.0341622
0.4748 , 0.0348089 , 0.0339817 , 0.034384 , 0.0335792
0.4752 , 0.0341998 , 0.0333862 , 0.0337864 , 0.0329949
0.4756 , 0.0335893 , 0.0327893 , 0.0331874 , 0.0324093
0.476 , 0.0329775 , 0.0321912 , 0.032587 , 0.0318225
0.4764 , 0.0323643 , 0.0315918 , 0.0319854 , 0.0312344
0.4768 , 0.0317498 , 0.0309911 , 0.0313824 , 0.030645
0.4772 , 0.031134 , 0.0303891 , 0.0307783 , 0.0300545
0.4776 , 0.0305169 , 0.029786 , 0.0301728 , 0.0294627
0.478 , 0.0298986 , 0.0291816 , 0.0295662 , 0.0288698
0.4784 , 0.029279 , 0.0285761 , 0.0289584 , 0.0282758
0.4788 , 0.0286583 , 0.0279695 , 0.0283494 , 0.0276807
0.4792 , 0.0280364 , 0.0273617 , 0.0277393 , 0.0270844
0.4796 , 0.0274134 , 0.0267529 , 0.027128 , 0.0264871
0.48 , 0.0267892 , 0.0261429 , 0.0265157 , 0.0258888
0.4804 , 0.0261639 , 0.0255319 , 0.0259023 , 0.0252894
0.4808 , 0.0255376 , 0.0249199 , 0.0252879 , 0.0246891
0.4812 , 0.0249102 , 0.0243069 , 0.0246724 , 0.0240878
0.4816 , 0.0242818 , 0.023693 , 0.024056 , 0.0234855
0.482 , 0.0236524 , 0.0230781 , 0.0234385 , 0.0228824
0.4824 , 0.023022 , 0.0224622 , 0.0228202 , 0.0222783
0.4828 , 0.0223907 , 0.0218455 , 0.0222009 , 0.0216733
0.4832 , 0.0217584 , 0.0212279 , 0.0215807 , 0.0210676
0.4836 , 0.0211253 , 0.0206094 , 0.0209597 , 0.0204609
0.484 , 0.0204913 , 0.0199901 , 0.0203378 , 0.0198535
0.4844 , 0.0198564 , 0.01937 , 0.0197151 , 0.0192453
0.4848 , 0.0192208 , 0.0187492 , 0.0190916 , 0.0186364
0.4852 , 0.0185843 , 0.0181275 , 0.0184674 , 0.0180267
0.4856 , 0.017947 , 0.0175052 , 0.0178424 , 0.0174164
0.486 , 0.0173091 , 0.0168822 , 0.0172167 , 0.0168053
0.4864 , 0.0166704 , 0.0162585 , 0.0165902 , 0.0161936
0.4868 , 0.016031 , 0.0156341 , 0.0159632 , 0.0155813
0.4872 , 0.0153909 , 0.0150091 , 0.0153354 , 0.0149684
0.4876 , 0.0147502 , 0.0143835 , 0.0147071 , 0.0143549
0.488 , 0.0141089 , 0.0137574 , 0.0140782 , 0.0137408
0.4884 , 0.013467 , 0.0131306 , 0.0134486 , 0.0131262
0.4888 , 0.0128245 , 0.0125034 , 0.0128186 , 0.0125111
0.4892 , 0.0121815 , 0.0118757 , 0.012188 , 0.0118955
0.4896 , 0.011538 , 0.0112475 , 0.011557 , 0.0112795
0.49 , 0.010894 , 0.0106188 , 0.0109254 , 0.010663
0.4904 , 0.0102495 , 0.0099897 , 0.0102935 , 0.0100462
0.4908 , 0.00960462 , 0.00936021 , 0.00966108 , 0.0094289
0.4912 , 0.00895931 , 0.00873035 , 0.0090283 , 0.00881129
0.4916 , 0.00831361 , 0.00810013 , 0.00839516 , 0.00819335
0.492 , 0.00766755 , 0.0074696 , 0.00776167 , 0.0075751
0.4924 , 0.00702116 , 0.00683876 , 0.00712787 , 0.00695656
0.4928 , 0.00637446 , 0.00620766 , 0.00649378 , 0.00633777
0.4932 , 0.00572749 , 0.0055763 , 0.00585943 , 0.00571874
0.4936 , 0.00508025 , 0.00494472 , 0.00522483 , 0.0050995
0.494 , 0.00443279 , 0.00431294 , 0.00459002 , 0.00448008
0.4944 , 0.00378513 , 0.00368099 , 0.00395503 , 0.0038605
0.4948 , 0.00313729 , 0.00304889 , 0.00331987 , 0.00324078
0.4952 , 0.00248929 , 0.00241667 , 0.00268457 , 0.00262096
0.4956 , 0.00184117 , 0.00178436 , 0.00204916 , 0.00200105
0.496 , 0.00119295 , 0.00115197 , 0.00141366 , 0.00138108
0.4964 , 0.000544662 , 0.000519538 , 0.000778097 , 0.000761074
0.4968 , -0.000103678 , -0.000112917 , 0.000142501 , 0.000141058
0.4972 , -0.00075204 , -0.000745366 , -0.000493106 , -0.000478944
0.4976 , -0.0014004 , -0.00137779 , -0.0011287 , -0.00109891
0.498 , -0.00204872 , -0.00201015 , -0.00176425 , -0.00171881
0.4984 , -0.002697 , -0.00264244 , -0.00239974 , -0.00233862
0.4988 , -0.00334519 , -0.00327461 , -0.00303513 , -0.00295831
0.4992 , -0.00399327 , -0.00390666 , -0.00367041 , -0.00357787
0.4996 , -0.00464122 , -0.00453855 , -0.00430555 , -0.00419727
0.5 , -0.005289 , -0.00517026 , -0.00494052 , -0.00481648
0.5004 , -0.00593661 , -0.00580177 , -0.0055753 , -0.00543547
0.5008 , -0.006584 , -0.00643304 , -0.00620986 , -0.00605423
0.5012 , -0.00723115 , -0.00706405 , -0.00684418 , -0.00667273
0.5016 , -0.00787804 , -0.00769478 , -0.00747823 , -0.00729094
0.502 , -0.00852464 , -0.00832521 , -0.00811198 , -0.00790884
0.5024 , -0.00917093 , -0.0089553 , -0.00874541 , -0.0085264
0.5028 , -0.00981687 , -0.00958503 , -0.0093785 , -0.0091436
0.5032 , -0.0104625 , -0.0102144 , -0.0100112 , -0.00976042
0.5036 , -0.0111076 , -0.0108433 , -0.0106435 , -0.0103768
0.504 , -0.0117524 , -0.0114718 , -0.0112755 , -0.0109928
0.5044 , -0.0123967 , -0.0120999 , -0.0119069 , -0.0116083
0.5048 , -0.0130406 , -0.0127274 , -0.0125379 , -0.0122233
0.5052 , -0.0136839 , -0.0133545 , -0.0131684 , -0.0128379
0.5056 , -0.0143268 , -0.013981 , -0.0137984 , -0.0134518
0.506 , -0.0149691 , -0.014607 , -0.0144278 , -0.0140653
0.5064 , -0.0156108 , -0.0152323 , -0.0150566 , -0.0146781
0.5068 , -0.0162519 , -0.0158571 , -0.0156849 , -0.0152904
0.5072 , -0.0168924 , -0.0164812 , -0.0163125 , -0.015902
0.5076 , -0.0175322 , -0.0171047 , -0.0169395 , -0.0165129
0.508 , -0.0181714 , -0.0177275 , -0.0175658 , -0.0171232
0.5084 , -0.0188098 , -0.0183496 , -0.0181914 , -0.0177328
0.5088 , -0.0194476 , -0.0189709 , -0.0188163 , -0.0183416
0.5092 , -0.0200846 , -0.0195915 , -0.0194404 , -0.0189497
0.5096 , -0.0207208 , -0.0202113 , -0.0200638 , -0.019557
0.51 , -0.0213562 , -0.0208303 , -0.0206864 , -0.0201635
0.5104 , -0.0219908 , -0.0214485 , -0.0213081 , -0.0207692
0.5108 , -0.0226245 , -0.0220658 , -0.021929 , -0.021374
0.5112 , -0.0232573 , -0.0226822 , -0.0225491 , -0.021978
0.5116 , -0.0238893 , -0.0232977 , -0.0231682 , -0.022581
0.512 , -0.0245203 , -0.0239123 , -0.0237864 , -0.0231832
0.5124 , -0.0251503 , -0.0245259 , -0.0244037 , -0.0237843
0.5128 , -0.0257794 , -0.0251386 , -0.02502 , -0.0243846
0.5132 , -0.0264074 , -0.0257502 , -0.0256353 , -0.0249838
0.5136 , -0.0270345 , -0.0263608 , -0.0262495 , -0.025582
0.514 , -0.0276605 , -0.0269704 , -0.0268628 , -0.0261792
0.5144 , -0.0282853 , -0.0275789 , -0.0274749 , -0.0267752
0.5148 , -0.0289091 , -0.0281862 , -0.028086 , -0.0273703
0.5152 , -0.0295318 , -0.0287925 , -0.028696 , -0.0279641
0.5156 , -0.0301533 , -0.0293976 , -0.0293048 , -0.0285569
0.516 , -0.0307736 , -0.0300015 , -0.0299124 , -0.0291485
0.5164 , -0.0313927 , -0.0306042 , -0.0305188 , -0.0297389
0.5168 , -0.0320106 , -0.0312057 , -0.0311241 , -0.0303281
0.5172 , -0.0326272 , -0.031806 , -0.0317281 , -0.0309161
0.5176 , -0.0332426 , -0.0324049 , -0.0323308 , -0.0315028
0.518 , -0.0338566 , -0.0330026 , -0.0329322 , -0.0320882
0.5184 , -0.0344693 , -0.033599 , -0.0335324 , -0.0326724
0.5188 , -0.0350807 , -0.034194 , -0.0341312 , -0.0332552
0.5192 , -0.0356907 , -0.0347876 , -0.0347286 , -0.0338366
0.5196 , -0.0362992 , -0.0353799 , -0.0353246 , -0.0344167
0.52 , -0.0369064 , -0.0359707 , -0.0359193 , -0.0349954
0.5204 , -0.0375121 , -0.0365601 , -0.0365125 , -0.0355727
0.5208 , -0.0381163 , -0.037148 , -0.0371042 , -0.0361485
0.5212 , -0.038719 , -0.0377345 , -0.0376945 , -0.0367229
0.5216 , -0.0393202 , -0.0383194 , -0.0382833 , -0.0372957
0.522 , -0.0399199 , -0.0389029 , -0.0388705 , -0.0378671
0.5224 , -0.0405179 , -0.0394847 , -0.0394562 , -0.038437
0.5228 , -0.0411144 , -0.040065 , -0.0400403 , -0.0390052
0.5232 , -0.0417093 , -0.0406437 , -0.0406228 , -0.0395719
0.5236 , -0.0423025 , -0.0412207 , -0.0412037 , -0.040137
0.524 , -0.042894 , -0.0417961 , -0.041783 , -0.0407005
0.5244 , -0.0434839 , -0.0423698 , -0.0423606 , -0.0412623
0.5248 , -0.044072 , -0.0429418 , -0.0429365 , -0.0418225
0.5252 , -0.0446584 , -0.0435122 , -0.0435107 , -0.042381
0.5256 , -0.045243 , -0.0440807 , -0.0440831 , -0.0429377
0.526 , -0.0458259 , -0.0446475 , -0.0446538 , -0.0434928
0.5264 , -0.0464069 , -0.0452126 , -0.0452227 , -0.044046
0.5268 , -0.0469861 , -0.0457758 , -0.0457898 , -0.0445975
0.5272 , -0.0475634 , -0.0463372 , -0.0463551 , -0.0451472
0.5276 , -0.0481389 , -0.0468967 , -0.0469185 , -0.0456951
0.528 , -0.0487125 , -0.0474543 , -0.0474801 , -0.0462411
0.5284 , -0.0492841 , -0.0480101 , -0.0480397 , -0.0467852
0.5288 , -0.0498538 , -0.0485639 , -0.0485975 , -0.0473275
0.5292 , -0.0504215 , -0.0491158 , -0.0491533 , -0.0478678
0.5296 , -0.0509873 , -0.0496658 , -0.0497071 , -0.0484063
0.53 , -0.051551 , -0.0502137 , -0.050259 , -0.0489427
0.5304 , -0.0521126 , -0.0507596 , -0.0508088 , -0.0494772
0.5308 , -0.0526722 , -0.0513035 , -0.0513567 , -0.0500097
0.5312 , -0.0532298 , -0.0518454 , -0.0519025 , -0.0505402
0.5316 , -0.0537852 , -0.0523852 , -0.0524462 , -0.0510686
0.532 , -0.0543385 , -0.0529228 , -0.0529878 , -0.051595
0.5324 , -0.0548896 , -0.0534584 , -0.0535273 , -0.0521193
0.5328 , -0.0554386 , -0.0539918 , -0.0540646 , -0.0526415
0.5332 , -0.0559853 , -0.0545231 , -0.0545998 , -0.0531616
0.5336 , -0.0565299 , -0.0550522 , -0.0551328 , -0.0536795
0.534 , -0.0570722 , -0.0555791 , -0.0556637 , -0.0541953
0.5344 , -0.0576122 , -0.0561037 , -0.0561923 , -0.0547089
0.5348 , -0.05815 , -0.0566261 , -0.0567186 , -0.0552202
0.5352 , -0.0586854 , -0.0571463 , -0.0572427 , -0.0557294
0.5356 , -0.0592186 , -0.0576642 , -0.0577645 , -0.0562363
0.536 , -0.0597494 , -0.0581797 , -0.058284 , -0.0567409
0.5364 , -0.0602778 , -0.058693 , -0.0588012 , -0.0572433
0.5368 , -0.0608038 , -0.0592038 , -0.059316 , -0.0577433
0.5372 , -0.0613274 , -0.0597124 , -0.0598285 , -0.0582411
0.5376 , -0.0618486 , -0.0602185 , -0.0603385 , -0.0587365
0.538 , -0.0623673 , -0.0607222 , -0.0608462 , -0.0592295
0.5384 , -0.0628836 , -0.0612235 , -0.0613514 , -0.0597201
0.5388 , -0.0633974 , -0.0617223 , -0.0618542 , -0.0602083
0.5392 , -0.0639086 , -0.0622187 , -0.0623545 , -0.0606941
0.5396 , -0.0644173 , -0.0627126 , -0.0628523 , -0.0611775
0.54 , -0.0649235 , -0.063204 , -0.0633476 , -0.0616584
0.5404 , -0.0654271 , -0.0636928 , -0.0638404 , -0.0621368
0.5408 , -0.065928 , -0.0641791 , -0.0643306 , -0.0626127
0.5412 , -0.0664264 , -0.0646628 , -0.0648183 , -0.0630861
0.5416 , -0.0669221 , -0.065144 , -0.0653033 , -0.0635569
0.542 , -0.0674152 , -0.0656225 , -0.0657858 , -0.0640252
0.5424 , -0.0679056 , -0.0660984 , -0.0662656 , -0.064491
0.5428 , -0.0683933 , -0.0665717 , -0.0667428 , -0.0649541
0.5432 , -0.0688783 , -0.0670423 , -0.0672173 , -0.0654146
0.5436 , -0.0693605 , -0.0675102 , -0.0676892 , -0.0658725
0.544 , -0.06984 , -0.0679755 , -0.0681583 , -0.0663277
0.5444 , -0.0703167 , -0.068438 , -0.0686247 , -0.0667803
0.5448 , -0.0707906 , -0.0688977 , -0.0690884 , -0.0672302
0.5452 , -0.0712617 , -0.0693547 , -0.0695493 , -0.0676773
0.5456 , -0.07173 , -0.069809 , -0.0700074 , -0.0681218
0.546 , -0.0721955 , -0.0702604 , -0.0704627 , -0.0685635
0.5464 , -0.072658 , -0.0707091 , -0.0709152 , -0.0690025
0.5468 , -0.0731177 , -0.0711549 , -0.0713649 , -0.0694387
0.5472 , -0.0735744 , -0.0715978 , -0.0718118 , -0.0698721
0.5476 , -0.0740283 , -0.0720379 , -0.0722557 , -0.0703026
0.548 , -0.0744792 , -0.0724751 , -0.0726968 , -0.0707304
0.5484 , -0.0749271 , -0.0729095 , -0.073135 , -0.0711553
0.5488 , -0.0753721 , -0.0733409 , -0.0735702 , -0.0715774
0.5492 , -0.075814 , -0.0737693 , -0.0740025 , -0.0719965
0.5496 , -0.076253 , -0.0741948 , -0.0744319 , -0.0724128
0.55 , -0.0766889 , -0.0746174 , -0.0748583 , -0.0728262
0.5504 , -0.0771217 , -0.075037 , -0.0752817 , -0.0732367
0.5508 , -0.0775515 , -0.0754535 , -0.0757021 , -0.0736442
0.5512 , -0.0779782 , -0.0758671 , -0.0761194 , -0.0740487
0.5516 , -0.0784018 , -0.0762776 , -0.0765337 , -0.0744503
0.552 , -0.0788223 , -0.076685 , -0.076945 , -0.0748489
0.5524 , -0.0792397 , -0.0770894 , -0.0773532 , -0.0752445
0.5528 , -0.0796539 , -0.0774907 , -0.0777583 , -0.075637
0.5532 , -0.0800649 , -0.0778889 , -0.0781603 , -0.0760265
0.5536 , -0.0804728 , -0.078284 , -0.0785591 , -0.076413
0.554 , -0.0808774 , -0.078676 , -0.0789548 , -0.0767964
0.5544 , -0.0812788 , -0.0790648 , -0.0793474 , -0.0771767
0.5548 , -0.081677 , -0.0794505 , -0.0797368 , -0.0775539
0.5552 , -0.0820719 , -0.0798329 , -0.080123 , -0.077928
0.5556 , -0.0824636 , -0.0802122 , -0.080506 , -0.078299
0.556 , -0.082852 , -0.0805883 , -0.0808858 , -0.0786668
0.5564 , -0.0832371 , -0.0809611 , -0.0812624 , -0.0790315
0.5568 , -0.0836188 , -0.0813307 , -0.0816357 , -0.079393
0.5572 , -0.0839973 , -0.0816971 , -0.0820057 , -0.0797513
0.5576 , -0.0843724 , -0.0820602 , -0.0823725 , -0.0801064
0.558 , -0.0847441 , -0.08242 , -0.082736 , -0.0804583
0.5584 , -0.0851125 , -0.0827765 , -0.0830962 , -0.0808069
0.5588 , -0.0854775 , -0.0831297 , -0.083453 , -0.0811523
0.5592 , -0.085839 , -0.0834796 , -0.0838065 , -0.0814945
0.5596 , -0.0861972 , -0.0838261 , -0.0841567 , -0.0818334
0.56 , -0.0865519 , -0.0841693 , -0.0845035 , -0.082169
0.5604 , -0.0869032 , -0.0845091 , -0.0848469 , -0.0825013
0.5608 , -0.087251 , -0.0848455 , -0.085187 , -0.0828303
0.5612 , -0.0875953 , -0.0851786 , -0.0855236 , -0.083156
0.5616 , -0.0879361 , -0.0855082 , -0.0858568 , -0.0834783
0.562 , -0.0882735 , -0.0858344 , -0.0861866 , -0.0837973
0.5624 , -0.0886073 , -0.0861572 , -0.0865129 , -0.0841129
0.5628 , -0.0889376 , -0.0864765 , -0.0868358 , -0.0844252
0.5632 , -0.0892643 , -0.0867924 , -0.0871552 , -0.084734
0.5636 , -0.0895875 , -0.0871048 , -0.0874712 , -0.0850395
0.564 , -0.0899071 , -0.0874137 , -0.0877836 , -0.0853415
0.5644 , -0.0902232 , -0.0877191 , -0.0880925 , -0.0856402
0.5648 , -0.0905356 , -0.088021 , -0.0883979 , -0.0859354
0.5652 , -0.0908444 , -0.0883194 , -0.0886998 , -0.0862271
0.5656 , -0.0911496 , -0.0886143 , -0.0889981 , -0.0865154
0.566 , -0.0914512 , -0.0889056 , -0.0892929 , -0.0868002
0.5664 , -0.0917491 , -0.0891934 , -0.089584 , -0.0870816
0.5668 , -0.0920434 , -0.0894776 , -0.0898717 , -0.0873594
0.5672 , -0.092334 , -0.0897582 , -0.0901557 , -0.0876337
0.5676 , -0.0926209 , -0.0900352 , -0.0904361 , -0.0879046
0.568 , -0.0929041 , -0.0903086 , -0.0907129 , -0.0881719
0.5684 , -0.0931836 , -0.0905784 , -0.0909861 , -0.0884356
0.5688 , -0.0934594 , -0.0908446 , -0.0912556 , -0.0886959
0.5692 , -0.0937315 , -0.0911071 , -0.0915215 , -0.0889525
0.5696 , -0.0939999 , -0.091366 , -0.0917837 , -0.0892056
0.57 , -0.0942644 , -0.0916213 , -0.0920423 , -0.0894552
0.5704 , -0.0945253 , -0.0918729 , -0.0922972 , -0.0897011
0.5708 , -0.0947823 , -0.0921208 , -0.0925483 , -0.0899434
0.5712 , -0.0950356 , -0.092365 , -0.0927958 , -0.0901822
0.5716 , -0.0952851 , -0.0926056 , -0.0930396 , -0.0904173
0.572 , -0.0955308 , -0.0928424 , -0.0932797 , -0.0906488
0.5724 , -0.0957726 , -0.0930755 , -0.093516 , -0.0908767
0.5728 , -0.0960107 , -0.0933049 , -0.0937486 , -0.0911009
0.5732 , -0.0962449 , -0.0935305 , -0.0939775 , -0.0913214
0.5736 , -0.0964753 , -0.0937525 , -0.0942025 , -0.0915384
0.574 , -0.0967018 , -0.0939706 , -0.0944239 , -0.0917516
0.5744 , -0.0969245 , -0.094185 , -0.0946414 , -0.0919612
0.5748 , -0.0971433 , -0.0943957 , -0.0948552 , -0.092167
0.5752 , -0.0973582 , -0.0946025 , -0.0950651 , -0.0923692
0.5756 , -0.0975692 , -0.0948056 , -0.0952713 , -0.0925677
0.576 , -0.0977764 , -0.0950049 , -0.0954737 , -0.0927625
0.5764 , -0.0979796 , -0.0952004 , -0.0956722 , -0.0929536
0.5768 , -0.098179 , -0.0953921 , -0.0958669 , -0.0931409
0.5772 , -0.0983744 , -0.0955799 , -0.0960578 , -0.0933245
0.5776 , -0.0985659 , -0.095764 , -0.0962449 , -0.0935044
0.578 , -0.0987534 , -0.0959442 , -0.0964281 , -0.0936805
0.5784 , -0.098937 , -0.0961206 , -0.0966074 , -0.0938529
0.5788 , -0.0991167 , -0.0962931 , -0.0967829 , -0.0940215
0.5792 , -0.0992924 , -0.0964618 , -0.0969545 , -0.0941863
0.5796 , -0.0994641 , -0.0966266 , -0.0971222 , -0.0943474
0.58 , -0.0996319 , -0.0967875 , -0.0972861 , -0.0945047
0.5804 , -0.0997956 , -0.0969446 , -0.097446 , -0.0946582
0.5808 , -0.0999554 , -0.0970978 , -0.0976021 , -0.0948079
0.5812 , -0.100111 , -0.0972472 , -0.0977542 , -0.0949538
0.5816 , -0.100263 , -0.0973926 , -0.0979025 , -0.0950959
0.582 , -0.100411 , -0.0975341 , -0.0980468 , -0.0952342
0.5824 , -0.100555 , -0.0976718 , -0.0981872 , -0.0953687
0.5828 , -0.100694 , -0.0978055 , -0.0983237 , -0.0954994
0.5832 , -0.10083 , -0.0979353 , -0.0984563 , -0.0956262
0.5836 , -0.100962 , -0.0980612 , -0.0985849 , -0.0957493
0.584 , -0.10109 , -0.0981832 , -0.0987095 , -0.0958684
0.5844 , -0.101213 , -0.0983012 , -0.0988303 , -0.0959838
0.5848 , -0.101333 , -0.0984153 , -0.0989471 , -0.0960953
0.5852 , -0.101448 , -0.0985255 , -0.0990599 , -0.096203
0.5856 , -0.10156 , -0.0986317 , -0.0991687 , -0.0963068
0.586 , -0.101667 , -0.098734 , -0.0992736 , -0.0964067
0.5864 , -0.101771 , -0.0988324 , -0.0993745 , -0.0965028
0.5868 , -0.10187 , -0.0989268 , -0.0994715 , -0.096595
0.5872 , -0.101965 , -0.0990172 , -0.0995645 , -0.0966834
0.5876 , -0.102057 , -0.0991037 , -0.0996534 , -0.0967679
0.588 , -0.102144 , -0.0991862 , -0.0997384 , -0.0968485
0.5884 , -0.102227 , -0.0992647 , -0.0998194 , -0.0969252
0.5888 , -0.102306 , -0.0993393 , -0.0998965 , -0.0969981
0.5892 , -0.10238 , -0.0994099 , -0.0999695 , -0.0970671
0.5896 , -0.102451 , -0.0994765 , -0.100039 , -0.0971322
0.59 , -0.102518 , -0.0995391 , -0.100104 , -0.0971934
0.5904 , -0.10258 , -0.0995978 , -0.100165 , -0.0972507
0.5908 , -0.102639 , -0.0996525 , -0.100222 , -0.0973041
0.5912 , -0.102693 , -0.0997032 , -0.100275 , -0.0973537
0.5916 , -0.102743 , -0.0997499 , -0.100324 , -0.0973993
0.592 , -0.10279 , -0.0997926 , -0.100369 , -0.097441
0.5924 , -0.102832 , -0.0998313 , -0.10041 , -0.0974789
0.5928 , -0.10287 , -0.099866 , -0.100446 , -0.0975128
0.5932 , -0.102903 , -0.0998967 , -0.100479 , -0.0975429
0.5936 , -0.102933 , -0.0999235 , -0.100508 , -0.097569
0.594 , -0.102959 , -0.0999462 , -0.100533 , -0.0975912
0.5944 , -0.10298 , -0.099965 , -0.100554 , -0.0976096
0.5948 , -0.102997 , -0.0999797 , -0.100571 , -0.097624
0.5952 , -0.103011 , -0.0999904 , -0.100584 , -0.0976345
0.5956 , -0.10302 , -0.0999972 , -0.100593 , -0.0976411
0.596 , -0.103025 , -0.0999999 , -0.100597 , -0.0976438
0.5964 , -0.103026 , -0.0999987 , -0.100598 , -0.0976426
0.5968 , -0.103022 , -0.0999934 , -0.100595 , -0.0976375
0.5972 , -0.103015 , -0.0999842 , -0.100588 , -0.0976285
0.5976 , -0.103003 , -0.0999709 , -0.100576 , -0.0976156
0.598 , -0.102988 , -0.0999536 , -0.100561 , -0.0975988
0.5984 , -0.102968 , -0.0999324 , -0.100542 , -0.097578
0.5988 , -0.102944 , -0.0999071 , -0.100518 , -0.0975534
0.5992 , -0.102916 , -0.0998779 , -0.100491 , -0.0975249
0.5996 , -0.102884 , -0.0998447 , -0.100459 , -0.0974925
0.6 , -0.102848 , -0.0998074 , -0.100424 , -0.0974561
0.6004 , -0.102808 , -0.0997662 , -0.100385 , -0.0974159
0.6008 , -0.102763 , -0.099721 , -0.100341 , -0.0973718
0.6012 , -0.102715 , -0.0996718 , -0.100294 , -0.0973238
0.6016 , -0.102662 , -0.0996186 , -0.100242 , -0.0972719
0.602 , -0.102605 , -0.0995614 , -0.100187 , -0.0972161
0.6024 , -0.102544 , -0.0995002 , -0.100127 , -0.0971564
0.6028 , -0.102479 , -0.0994351 , -0.100064 , -0.0970929
0.6032 , -0.10241 , -0.099366 , -0.099996 , -0.0970254
0.6036 , -0.102337 , -0.0992929 , -0.0999245 , -0.0969541
0.604 , -0.10226 , -0.0992158 , -0.099849 , -0.0968789
0.6044 , -0.102178 , -0.0991348 , -0.0997694 , -0.0967998
0.6048 , -0.102093 , -0.0990498 , -0.0996859 , -0.0967169
0.6052 , -0.102003 , -0.0989608 , -0.0995984 , -0.0966301
0.6056 , -0.10191 , -0.0988679 , -0.099507 , -0.0965394
0.606 , -0.101812 , -0.098771 , -0.0994115 , -0.0964449
0.6064 , -0.10171 , -0.0986702 , -0.0993121 , -0.0963465
0.6068 , -0.101604 , -0.0985654 , -0.0992087 , -0.0962443
0.6072 , -0.101494 , -0.0984567 , -0.0991013 , -0.0961382
0.6076 , -0.10138 , -0.0983441 , -0.0989899 , -0.0960283
0.608 , -0.101262 , -0.0982275 , -0.0988746 , -0.0959145
0.6084 , -0.10114 , -0.098107 , -0.0987554 , -0.0957969
0.6088 , -0.101014 , -0.0979825 , -0.0986321 , -0.0956755
0.6092 , -0.100884 , -0.0978542 , -0.098505 , -0.0955503
0.6096 , -0.100749 , -0.0977219 , -0.0983739 , -0.0954212
0.61 , -0.100611 , -0.0975857 , -0.0982388 , -0.0952883
0.6104 , -0.100469 , -0.0974456 , -0.0980999 , -0.0951517
0.6108 , -0.100322 , -0.0973016 , -0.097957 , -0.0950112
0.6112 , -0.100172 , -0.0971538 , -0.0978102 , -0.0948669
0.6116 , -0.100018 , -0.097002 , -0.0976595 , -0.0947188
0.612 , -0.0998593 , -0.0968464 , -0.0975048 , -0.094567
0.6124 , -0.0996969 , -0.0966868 , -0.0973463 , -0.0944114
0.6128 , -0.0995306 , -0.0965235 , -0.0971839 , -0.094252
0.6132 , -0.0993602 , -0.0963562 , -0.0970175 , -0.0940888
0.6136 , -0.0991859 , -0.0961851 , -0.0968473 , -0.0939219
0.614 , -0.0990075 , -0.0960102 , -0.0966733 , -0.0937512
0.6144 , -0.0988252 , -0.0958314 , -0.0964953 , -0.0935768
0.6148 , -0.098639 , -0.0956488 , -0.0963135 , -0.0933986
0.6152 , -0.0984488 , -0.0954623 , -0.0961279 , -0.0932167
0.6156 , -0.0982546 , -0.0952721 , -0.0959383 , -0.0930311
0.616 , -0.0980566 , -0.095078 , -0.095745 , -0.0928418
0.6164 , -0.0978545 , -0.0948801 , -0.0955478 , -0.0926488
0.6168 , -0.0976486 , -0.0946784 , -0.0953468 , -0.092452
0.6172 , -0.0974387 , -0.094473 , -0.095142 , -0.0922516
0.6176 , -0.097225 , -0.0942637 , -0.0949334 , -0.0920475
0.618 , -0.0970073 , -0.0940507 , -0.094721 , -0.0918397
0.6184 , -0.0967858 , -0.0938339 , -0.0945048 , -0.0916283
0.6188 , -0.0965604 , -0.0936134 , -0.0942848 , -0.0914132
0.6192 , -0.0963311 , -0.0933892 , -0.094061 , -0.0911944
0.6196 , -0.0960979 , -0.0931611 , -0.0938335 , -0.090972
0.62 , -0.0958609 , -0.0929294 , -0.0936022 , -0.090746
0.6204 , -0.09562 , -0.092694 , -0.0933672 , -0.0905163
0.6208 , -0.0953753 , -0.0924548 , -0.0931284 , -0.090283
0.6212 , -0.0951268 , -0.092212 , -0.0928859 , -0.0900462
0.6216 , -0.0948745 , -0.0919654 , -0.0926397 , -0.0898057
0.622 , -0.0946184 , -0.0917152 , -0.0923898 , -0.0895617
0.6224 , -0.0943584 , -0.0914613 , -0.0921361 , -0.089314
0.6228 , -0.0940947 , -0.0912038 , -0.0918788 , -0.0890629
0.6232 , -0.0938272 , -0.0909426 , -0.0916178 , -0.0888081
0.6236 , -0.093556 , -0.0906777 , -0.0913532 , -0.0885498
0.624 , -0.093281 , -0.0904093 , -0.0910849 , -0.088288
0.6244 , -0.0930022 , -0.0901372 , -0.0908129 , -0.0880227
0.6248 , -0.0927197 , -0.0898615 , -0.0905374 , -0.0877538
0.6252 , -0.0924335 , -0.0895822 , -0.0902581 , -0.0874815
0.6256 , -0.0921436 , -0.0892994 , -0.0899753 , -0.0872056
0.626 , -0.09185 , -0.0890129 , -0.0896889 , -0.0869263
0.6264 , -0.0915527 , -0.0887229 , -0.0893989 , -0.0866435
0.6268 , -0.0912518 , -0.0884294 , -0.0891053 , -0.0863572
0.6272 , -0.0909471 , -0.0881323 , -0.0888081 , -0.0860675
0.6276 , -0.0906388 , -0.0878317 , -0.0885074 , -0.0857744
0.628 , -0.0903269 , -0.0875276 , -0.0882032 , -0.0854779
0.6284 , -0.0900114 , -0.08722 , -0.0878954 , -0.0851779
0.6288 , -0.0896922 , -0.0869089 , -0.0875841 , -0.0848745
0.6292 , -0.0893695 , -0.0865943 , -0.0872693 , -0.0845678
0.6296 , -0.0890431 , -0.0862762 , -0.086951 , -0.0842577
0.63 , -0.0887132 , -0.0859547 , -0.0866292 , -0.0839442
0.6304 , -0.0883797 , -0.0856298 , -0.0863039 , -0.0836274
0.6308 , -0.0880427 , -0.0853014 , -0.0859752 , -0.0833072
0.6312 , -0.0877021 , -0.0849696 , -0.0856431 , -0.0829837
0.6316 , -0.0873581 , -0.0846345 , -0.0853075 , -0.082657
0.632 , -0.0870105 , -0.0842959 , -0.0849685 , -0.0823269
0.6324 , -0.0866594 , -0.083954 , -0.0846261 , -0.0819935
0.6328 , -0.0863048 , -0.0836087 , -0.0842803 , -0.0816569
0.6332 , -0.0859468 , -0.0832601 , -0.0839312 , -0.081317
0.6336 , -0.0855853 , -0.0829081 , -0.0835787 , -0.0809738
0.634 , -0.0852204 , -0.0825528 , -0.0832228 , -0.0806275
0.6344 , -0.084852 , -0.0821942 , -0.0828636 , -0.0802779
0.6348 , -0.0844803 , -0.0818324 , -0.0825011 , -0.0799251
0.6352 , -0.0841051 , -0.0814672 , -0.0821353 , -0.0795692
0.6356 , -0.0837266 , -0.0810988 , -0.0817662 , -0.07921
0.636 , -0.0833447 , -0.0807272 , -0.0813938 , -0.0788477
0.6364 , -0.0829594 , -0.0803523 , -0.0810182 , -0.0784823
0.6368 , -0.0825709 , -0.0799742 , -0.0806393 , -0.0781137
0.6372 , -0.082179 , -0.0795929 , -0.0802572 , -0.0777421
0.6376 , -0.0817838 , -0.0792084 , -0.0798719 , -0.0773673
0.638 , -0.0813853 , -0.0788208 , -0.0794833 , -0.0769894
0.6384 , -0.0809835 , -0.07843 , -0.0790916 , -0.0766085
0.6388 , -0.0805785 , -0.0780361 , -0.0786968 , -0.0762246
0.6392 , -0.0801703 , -0.077639 , -0.0782988 , -0.0758375
0.6396 , -0.0797588 , -0.0772389 , -0.0778976 , -0.0754475
0.64 , -0.0793441 , -0.0768356 , -0.0774933 , -0.0750545
0.6404 , -0.0789262 , -0.0764293 , -0.077086 , -0.0746585
0.6408 , -0.0785052 , -0.0760199 , -0.0766755 , -0.0742595
0.6412 , -0.078081 , -0.0756075 , -0.076262 , -0.0738575
0.6416 , -0.0776536 , -0.0751921 , -0.0758454 , -0.0734526
0.642 , -0.0772232 , -0.0747736 , -0.0754258 , -0.0730448
0.6424 , -0.0767896 , -0.0743522 , -0.0750031 , -0.0726341
0.6428 , -0.0763529 , -0.0739278 , -0.0745775 , -0.0722204
0.6432 , -0.0759132 , -0.0735004 , -0.0741488 , -0.0718039
0.6436 , -0.0754704 , -0.0730701 , -0.0737172 , -0.0713846
0.644 , -0.0750246 , -0.0726368 , -0.0732827 , -0.0709624
0.6444 , -0.0745758 , -0.0722007 , -0.0728452 , -0.0705373
0.6448 , -0.0741239 , -0.0717617 , -0.0724048 , -0.0701095
0.6452 , -0.0736691 , -0.0713198 , -0.0719615 , -0.0696789
0.6456 , -0.0732113 , -0.070875 , -0.0715153 , -0.0692455
0.646 , -0.0727506 , -0.0704274 , -0.0710662 , -0.0688093
0.6464 , -0.0722869 , -0.069977 , -0.0706143 , -0.0683705
0.6468 , -0.0718203 , -0.0695238 , -0.0701596 , -0.0679288
0.6472 , -0.0713508 , -0.0690678 , -0.0697021 , -0.0674845
0.6476 , -0.0708785 , -0.0686091 , -0.0692417 , -0.0670375
0.648 , -0.0704033 , -0.0681476 , -0.0687786 , -0.0665879
0.6484 , -0.0699253 , -0.0676834 , -0.0683128 , -0.0661355
0.6488 , -0.0694444 , -0.0672165 , -0.0678442 , -0.0656806
0.6492 , -0.0689608 , -0.0667468 , -0.0673729 , -0.065223
0.6496 , -0.0684744 , -0.0662746 , -0.0668989 , -0.0647629
0.65 , -0.0679852 , -0.0657996 , -0.0664222 , -0.0643002
0.6504 , -0.0674933 , -0.0653221 , -0.0659428 , -0.0638349
0.6508 , -0.0669986 , -0.0648419 , -0.0654608 , -0.0633671
0.6512 , -0.0665013 , -0.0643591 , -0.0649762 , -0.0628967
0.6516 , -0.0660013 , -0.0638738 , -0.064489 , -0.0624239
0.652 , -0.0654986 , -0.0633859 , -0.0639992 , -0.0619485
0.6524 , -0.0649933 , -0.0628954 , -0.0635068 , -0.0614707
0.6528 , -0.0644854 , -0.0624025 , -0.0630119 , -0.0609905
0.6532 , -0.0639748 , -0.061907 , -0.0625145 , -0.0605079
0.6536 , -0.0634617 , -0.0614091 , -0.0620146 , -0.0600228
0.654 , -0.062946 , -0.0609087 , -0.0615121 , -0.0595353
0.6544 , -0.0624278 , -0.0604059 , -0.0610072 , -0.0590455
0.6548 , -0.0619071 , -0.0599007 , -0.0604999 , -0.0585534
0.6552 , -0.0613838 , -0.059393 , -0.0599902 , -0.0580589
0.6556 , -0.0608581 , -0.058883 , -0.059478 , -0.0575621
0.656 , -0.06033 , -0.0583707 , -0.0589635 , -0.057063
0.6564 , -0.0597994 , -0.057856 , -0.0584466 , -0.0565617
0.6568 , -0.0592664 , -0.057339 , -0.0579273 , -0.0560581
0.6572 , -0.058731 , -0.0568197 , -0.0574057 , -0.0555523
0.6576 , -0.0581932 , -0.0562981 , -0.0568819 , -0.0550442
0.658 , -0.0576531 , -0.0557742 , -0.0563557 , -0.054534
0.6584 , -0.0571106 , -0.0552482 , -0.0558273 , -0.0540217
0.6588 , -0.0565659 , -0.0547199 , -0.0552967 , -0.0535071
0.6592 , -0.0560188 , -0.0541895 , -0.0547638 , -0.0529905
0.6596 , -0.0554695 , -0.0536568 , -0.0542288 , -0.0524718
0.66 , -0.054918 , -0.0531221 , -0.0536915 , -0.0519509
0.6604 , -0.0543642 , -0.0525852 , -0.0531522 , -0.051428
0.6608 , -0.0538083 , -0.0520462 , -0.0526106 , -0.0509031
0.6612 , -0.0532502 , -0.0515051 , -0.052067 , -0.0503762
0.6616 , -0.0526899 , -0.0509619 , -0.0515213 , -0.0498472
0.662 , -0.0521275 , -0.0504168 , -0.0509735 , -0.0493163
0.6624 , -0.0515629 , -0.0498696 , -0.0504237 , -0.0487834
0.6628 , -0.0509963 , -0.0493204 , -0.0498719 , -0.0482486
0.6632 , -0.0504277 , -0.0487692 , -0.0493181 , -0.0477119
0.6636 , -0.049857 , -0.0482161 , -0.0487623 , -0.0471733
0.664 , -0.0492842 , -0.047661 , -0.0482045 , -0.0466328
0.6644 , -0.0487095 , -0.0471041 , -0.0476448 , -0.0460904
0.6648 , -0.0481328 , -0.0465453 , -0.0470832 , -0.0455463
0.6652 , -0.0475542 , -0.0459846 , -0.0465197 , -0.0450003
0.6656 , -0.0469736 , -0.045422 , -0.0459543 , -0.0444526
0.666 , -0.0463911 , -0.0448577 , -0.0453871 , -0.043903
0.6664 , -0.0458068 , -0.0442915 , -0.0448181 , -0.0433518
0.6668 , -0.0452206 , -0.0437236 , -0.0442473 , -0.0427988
0.6672 , -0.0446326 , -0.0431539 , -0.0436747 , -0.0422442
0.6676 , -0.0440427 , -0.0425825 , -0.0431003 , -0.0416878
0.668 , -0.0434511 , -0.0420094 , -0.0425242 , -0.0411299
0.6684 , -0.0428577 , -0.0414347 , -0.0419465 , -0.0405703
0.6688 , -0.0422626 , -0.0408582 , -0.041367 , -0.040009
0.6692 , -0.0416657 , -0.0402802 , -0.0407859 , -0.0394463
0.6696 , -0.0410672 , -0.0397005 , -0.0402031 , -0.0388819
0.67 , -0.040467 , -0.0391192 , -0.0396187 , -0.038316
0.6704 , -0.0398651 , -0.0385364 , -0.0390328 , -0.0377486
0.6708 , -0.0392617 , -0.037952 , -0.0384452 , -0.0371797
0.6712 , -0.0386566 , -0.0373661 , -0.0378562 , -0.0366093
0.6716 , -0.03805 , -0.0367787 , -0.0372656 , -0.0360375
0.672 , -0.0374418 , -0.0361899 , -0.0366735 , -0.0354643
0.6724 , -0.0368321 , -0.0355995 , -0.0360799 , -0.0348897
0.6728 , -0.0362209 , -0.0350078 , -0.0354849 , -0.0343136
0.6732 , -0.0356083 , -0.0344147 , -0.0348885 , -0.0337363
0.6736 , -0.0349942 , -0.0338202 , -0.0342907 , -0.0331576
0.674 , -0.0343786 , -0.0332243 , -0.0336915 , -0.0325776
0.6744 , -0.0337617 , -0.0326271 , -0.0330909 , -0.0319963
0.6748 , -0.0331434 , -0.0320286 , -0.032489 , -0.0314137
0.6752 , -0.0325237 , -0.0314289 , -0.0318858 , -0.0308299
0.6756 , -0.0319027 , -0.0308278 , -0.0312813 , -0.0302449
0.676 , -0.0312804 , -0.0302256 , -0.0306756 , -0.0296587
0.6764 , -0.0306569 , -0.0296221 , -0.0300687 , -0.0290714
0.6768 , -0.030032 , -0.0290174 , -0.0294605 , -0.0284829
0.6772 , -0.029406 , -0.0284116 , -0.0288511 , -0.0278932
0.6776 , -0.0287788 , -0.0278046 , -0.0282406 , -0.0273025
0.678 , -0.0281503 , -0.0271966 , -0.027629 , -0.0267107
0.6784 , -0.0275208 , -0.0265874 , -0.0270162 , -0.0261179
0.6788 , -0.0268901 , -0.0259772 , -0.0264024 , -0.025524
0.6792 , -0.0262583 , -0.0253659 , -0.0257875 , -0.0249291
0.6796 , -0.0256254 , -0.0247537 , -0.0251715 , -0.0243333
0.68 , -0.0249915 , -0.0241404 , -0.0245546 , -0.0237365
0.6804 , -0.0243565 , -0.0235262 , -0.0239367 , -0.0231387
0.6808 , -0.0237206 , -0.022911 , -0.0233178 , -0.0225401
0.6812 , -0.0230836 , -0.0222949 , -0.0226979 , -0.0219406
0.6816 , -0.0224458 , -0.0216779 , -0.0220772 , -0.0213402
0.682 , -0.021807 , -0.0210601 , -0.0214555 , -0.020739
0.6824 , -0.0211673 , -0.0204414 , -0.020833 , -0.0201369
0.6828 , -0.0205267 , -0.0198219 , -0.0202097 , -0.0195341
0.6832 , -0.0198853 , -0.0192016 , -0.0195855 , -0.0189305
0.6836 , -0.019243 , -0.0185805 , -0.0189606 , -0.0183262
0.684 , -0.0186 , -0.0179587 , -0.0183349 , -0.0177212
0.6844 , -0.0179562 , -0.0173362 , -0.0177085 , -0.0171155
0.6848 , -0.0173117 , -0.016713 , -0.0170813 , -0.0165091
0.6852 , -0.0166664 , -0.0160891 , -0.0164535 , -0.0159021
0.6856 , -0.0160205 , -0.0154645 , -0.0158249 , -0.0152944
0.686 , -0.0153738 , -0.0148394 , -0.0151958 , -0.0146862
0.6864 , -0.0147266 , -0.0142136 , -0.014566 , -0.0140774
0.6868 , -0.0140787 , -0.0135873 , -0.0139357 , -0.0134681
0.6872 , -0.0134302 , -0.0129605 , -0.0133048 , -0.0128582
0.6876 , -0.0127812 , -0.0123331 , -0.0126733 , -0.0122478
0.688 , -0.0121316 , -0.0117052 , -0.0120414 , -0.011637
0.6884 , -0.0114816 , -0.0110769 , -0.0114089 , -0.0110257
0.6888 , -0.010831 , -0.0104481 , -0.010776 , -0.010414
0.6892 , -0.01018 , -0.00981888 , -0.0101427 , -0.00980194
0.6896 , -0.00952851 , -0.00918929 , -0.00950894 , -0.00918948
0.69 , -0.00887665 , -0.00855933 , -0.0088748 , -0.00857666
0.6904 , -0.00822441 , -0.00792903 , -0.0082403 , -0.00796353
0.6908 , -0.00757181 , -0.00729841 , -0.00760547 , -0.00735009
0.6912 , -0.00691888 , -0.0066675 , -0.00697033 , -0.00673638
0.6916 , -0.00626565 , -0.00603632 , -0.0063349 , -0.00612242
0.692 , -0.00561214 , -0.0054049 , -0.00569922 , -0.00550823
0.6924 , -0.00495838 , -0.00477326 , -0.0050633 , -0.00489385
0.6928 , -0.0043044 , -0.00414144 , -0.00442718 , -0.00427928
0.6932 , -0.00365022 , -0.00350944 , -0.00379087 , -0.00366457
0.6936 , -0.00299587 , -0.00287731 , -0.0031544 , -0.00304973
0.694 , -0.00234137 , -0.00224506 , -0.00251781 , -0.00243478
0.6944 , -0.00168675 , -0.00161273 , -0.00188111 , -0.00181976
0.6948 , -0.00103204 , -0.000980323 , -0.00124433 , -0.00120469
0.6952 , -0.000377257 , -0.000347881 , -0.00060749 , -0.000589587
0.6956 , 0.000277565 , 0.000284574 , 2.93761e-05 , 2.55195e-05
0.696 , 0.000932401 , 0.000917018 , 0.000666246 , 0.000640605
0.6964 , 0.00158723 , 0.00154943 , 0.00130309 , 0.00125565
0.6968 , 0.00224201 , 0.00218177 , 0.0019399 , 0.00187062
0.6972 , 0.00289674 , 0.00281403 , 0.00257662 , 0.00248549
0.6976 , 0.00355137 , 0.00344617 , 0.00321325 , 0.00310025
0.698 , 0.00420589 , 0.00407818 , 0.00384976 , 0.00371486
0.6984 , 0.00486027 , 0.00471003 , 0.00448612 , 0.00432931
0.6988 , 0.00551448 , 0.00534168 , 0.0051223 , 0.00494356
0.6992 , 0.00616849 , 0.00597313 , 0.00575829 , 0.00555759
0.6996 , 0.00682229 , 0.00660433 , 0.00639405 , 0.00617139
0.7 , 0.00747583 , 0.00723527 , 0.00702956 , 0.00678491
0.7004 , 0.00812911 , 0.00786592 , 0.00766479 , 0.00739815
0.7008 , 0.00878208 , 0.00849625 , 0.00829972 , 0.00801107
0.7012 , 0.00943473 , 0.00912625 , 0.00893432 , 0.00862365
0.7016 , 0.010087 , 0.00975588 , 0.00956857 , 0.00923586
0.702 , 0.010739 , 0.0103851 , 0.0102024 , 0.00984769
0.7024 , 0.0113905 , 0.0110139 , 0.0108359 , 0.0104591
0.7028 , 0.0120416 , 0.0116423 , 0.011469 , 0.0110701
0.7032 , 0.0126922 , 0.0122702 , 0.0121015 , 0.0116806
0.7036 , 0.0133423 , 0.0128977 , 0.0127337 , 0.0122906
0.704 , 0.013992 , 0.0135246 , 0.0133653 , 0.0129001
0.7044 , 0.0146411 , 0.014151 , 0.0139963 , 0.0135091
0.7048 , 0.0152896 , 0.0147768 , 0.0146269 , 0.0141175
0.7052 , 0.0159376 , 0.015402 , 0.0152568 , 0.0147254
0.7056 , 0.016585 , 0.0160266 , 0.0158861 , 0.0153326
0.706 , 0.0172317 , 0.0166505 , 0.0165148 , 0.0159392
0.7064 , 0.0178777 , 0.0172738 , 0.0171429 , 0.0165451
0.7068 , 0.0185231 , 0.0178964 , 0.0177703 , 0.0171504
0.7072 , 0.0191677 , 0.0185183 , 0.0183969 , 0.0177549
0.7076 , 0.0198116 , 0.0191395 , 0.0190229 , 0.0183587
0.708 , 0.0204548 , 0.0197598 , 0.019648 , 0.0189618
0.7084 , 0.0210971 , 0.0203794 , 0.0202724 , 0.0195641
0.7088 , 0.0217387 , 0.0209982 , 0.020896 , 0.0201656
0.7092 , 0.0223793 , 0.0216161 , 0.0215188 , 0.0207663
0.7096 , 0.0230192 , 0.0222332 , 0.0221407 , 0.0213661
0.71 , 0.0236581 , 0.0228494 , 0.0227617 , 0.021965
0.7104 , 0.0242961 , 0.0234646 , 0.0233818 , 0.022563
0.7108 , 0.0249331 , 0.024079 , 0.024001 , 0.0231602
0.7112 , 0.0255692 , 0.0246923 , 0.0246192 , 0.0237563
0.7116 , 0.0262043 , 0.0253047 , 0.0252365 , 0.0243515
0.712 , 0.0268384 , 0.0259161 , 0.0258527 , 0.0249458
0.7124 , 0.0274714 , 0.0265264 , 0.026468 , 0.0255389
0.7128 , 0.0281033 , 0.0271356 , 0.0270821 , 0.0261311
0.7132 , 0.0287342 , 0.0277438 , 0.0276952 , 0.0267222
0.7136 , 0.0293639 , 0.0283509 , 0.0283072 , 0.0273122
0.714 , 0.0299924 , 0.0289568 , 0.028918 , 0.0279011
0.7144 , 0.0306198 , 0.0295616 , 0.0295277 , 0.0284888
0.7148 , 0.031246 , 0.0301652 , 0.0301363 , 0.0290754
0.7152 , 0.031871 , 0.0307676 , 0.0307436 , 0.0296608
0.7156 , 0.0324947 , 0.0313687 , 0.0313497 , 0.0302451
0.716 , 0.0331172 , 0.0319686 , 0.0319546 , 0.030828
0.7164 , 0.0337383 , 0.0325673 , 0.0325581 , 0.0314098
0.7168 , 0.0343581 , 0.0331646 , 0.0331604 , 0.0319902
0.7172 , 0.0349766 , 0.0337606 , 0.0337614 , 0.0325694
0.7176 , 0.0355937 , 0.0343552 , 0.034361 , 0.0331472
0.718 , 0.0362094 , 0.0349485 , 0.0349592 , 0.0337237
0.7184 , 0.0368237 , 0.0355404 , 0.0355561 , 0.0342988
0.7188 , 0.0374365 , 0.0361308 , 0.0361515 , 0.0348726
0.7192 , 0.0380478 , 0.0367198 , 0.0367455 , 0.0354449
0.7196 , 0.0386577 , 0.0373074 , 0.037338 , 0.0360158
0.72 , 0.039266 , 0.0378934 , 0.0379291 , 0.0365852
0.7204 , 0.0398728 , 0.0384779 , 0.0385186 , 0.0371531
0.7208 , 0.040478 , 0.0390609 , 0.0391066 , 0.0377196
0.7212 , 0.0410816 , 0.0396424 , 0.039693 , 0.0382845
0.7216 , 0.0416836 , 0.0402222 , 0.0402779 , 0.0388478
0.722 , 0.042284 , 0.0408004 , 0.0408611 , 0.0394096
0.7224 , 0.0428827 , 0.041377 , 0.0414427 , 0.0399698
0.7228 , 0.0434797 , 0.041952 , 0.0420227 , 0.0405284
0.7232 , 0.044075 , 0.0425252 , 0.042601 , 0.0410854
0.7236 , 0.0446685 , 0.0430968 , 0.0431776 , 0.0416406
0.724 , 0.0452603 , 0.0436667 , 0.0437524 , 0.0421942
0.7244 , 0.0458503 , 0.0442347 , 0.0443255 , 0.0427461
0.7248 , 0.0464385 , 0.0448011 , 0.0448969 , 0.0432963
0.7252 , 0.0470248 , 0.0453656 , 0.0454664 , 0.0438447
0.7256 , 0.0476093 , 0.0459283 , 0.0460342 , 0.0443913
0.726 , 0.0481919 , 0.0464892 , 0.0466001 , 0.0449362
0.7264 , 0.0487726 , 0.0470482 , 0.0471641 , 0.0454792
0.7268 , 0.0493514 , 0.0476054 , 0.0477263 , 0.0460204
0.7272 , 0.0499282 , 0.0481606 , 0.0482865 , 0.0465598
0.7276 , 0.0505031 , 0.0487139 , 0.0488449 , 0.0470972
0.728 , 0.051076 , 0.0492653 , 0.0494013 , 0.0476328
0.7284 , 0.0516468 , 0.0498147 , 0.0499557 , 0.0481664
0.7288 , 0.0522156 , 0.0503621 , 0.0505081 , 0.0486981
0.7292 , 0.0527823 , 0.0509075 , 0.0510585 , 0.0492278
0.7296 , 0.053347 , 0.0514508 , 0.0516068 , 0.0497556
0.73 , 0.0539095 , 0.0519921 , 0.0521532 , 0.0502813
0.7304 , 0.0544699 , 0.0525313 , 0.0526974 , 0.050805
0.7308 , 0.0550281 , 0.0530684 , 0.0532395 , 0.0513267
0.7312 , 0.0555842 , 0.0536034 , 0.0537795 , 0.0518463
0.7316 , 0.056138 , 0.0541362 , 0.0543173 , 0.0523638
0.732 , 0.0566897 , 0.0546669 , 0.054853 , 0.0528792
0.7324 , 0.0572391 , 0.0551954 , 0.0553865 , 0.0533924
0.7328 , 0.0577862 , 0.0557217 , 0.0559178 , 0.0539035
0.7332 , 0.058331 , 0.0562457 , 0.0564468 , 0.0544125
0.7336 , 0.0588735 , 0.0567675 , 0.0569736 , 0.0549192
0.734 , 0.0594137 , 0.0572871 , 0.0574981 , 0.0554237
0.7344 , 0.0599516 , 0.0578043 , 0.0580203 , 0.055926
0.7348 , 0.060487 , 0.0583192 , 0.0585402 , 0.0564261
0.7352 , 0.0610201 , 0.0588318 , 0.0590578 , 0.0569238
0.7356 , 0.0615507 , 0.0593421 , 0.059573 , 0.0574193
0.736 , 0.0620789 , 0.05985 , 0.0600858 , 0.0579125
0.7364 , 0.0626046 , 0.0603554 , 0.0605963 , 0.0584033
0.7368 , 0.0631279 , 0.0608585 , 0.0611043 , 0.0588918
0.7372 , 0.0636486 , 0.0613591 , 0.0616098 , 0.0593779
0.7376 , 0.0641669 , 0.0618573 , 0.062113 , 0.0598616
0.738 , 0.0646825 , 0.062353 , 0.0626136 , 0.0603429
0.7384 , 0.0651957 , 0.0628462 , 0.0631117 , 0.0608218
0.7388 , 0.0657062 , 0.0633369 , 0.0636073 , 0.0612982
0.7392 , 0.0662141 , 0.063825 , 0.0641004 , 0.0617721
0.7396 , 0.0667194 , 0.0643106 , 0.0645909 , 0.0622436
0.74 , 0.067222 , 0.0647937 , 0.0650788 , 0.0627126
0.7404 , 0.067722 , 0.0652741 , 0.0655641 , 0.063179
0.7408 , 0.0682193 , 0.0657519 , 0.0660469 , 0.0636429
0.7412 , 0.0687138 , 0.0662271 , 0.0665269 , 0.0641043
0.7416 , 0.0692057 , 0.0666997 , 0.0670043 , 0.0645631
0.742 , 0.0696948 , 0.0671696 , 0.0674791 , 0.0650192
0.7424 , 0.0701811 , 0.0676368 , 0.0679511 , 0.0654728
0.7428 , 0.0706647 , 0.0681013 , 0.0684204 , 0.0659237
0.7432 , 0.0711454 , 0.068563 , 0.068887 , 0.066372
0.7436 , 0.0716233 , 0.069022 , 0.0693509 , 0.0668176
0.744 , 0.0720983 , 0.0694783 , 0.069812 , 0.0672605
0.7444 , 0.0725705 , 0.0699318 , 0.0702702 , 0.0677007
0.7448 , 0.0730399 , 0.0703825 , 0.0707257 , 0.0681382
0.7452 , 0.0735063 , 0.0708303 , 0.0711784 , 0.0685729
0.7456 , 0.0739697 , 0.0712754 , 0.0716282 , 0.0690049
0.746 , 0.0744303 , 0.0717176 , 0.0720751 , 0.0694341
0.7464 , 0.0748879 , 0.0721569 , 0.0725192 , 0.0698605
0.7468 , 0.0753425 , 0.0725933 , 0.0729604 , 0.0702842
0.7472 , 0.0757941 , 0.0730268 , 0.0733986 , 0.0707049
0.7476 , 0.0762427 , 0.0734574 , 0.0738339 , 0.0711229
0.748 , 0.0766883 , 0.0738851 , 0.0742663 , 0.071538
0.7484 , 0.0771308 , 0.0743098 , 0.0746957 , 0.0719502
0.7488 , 0.0775702 , 0.0747316 , 0.0751221 , 0.0723595
0.7492 , 0.0780066 , 0.0751503 , 0.0755456 , 0.0727659
0.7496 , 0.0784399 , 0.0755661 , 0.075966 , 0.0731694
0.75 , 0.07887 , 0.0759788 , 0.0763833 , 0.07357
0.7504 , 0.079297 , 0.0763885 , 0.0767976 , 0.0739676
0.7508 , 0.0797209 , 0.0767951 , 0.0772089 , 0.0743622
0.7512 , 0.0801416 , 0.0771986 , 0.077617 , 0.0747539
0.7516 , 0.080559 , 0.0775991 , 0.0780221 , 0.0751425
0.752 , 0.0809733 , 0.0779965 , 0.078424 , 0.0755281
0.7524 , 0.0813844 , 0.0783907 , 0.0788229 , 0.0759107
0.7528 , 0.0817922 , 0.0787818 , 0.0792185 , 0.0762902
0.7532 , 0.0821968 , 0.0791698 , 0.079611 , 0.0766667
0.7536 , 0.0825981 , 0.0795546 , 0.0800003 , 0.0770401
0.754 , 0.0829961 , 0.0799362 , 0.0803864 , 0.0774104
0.7544 , 0.0833908 , 0.0803146 , 0.0807693 , 0.0777776
0.7548 , 0.0837822 , 0.0806898 , 0.081149 , 0.0781417
0.7552 , 0.0841702 , 0.0810618 , 0.0815254 , 0.0785026
0.7556 , 0.0845549 , 0.0814305 , 0.0818986 , 0.0788604
0.756 , 0.0849362 , 0.081796 , 0.0822685 , 0.079215
0.7564 , 0.0853142 , 0.0821582 , 0.0826351 , 0.0795665
0.7568 , 0.0856887 , 0.0825171 , 0.0829984 , 0.0799147
0.7572 , 0.0860599 , 0.0828727 , 0.0833584 , 0.0802597
0.7576 , 0.0864276 , 0.083225 , 0.0837151 , 0.0806015
0.758 , 0.0867919 , 0.0835739 , 0.0840684 , 0.0809401
0.7584 , 0.0871527 , 0.0839196 , 0.0844184 , 0.0812755
0.7588 , 0.08751 , 0.0842618 , 0.0847649 , 0.0816075
0.7592 , 0.0878639 , 0.0846007 , 0.0851081 , 0.0819363
0.7596 , 0.0882142 , 0.0849362 , 0.0854479 , 0.0822618
0.76 , 0.0885611 , 0.0852684 , 0.0857843 , 0.082584
0.7604 , 0.0889044 , 0.0855971 , 0.0861172 , 0.0829029
0.7608 , 0.0892441 , 0.0859224 , 0.0864468 , 0.0832185
0.7612 , 0.0895804 , 0.0862442 , 0.0867728 , 0.0835307
0.7616 , 0.089913 , 0.0865626 , 0.0870954 , 0.0838396
0.762 , 0.0902421 , 0.0868775 , 0.0874145 , 0.0841451
0.7624 , 0.0905675 , 0.087189 , 0.0877301 , 0.0844472
0.7628 , 0.0908894 , 0.0874969 , 0.0880422 , 0.084746
0.7632 , 0.0912076 , 0.0878014 , 0.0883508 , 0.0850413
0.7636 , 0.0915222 , 0.0881024 , 0.0886558 , 0.0853333
0.764 , 0.0918331 , 0.0883998 , 0.0889573 , 0.0856218
0.7644 , 0.0921404 , 0.0886937 , 0.0892553 , 0.0859069
0.7648 , 0.092444 , 0.0889841 , 0.0895497 , 0.0861885
0.7652 , 0.092744 , 0.0892708 , 0.0898405 , 0.0864667
0.7656 , 0.0930402 , 0.0895541 , 0.0901277 , 0.0867414
0.766 , 0.0933327 , 0.0898337 , 0.0904113 , 0.0870126
0.7664 , 0.0936215 , 0.0901097 , 0.0906913 , 0.0872804
0.7668 , 0.0939066 , 0.0903822 , 0.0909677 , 0.0875446
0.7672 , 0.0941879 , 0.090651 , 0.0912404 , 0.0878054
0.7676 , 0.0944654 , 0.0909162 , 0.0915095 , 0.0880626
0.768 , 0.0947392 , 0.0911778 , 0.0917749 , 0.0883163
0.7684 , 0.0950093 , 0.0914357 , 0.0920367 , 0.0885664
0.7688 , 0.0952755 , 0.0916899 , 0.0922947 , 0.088813
0.7692 , 0.0955379 , 0.0919405 , 0.0925491 , 0.089056
0.7696 , 0.0957965 , 0.0921874 , 0.0927998 , 0.0892955
0.77 , 0.0960513 , 0.0924307 , 0.0930468 , 0.0895314
0.7704 , 0.0963023 , 0.0926702 , 0.0932901 , 0.0897637
0.7708 , 0.0965494 , 0.092906 , 0.0935296 , 0.0899924
0.7712 , 0.0967927 , 0.0931381 , 0.0937654 , 0.0902175
0.7716 , 0.0970321 , 0.0933665 , 0.0939974 , 0.0904389
0.772 , 0.0972676 , 0.0935911 , 0.0942257 , 0.0906568
0.7724 , 0.0974993 , 0.093812 , 0.0944502 , 0.090871
0.7728 , 0.097727 , 0.0940292 , 0.094671 , 0.0910816
0.7732 , 0.0979509 , 0.0942426 , 0.0948879 , 0.0912885
0.7736 , 0.0981708 , 0.0944522 , 0.0951011 , 0.0914918
0.774 , 0.0983869 , 0.094658 , 0.0953104 , 0.0916914
0.7744 , 0.098599 , 0.0948601 , 0.095516 , 0.0918873
0.7748 , 0.0988072 , 0.0950583 , 0.0957177 , 0.0920795
0.7752 , 0.0990114 , 0.0952528 , 0.0959156 , 0.0922681
0.7756 , 0.0992117 , 0.0954434 , 0.0961097 , 0.0924529
0.776 , 0.099408 , 0.0956303 , 0.0962999 , 0.0926341
0.7764 , 0.0996003 , 0.0958133 , 0.0964863 , 0.0928115
0.7768 , 0.0997887 , 0.0959924 , 0.0966688 , 0.0929853
0.7772 , 0.0999731 , 0.0961678 , 0.0968474 , 0.0931553
0.7776 , 0.100153 , 0.0963393 , 0.0970222 , 0.0933215
0.778 , 0.10033 , 0.0965069 , 0.0971931 , 0.0934841
0.7784 , 0.100502 , 0.0966707 , 0.0973601 , 0.0936428
0.7788 , 0.100671 , 0.0968306 , 0.0975233 , 0.0937979
0.7792 , 0.100835 , 0.0969866 , 0.0976825 , 0.0939492
0.7796 , 0.100995 , 0.0971387 , 0.0978378 , 0.0940967
0.78 , 0.101152 , 0.097287 , 0.0979892 , 0.0942404
0.7804 , 0.101304 , 0.0974314 , 0.0981367 , 0.0943804
0.7808 , 0.101452 , 0.0975719 , 0.0982802 , 0.0945166
0.7812 , 0.101596 , 0.0977084 , 0.0984199 , 0.094649
0.7816 , 0.101736 , 0.0978411 , 0.0985556 , 0.0947776
0.782 , 0.101872 , 0.0979698 , 0.0986873 , 0.0949024
0.7824 , 0.102004 , 0.0980947 , 0.0988151 , 0.0950235
0.7828 , 0.102132 , 0.0982156 , 0.098939 , 0.0951407
0.7832 , 0.102256 , 0.0983326 , 0.0990589 , 0.0952541
0.7836 , 0.102376 , 0.0984456 , 0.0991748 , 0.0953637
0.784 , 0.102491 , 0.0985547 , 0.0992868 , 0.0954695
0.7844 , 0.102603 , 0.0986599 , 0.0993948 , 0.0955714
0.7848 , 0.10271 , 0.0987611 , 0.0994988 , 0.0956696
0.7852 , 0.102814 , 0.0988584 , 0.0995988 , 0.0957639
0.7856 , 0.102913 , 0.0989517 , 0.0996949 , 0.0958543
0.786 , 0.103008 , 0.0990411 , 0.099787 , 0.095941
0.7864 , 0.103099 , 0.0991265 , 0.0998751 , 0.0960237
0.7868 , 0.103186 , 0.0992079 , 0.0999591 , 0.0961027
0.7872 , 0.103269 , 0.0992853 , 0.100039 , 0.0961778
0.7876 , 0.103347 , 0.0993588 , 0.100115 , 0.096249
0.788 , 0.103422 , 0.0994284 , 0.100187 , 0.0963164
0.7884 , 0.103492 , 0.0994939 , 0.100255 , 0.09638
0.7888 , 0.103558 , 0.0995555 , 0.10032 , 0.0964397
0.7892 , 0.103621 , 0.099613 , 0.10038 , 0.0964955
0.7896 , 0.103678 , 0.0996666 , 0.100436 , 0.0965475
0.79 , 0.103732 , 0.0997162 , 0.100488 , 0.0965956
0.7904 , 0.103782 , 0.0997618 , 0.100536 , 0.0966398
0.7908 , 0.103827 , 0.0998035 , 0.10058 , 0.0966802
0.7912 , 0.103869 , 0.0998411 , 0.10062 , 0.0967167
0.7916 , 0.103906 , 0.0998748 , 0.100656 , 0.0967493
0.792 , 0.103939 , 0.0999044 , 0.100688 , 0.096778
0.7924 , 0.103968 , 0.09993 , 0.100715 , 0.0968029
0.7928 , 0.103993 , 0.0999517 , 0.100739 , 0.0968239
0.7932 , 0.104013 , 0.0999694 , 0.100759 , 0.0968411
0.7936 , 0.10403 , 0.099983 , 0.100775 , 0.0968544
0.794 , 0.104042 , 0.0999927 , 0.100787 , 0.0968638
0.7944 , 0.10405 , 0.0999983 , 0.100794 , 0.0968693
0.7948 , 0.104054 , 0.1 , 0.100798 , 0.0968709
0.7952 , 0.104054 , 0.0999976 , 0.100798 , 0.0968687
0.7956 , 0.104049 , 0.0999913 , 0.100793 , 0.0968626
0.796 , 0.104041 , 0.099981 , 0.100785 , 0.0968526
0.7964 , 0.104028 , 0.0999666 , 0.100773 , 0.0968387
0.7968 , 0.104011 , 0.0999483 , 0.100756 , 0.096821
0.7972 , 0.10399 , 0.0999259 , 0.100736 , 0.0967994
0.7976 , 0.103965 , 0.0998996 , 0.100711 , 0.0967739
0.798 , 0.103936 , 0.0998693 , 0.100683 , 0.0967446
0.7984 , 0.103902 , 0.0998349 , 0.10065 , 0.0967114
0.7988 , 0.103864 , 0.0997966 , 0.100613 , 0.0966743
0.7992 , 0.103823 , 0.0997543 , 0.100573 , 0.0966334
0.7996 , 0.103777 , 0.099708 , 0.100528 , 0.0965886
0.8 , 0.103726 , 0.0996577 , 0.100479 , 0.0965399
0.8004 , 0.103672 , 0.0996034 , 0.100427 , 0.0964874
0.8008 , 0.103614 , 0.0995452 , 0.10037 , 0.096431
0.8012 , 0.103551 , 0.0994829 , 0.100309 , 0.0963707
0.8016 , 0.103484 , 0.0994167 , 0.100245 , 0.0963066
0.802 , 0.103413 , 0.0993465 , 0.100176 , 0.0962387
0.8024 , 0.103338 , 0.0992724 , 0.100103 , 0.0961669
0.8028 , 0.103259 , 0.0991942 , 0.100026 , 0.0960913
0.8032 , 0.103176 , 0.0991121 , 0.0999457 , 0.0960118
0.8036 , 0.103089 , 0.099026 , 0.0998609 , 0.0959285
0.804 , 0.102997 , 0.098936 , 0.0997721 , 0.0958413
0.8044 , 0.102901 , 0.098842 , 0.0996794 , 0.0957503
0.8048 , 0.102802 , 0.0987441 , 0.0995827 , 0.0956555
0.8052 , 0.102698 , 0.0986422 , 0.099482 , 0.0955569
0.8056 , 0.10259 , 0.0985363 , 0.0993773 , 0.0954545
0.806 , 0.102478 , 0.0984265 , 0.0992686 , 0.0953482
0.8064 , 0.102361 , 0.0983128 , 0.099156 , 0.0952381
0.8068 , 0.102241 , 0.0981952 , 0.0990394 , 0.0951242
0.8072 , 0.102117 , 0.0980736 , 0.0989188 , 0.0950066
0.8076 , 0.101988 , 0.0979481 , 0.0987943 , 0.0948851
0.808 , 0.101855 , 0.0978186 , 0.0986658 , 0.0947598
0.8084 , 0.101719 , 0.0976853 , 0.0985334 , 0.0946308
0.8088 , 0.101578 , 0.0975481 , 0.098397 , 0.0944979
0.8092 , 0.101433 , 0.0974069 , 0.0982567 , 0.0943613
0.8096 , 0.101284 , 0.0972619 , 0.0981124 , 0.0942209
0.81 , 0.101131 , 0.097113 , 0.0979643 , 0.0940768
0.8104 , 0.100974 , 0.0969601 , 0.0978122 , 0.0939289
0.8108 , 0.100813 , 0.0968034 , 0.0976562 , 0.0937772
0.8112 , 0.100648 , 0.0966429 , 0.0974963 , 0.0936218
0.8116 , 0.100479 , 0.0964784 , 0.0973325 , 0.0934627
0.812 , 0.100306 , 0.0963102 , 0.0971648 , 0.0932998
0.8124 , 0.100129 , 0.096138 , 0.0969932 , 0.0931332
0.8128 , 0.0999478 , 0.095962 , 0.0968177 , 0.0929629
0.8132 , 0.0997627 , 0.0957822 , 0.0966384 , 0.0927888
0.8136 , 0.0995735 , 0.0955985 , 0.0964552 , 0.0926111
0.814 , 0.0993803 , 0.0954111 , 0.0962681 , 0.0924296
0.8144 , 0.0991832 , 0.0952198 , 0.0960772 , 0.0922445
0.8148 , 0.0989821 , 0.0950247 , 0.0958824 , 0.0920557
0.8152 , 0.098777 , 0.0948257 , 0.0956838 , 0.0918632
0.8156 , 0.098568 , 0.094623 , 0.0954814 , 0.091667
0.816 , 0.098355 , 0.0944166 , 0.0952751 , 0.0914672
0.8164 , 0.098138 , 0.0942063 , 0.095065 , 0.0912637
0.8168 , 0.0979172 , 0.0939923 , 0.0948512 , 0.0910566
0.8172 , 0.0976924 , 0.0937745 , 0.0946335 , 0.0908459
0.8176 , 0.0974637 , 0.0935529 , 0.0944121 , 0.0906315
0.818 , 0.0972311 , 0.0933276 , 0.0941868 , 0.0904135
0.8184 , 0.0969945 , 0.0930986 , 0.0939578 , 0.0901919
0.8188 , 0.0967541 , 0.0928659 , 0.0937251 , 0.0899667
0.8192 , 0.0965098 , 0.0926294 , 0.0934885 , 0.0897379
0.8196 , 0.0962617 , 0.0923893 , 0.0932483 , 0.0895055
0.82 , 0.0960097 , 0.0921454 , 0.0930043 , 0.0892695
0.8204 , 0.0957538 , 0.0918979 , 0.0927566 , 0.08903
0.8208 , 0.0954941 , 0.0916466 , 0.0925052 , 0.0887869
0.8212 , 0.0952306 , 0.0913918 , 0.0922501 , 0.0885403
0.8216 , 0.0949632 , 0.0911332 , 0.0919912 , 0.0882902
0.822 , 0.094692 , 0.090871 , 0.0917287 , 0.0880365
0.8224 , 0.0944171 , 0.0906052 , 0.0914626 , 0.0877793
0.8228 , 0.0941383 , 0.0903358 , 0.0911927 , 0.0875186
0.8232 , 0.0938558 , 0.0900627 , 0.0909193 , 0.0872545
0.8236 , 0.0935695 , 0.0897861 , 0.0906422 , 0.0869868
0.824 , 0.0932795 , 0.0895058 , 0.0903614 , 0.0867157
0.8244 , 0.0929857 , 0.089222 , 0.090077 , 0.0864411
0.8248 , 0.0926881 , 0.0889346 , 0.0897891 , 0.086163
0.8252 , 0.0923869 , 0.0886436 , 0.0894975 , 0.0858815
0.8256 , 0.092082 , 0.0883491 , 0.0892024 , 0.0855966
0.826 , 0.0917733 , 0.0880511 , 0.0889037 , 0.0853083
0.8264 , 0.091461 , 0.0877495 , 0.0886014 , 0.0850166
0.8268 , 0.091145 , 0.0874444 , 0.0882956 , 0.0847215
0.8272 , 0.0908253 , 0.0871359 , 0.0879862 , 0.084423
0.8276 , 0.090502 , 0.0868238 , 0.0876733 , 0.0841211
0.828 , 0.0901751 , 0.0865083 , 0.087357 , 0.0838159
0.8284 , 0.0898445 , 0.0861893 , 0.0870371 , 0.0835074
0.8288 , 0.0895104 , 0.0858669 , 0.0867137 , 0.0831955
0.8292 , 0.0891726 , 0.085541 , 0.0863869 , 0.0828803
0.8296 , 0.0888313 , 0.0852117 , 0.0860566 , 0.0825617
0.83 , 0.0884864 , 0.084879 , 0.0857228 , 0.0822399
0.8304 , 0.0881379 , 0.0845429 , 0.0853857 , 0.0819149
0.8308 , 0.0877859 , 0.0842034 , 0.0850451 , 0.0815865
0.8312 , 0.0874304 , 0.0838606 , 0.0847011 , 0.0812549
0.8316 , 0.0870714 , 0.0835144 , 0.0843537 , 0.0809201
0.832 , 0.0867088 , 0.0831649 , 0.0840029 , 0.080582
0.8324 , 0.0863428 , 0.082812 , 0.0836488 , 0.0802407
0.8328 , 0.0859733 , 0.0824558 , 0.0832913 , 0.0798962
0.8332 , 0.0856004 , 0.0820963 , 0.0829305 , 0.0795486
0.8336 , 0.085224 , 0.0817336 , 0.0825664 , 0.0791977
0.834 , 0.0848442 , 0.0813676 , 0.082199 , 0.0788437
0.8344 , 0.084461 , 0.0809983 , 0.0818283 , 0.0784866
0.8348 , 0.0840744 , 0.0806257 , 0.0814543 , 0.0781263
0.8352 , 0.0836844 , 0.08025 , 0.081077 , 0.077763
0.8356 , 0.0832911 , 0.079871 , 0.0806965 , 0.0773965
0.836 , 0.0828944 , 0.0794889 , 0.0803128 , 0.0770269
0.8364 , 0.0824944 , 0.0791035 , 0.0799258 , 0.0766543
0.8368 , 0.082091 , 0.078715 , 0.0795356 , 0.0762786
0.8372 , 0.0816844 , 0.0783234 , 0.0791423 , 0.0758999
0.8376 , 0.0812745 , 0.0779286 , 0.0787458 , 0.0755182
0.838 , 0.0808613 , 0.0775307 , 0.0783461 , 0.0751334
0.8384 , 0.0804449 , 0.0771297 , 0.0779433 , 0.0747457
0.8388 , 0.0800252 , 0.0767256 , 0.0775374 , 0.0743549
0.8392 , 0.0796023 , 0.0763185 , 0.0771284 , 0.0739613
0.8396 , 0.0791762 , 0.0759083 , 0.0767163 , 0.0735646
0.84 , 0.0787469 , 0.075495 , 0.0763011 , 0.0731651
0.8404 , 0.0783145 , 0.0750788 , 0.0758829 , 0.0727626
0.8408 , 0.0778789 , 0.0746595 , 0.0754616 , 0.0723572
0.8412 , 0.0774402 , 0.0742373 , 0.0750373 , 0.071949
0.8416 , 0.0769983 , 0.0738121 , 0.07461 , 0.0715378
0.842 , 0.0765534 , 0.0733839 , 0.0741797 , 0.0711239
0.8424 , 0.0761054 , 0.0729528 , 0.0737464 , 0.0707071
0.8428 , 0.0756543 , 0.0725188 , 0.0733102 , 0.0702875
0.8432 , 0.0752002 , 0.0720818 , 0.0728711 , 0.0698651
0.8436 , 0.074743 , 0.071642 , 0.072429 , 0.0694399
0.844 , 0.0742828 , 0.0711993 , 0.071984 , 0.0690119
0.8444 , 0.0738197 , 0.0707538 , 0.0715362 , 0.0685812
0.8448 , 0.0733536 , 0.0703055 , 0.0710855 , 0.0681478
0.8452 , 0.0728845 , 0.0698543 , 0.0706319 , 0.0677116
0.8456 , 0.0724125 , 0.0694003 , 0.0701755 , 0.0672728
0.846 , 0.0719376 , 0.0689436 , 0.0697163 , 0.0668313
0.8464 , 0.0714598 , 0.0684841 , 0.0692543 , 0.0663871
0.8468 , 0.0709791 , 0.0680219 , 0.0687895 , 0.0659403
0.8472 , 0.0704955 , 0.0675569 , 0.068322 , 0.0654909
0.8476 , 0.0700091 , 0.0670893 , 0.0678517 , 0.0650388
0.848 , 0.0695199 , 0.0666189 , 0.0673787 , 0.0645842
0.8484 , 0.0690279 , 0.0661459 , 0.0669031 , 0.064127
0.8488 , 0.0685331 , 0.0656703 , 0.0664247 , 0.0636672
0.8492 , 0.0680355 , 0.065192 , 0.0659437 , 0.0632049
0.8496 , 0.0675352 , 0.0647111 , 0.06546 , 0.0627401
0.85 , 0.0670322 , 0.0642276 , 0.0649737 , 0.0622729
0.8504 , 0.0665265 , 0.0637416 , 0.0644848 , 0.0618031
0.8508 , 0.0660181 , 0.063253 , 0.0639934 , 0.0613309
0.8512 , 0.065507 , 0.0627619 , 0.0634993 , 0.0608562
0.8516 , 0.0649933 , 0.0622682 , 0.0630028 , 0.0603791
0.852 , 0.064477 , 0.0617721 , 0.0625037 , 0.0598996
0.8524 , 0.0639581 , 0.0612735 , 0.0620021 , 0.0594178
0.8528 , 0.0634366 , 0.0607725 , 0.061498 , 0.0589336
0.8532 , 0.0629125 , 0.060269 , 0.0609914 , 0.058447
0.8536 , 0.0623859 , 0.0597631 , 0.0604824 , 0.0579581
0.854 , 0.0618568 , 0.0592548 , 0.059971 , 0.0574669
0.8544 , 0.0613252 , 0.0587442 , 0.0594572 , 0.0569735
0.8548 , 0.0607911 , 0.0582312 , 0.058941 , 0.0564777
0.8552 , 0.0602546 , 0.0577159 , 0.0584224 , 0.0559797
0.8556 , 0.0597156 , 0.0571982 , 0.0579015 , 0.0554795
0.856 , 0.0591742 , 0.0566783 , 0.0573782 , 0.0549771
0.8564 , 0.0586304 , 0.0561561 , 0.0568527 , 0.0544726
0.8568 , 0.0580843 , 0.0556317 , 0.0563249 , 0.0539658
0.8572 , 0.0575358 , 0.055105 , 0.0557948 , 0.0534569
0.8576 , 0.056985 , 0.0545762 , 0.0552625 , 0.0529459
0.858 , 0.0564319 , 0.0540451 , 0.054728 , 0.0524328
0.8584 , 0.0558765 , 0.0535119 , 0.0541913 , 0.0519176
0.8588 , 0.0553189 , 0.0529765 , 0.0536524 , 0.0514003
0.8592 , 0.054759 , 0.0524391 , 0.0531114 , 0.050881
0.8596 , 0.0541969 , 0.0518995 , 0.0525682 , 0.0503597
0.86 , 0.0536326 , 0.0513579 , 0.052023 , 0.0498364
0.8604 , 0.0530662 , 0.0508142 , 0.0514756 , 0.0493111
0.8608 , 0.0524976 , 0.0502684 , 0.0509262 , 0.0487839
0.8612 , 0.0519269 , 0.0497207 , 0.0503748 , 0.0482547
0.8616 , 0.0513541 , 0.049171 , 0.0498213 , 0.0477236
0.862 , 0.0507792 , 0.0486193 , 0.0492658 , 0.0471906
0.8624 , 0.0502022 , 0.0480656 , 0.0487083 , 0.0466558
0.8628 , 0.0496233 , 0.0475101 , 0.0481489 , 0.0461191
0.8632 , 0.0490423 , 0.0469526 , 0.0475876 , 0.0455805
0.8636 , 0.0484593 , 0.0463933 , 0.0470244 , 0.0450402
0.864 , 0.0478744 , 0.0458321 , 0.0464592 , 0.0444981
0.8644 , 0.0472875 , 0.045269 , 0.0458923 , 0.0439542
0.8648 , 0.0466987 , 0.0447042 , 0.0453234 , 0.0434086
0.8652 , 0.046108 , 0.0441375 , 0.0447528 , 0.0428612
0.8656 , 0.0455155 , 0.0435692 , 0.0441803 , 0.0423122
0.866 , 0.0449211 , 0.042999 , 0.0436061 , 0.0417615
0.8664 , 0.0443249 , 0.0424272 , 0.0430302 , 0.0412091
0.8668 , 0.0437269 , 0.0418536 , 0.0424525 , 0.0406551
0.8672 , 0.0431271 , 0.0412784 , 0.0418731 , 0.0400995
0.8676 , 0.0425256 , 0.0407015 , 0.041292 , 0.0395423
0.868 , 0.0419223 , 0.040123 , 0.0407093 , 0.0389835
0.8684 , 0.0413174 , 0.0395429 , 0.0401249 , 0.0384232
0.8688 , 0.0407107 , 0.0389612 , 0.039539 , 0.0378614
0.8692 , 0.0401024 , 0.0383779 , 0.0389514 , 0.0372981
0.8696 , 0.0394925 , 0.0377931 , 0.0383623 , 0.0367333
0.87 , 0.038881 , 0.0372068 , 0.0377716 , 0.0361671
0.8704 , 0.0382679 , 0.036619 , 0.0371795 , 0.0355994
0.8708 , 0.0376533 , 0.0360298 , 0.0365858 , 0.0350303
0.8712 , 0.0370371 , 0.0354391 , 0.0359907 , 0.0344599
0.8716 , 0.0364194 , 0.034847 , 0.0353941 , 0.0338881
0.872 , 0.0358002 , 0.0342535 , 0.0347961 , 0.0333149
0.8724 , 0.0351796 , 0.0336586 , 0.0341967 , 0.0327404
0.8728 , 0.0345575 , 0.0330624 , 0.0335959 , 0.0321647
0.8732 , 0.0339341 , 0.0324648 , 0.0329938 , 0.0315877
0.8736 , 0.0333092 , 0.031866 , 0.0323904 , 0.0310094
0.874 , 0.032683 , 0.0312658 , 0.0317856 , 0.0304299
0.8744 , 0.0320555 , 0.0306645 , 0.0311796 , 0.0298492
0.8748 , 0.0314266 , 0.0300619 , 0.0305723 , 0.0292673
0.8752 , 0.0307965 , 0.0294581 , 0.0299638 , 0.0286843
0.8756 , 0.0301651 , 0.0288531 , 0.0293541 , 0.0281002
0.876 , 0.0295325 , 0.028247 , 0.0287433 , 0.0275149
0.8764 , 0.0288987 , 0.0276397 , 0.0281312 , 0.0269286
0.8768 , 0.0282637 , 0.0270313 , 0.0275181 , 0.0263412
0.8772 , 0.0276275 , 0.0264219 , 0.0269038 , 0.0257527
0.8776 , 0.0269902 , 0.0258114 , 0.0262884 , 0.0251633
0.878 , 0.0263518 , 0.0251999 , 0.025672 , 0.0245729
0.8784 , 0.0257123 , 0.0245873 , 0.0250546 , 0.0239815
0.8788 , 0.0250718 , 0.0239738 , 0.0244362 , 0.0233891
0.8792 , 0.0244302 , 0.0233593 , 0.0238167 , 0.0227959
0.8796 , 0.0237877 , 0.0227439 , 0.0231963 , 0.0222018
0.88 , 0.0231441 , 0.0221275 , 0.022575 , 0.0216067
0.8804 , 0.0224996 , 0.0215103 , 0.0219528 , 0.0210109
0.8808 , 0.0218542 , 0.0208922 , 0.0213297 , 0.0204142
0.8812 , 0.0212079 , 0.0202733 , 0.0207057 , 0.0198167
0.8816 , 0.0205607 , 0.0196536 , 0.0200809 , 0.0192185
0.882 , 0.0199127 , 0.0190331 , 0.0194553 , 0.0186195
0.8824 , 0.0192638 , 0.0184118 , 0.0188289 , 0.0180198
0.8828 , 0.0186142 , 0.0177898 , 0.0182018 , 0.0174193
0.8832 , 0.0179637 , 0.0171671 , 0.0175739 , 0.0168182
0.8836 , 0.0173126 , 0.0165437 , 0.0169453 , 0.0162165
0.884 , 0.0166607 , 0.0159196 , 0.016316 , 0.0156141
0.8844 , 0.0160081 , 0.0152949 , 0.0156861 , 0.0150111
0.8848 , 0.0153548 , 0.0146696 , 0.0150555 , 0.0144075
0.8852 , 0.0147009 , 0.0140437 , 0.0144243 , 0.0138034
0.8856 , 0.0140464 , 0.0134172 , 0.0137926 , 0.0131987
0.886 , 0.0133913 , 0.0127902 , 0.0131603 , 0.0125936
0.8864 , 0.0127357 , 0.0121627 , 0.0125274 , 0.0119879
0.8868 , 0.0120795 , 0.0115347 , 0.0118941 , 0.0113818
0.8872 , 0.0114228 , 0.0109062 , 0.0112602 , 0.0107752
0.8876 , 0.0107656 , 0.0102774 , 0.010626 , 0.0101683
0.888 , 0.010108 , 0.00964804 , 0.00999125 , 0.00956094
0.8884 , 0.0094499 , 0.00901835 , 0.00935613 , 0.00895322
0.8888 , 0.00879143 , 0.00838829 , 0.00872063 , 0.00834517
0.8892 , 0.00813257 , 0.0077579 , 0.00808477 , 0.00773681
0.8896 , 0.00747337 , 0.0071272 , 0.00744859 , 0.00712815
0.89 , 0.00681384 , 0.00649621 , 0.00681211 , 0.00651923
0.8904 , 0.00615401 , 0.00586497 , 0.00617535 , 0.00591007
0.8908 , 0.00549391 , 0.00523348 , 0.00553833 , 0.00530069
0.8912 , 0.00483356 , 0.00460179 , 0.00490109 , 0.00469111
0.8916 , 0.00417299 , 0.00396992 , 0.00426365 , 0.00408137
0.892 , 0.00351223 , 0.00333789 , 0.00362603 , 0.00347149
0.8924 , 0.0028513 , 0.00270572 , 0.00298826 , 0.00286149
0.8928 , 0.00219023 , 0.00207345 , 0.00235037 , 0.00225139
0.8932 , 0.00152905 , 0.00144109 , 0.00171238 , 0.00164122
0.8936 , 0.000867783 , 0.000808672 , 0.00107431 , 0.001031
0.894 , 0.000206452 , 0.000176224 , 0.000436199 , 0.000420767
0.8944 , -0.000454914 , -0.000456231 , -0.000201937 , -0.000189467
0.8948 , -0.00111629 , -0.00108867 , -0.00084007 , -0.000799674
0.8952 , -0.00177764 , -0.00172106 , -0.00147818 , -0.00140983
0.8956 , -0.00243896 , -0.00235338 , -0.00211623 , -0.00201991
0.896 , -0.0031002 , -0.00298562 , -0.0027542 , -0.00262989
0.8964 , -0.00376134 , -0.00361773 , -0.00339206 , -0.00323974
0.8968 , -0.00442236 , -0.00424969 , -0.0040298 , -0.00384945
0.8972 , -0.00508322 , -0.00488149 , -0.00466738 , -0.00445898
0.8976 , -0.00574392 , -0.00551309 , -0.00530477 , -0.00506831
0.898 , -0.0064044 , -0.00614447 , -0.00594197 , -0.00567743
0.8984 , -0.00706466 , -0.0067756 , -0.00657892 , -0.00628629
0.8988 , -0.00772466 , -0.00740647 , -0.00721562 , -0.00689489
0.8992 , -0.00838438 , -0.00803703 , -0.00785204 , -0.00750318
0.8996 , -0.00904379 , -0.00866728 , -0.00848815 , -0.00811116
0.9 , -0.00970287 , -0.00929718 , -0.00912392 , -0.0087188
0.9004 , -0.0103616 , -0.00992671 , -0.00975933 , -0.00932607
0.9008 , -0.0110199 , -0.0105558 , -0.0103944 , -0.00993294
0.9012 , -0.0116778 , -0.0111845 , -0.011029 , -0.0105394
0.9016 , -0.0123353 , -0.0118128 , -0.0116632 , -0.0111454
0.902 , -0.0129923 , -0.0124406 , -0.0122969 , -0.011751
0.9024 , -0.0136488 , -0.0130679 , -0.0129301 , -0.012356
0.9028 , -0.0143048 , -0.0136946 , -0.0135628 , -0.0129606
0.9032 , -0.0149602 , -0.0143209 , -0.014195 , -0.0135646
0.9036 , -0.0156151 , -0.0149465 , -0.0148266 , -0.014168
0.904 , -0.0162694 , -0.0155716 , -0.0154577 , -0.0147709
0.9044 , -0.016923 , -0.016196 , -0.0160881 , -0.0153732
0.9048 , -0.017576 , -0.0168198 , -0.0167179 , -0.0159748
0.9052 , -0.0182283 , -0.0174429 , -0.017347 , -0.0165757
0.9056 , -0.01888 , -0.0180653 , -0.0179754 , -0.017176
0.906 , -0.0195309 , -0.018687 , -0.0186031 , -0.0177756
0.9064 , -0.020181 , -0.0193079 , -0.0192301 , -0.0183744
0.9068 , -0.0208303 , -0.0199281 , -0.0198563 , -0.0189725
0.9072 , -0.0214789 , -0.0205474 , -0.0204817 , -0.0195698
0.9076 , -0.0221266 , -0.021166 , -0.0211063 , -0.0201663
0.908 , -0.0227734 , -0.0217837 , -0.0217301 , -0.020762
0.9084 , -0.0234194 , -0.0224005 , -0.022353 , -0.0213569
0.9088 , -0.0240645 , -0.0230164 , -0.022975 , -0.0219508
0.9092 , -0.0247086 , -0.0236315 , -0.0235961 , -0.0225439
0.9096 , -0.0253517 , -0.0242455 , -0.0242163 , -0.023136
0.91 , -0.0259939 , -0.0248586 , -0.0248355 , -0.0237272
0.9104 , -0.0266351 , -0.0254707 , -0.0254537 , -0.0243174
0.9108 , -0.0272752 , -0.0260818 , -0.0260709 , -0.0249067
0.9112 , -0.0279142 , -0.0266918 , -0.0266871 , -0.0254949
0.9116 , -0.0285522 , -0.0273008 , -0.0273022 , -0.0260821
0.912 , -0.029189 , -0.0279087 , -0.0279162 , -0.0266682
0.9124 , -0.0298247 , -0.0285155 , -0.0285291 , -0.0272532
0.9128 , -0.0304593 , -0.0291211 , -0.0291408 , -0.0278372
0.9132 , -0.0310926 , -0.0297255 , -0.0297514 , -0.02842
0.9136 , -0.0317247 , -0.0303288 , -0.0303608 , -0.0290016
0.914 , -0.0323556 , -0.0309309 , -0.030969 , -0.0295821
0.9144 , -0.0329852 , -0.0315317 , -0.031576 , -0.0301613
0.9148 , -0.0336135 , -0.0321313 , -0.0321817 , -0.0307394
0.9152 , -0.0342405 , -0.0327295 , -0.0327862 , -0.0313162
0.9156 , -0.0348662 , -0.0333265 , -0.0333893 , -0.0318917
0.916 , -0.0354905 , -0.0339221 , -0.0339911 , -0.0324659
0.9164 , -0.0361133 , -0.0345164 , -0.0345915 , -0.0330388
0.9168 , -0.0367348 , -0.0351093 , -0.0351906 , -0.0336104
0.9172 , -0.0373548 , -0.0357008 , -0.0357882 , -0.0341806
0.9176 , -0.0379734 , -0.0362908 , -0.0363845 , -0.0347494
0.918 , -0.0385904 , -0.0368794 , -0.0369792 , -0.0353168
0.9184 , -0.039206 , -0.0374666 , -0.0375725 , -0.0358828
0.9188 , -0.03982 , -0.0380522 , -0.0381644 , -0.0364473
0.9192 , -0.0404324 , -0.0386363 , -0.0387546 , -0.0370103
0.9196 , -0.0410432 , -0.0392189 , -0.0393434 , -0.0375719
0.92 , -0.0416525 , -0.0397999 , -0.0399305 , -0.0381319
0.9204 , -0.04226 , -0.0403793 , -0.0405161 , -0.0386904
0.9208 , -0.0428659 , -0.0409571 , -0.0411001 , -0.0392473
0.9212 , -0.0434702 , -0.0415332 , -0.0416824 , -0.0398027
0.9216 , -0.0440727 , -0.0421077 , -0.0422631 , -0.0403564
0.922 , -0.0446734 , -0.0426805 , -0.042842 , -0.0409085
0.9224 , -0.0452724 , -0.0432516 , -0.0434193 , -0.0414589
0.9228 , -0.0458696 , -0.043821 , -0.0439948 , -0.0420077
0.9232 , -0.046465 , -0.0443886 , -0.0445686 , -0.0425547
0.9236 , -0.0470586 , -0.0449545 , -0.0451406 , -0.0431001
0.924 , -0.0476503 , -0.0455185 , -0.0457108 , -0.0436437
0.9244 , -0.0482402 , -0.0460807 , -0.0462792 , -0.0441855
0.9248 , -0.0488281 , -0.0466411 , -0.0468457 , -0.0447256
0.9252 , -0.0494141 , -0.0471996 , -0.0474104 , -0.0452638
0.9256 , -0.0499981 , -0.0477563 , -0.0479731 , -0.0458002
0.926 , -0.0505802 , -0.048311 , -0.048534 , -0.0463348
0.9264 , -0.0511602 , -0.0488638 , -0.0490929 , -0.0468675
0.9268 , -0.0517383 , -0.0494146 , -0.0496499 , -0.0473983
0.9272 , -0.0523143 , -0.0499634 , -0.0502049 , -0.0479272
0.9276 , -0.0528882 , -0.0505103 , -0.0507578 , -0.0484542
0.928 , -0.05346 , -0.0510551 , -0.0513088 , -0.0489792
0.9284 , -0.0540298 , -0.0515979 , -0.0518577 , -0.0495022
0.9288 , -0.0545973 , -0.0521387 , -0.0524045 , -0.0500232
0.9292 , -0.0551627 , -0.0526773 , -0.0529492 , -0.0505423
0.9296 , -0.055726 , -0.0532138 , -0.0534918 , -0.0510592
0.93 , -0.056287 , -0.0537482 , -0.0540323 , -0.0515742
0.9304 , -0.0568458 , -0.0542805 , -0.0545707 , -0.052087
0.9308 , -0.0574024 , -0.0548106 , -0.0551068 , -0.0525977
0.9312 , -0.0579566 , -0.0553385 , -0.0556408 , -0.0531064
0.9316 , -0.0585086 , -0.0558641 , -0.0561725 , -0.0536128
0.932 , -0.0590583 , -0.0563876 , -0.056702 , -0.0541172
0.9324 , -0.0596056 , -0.0569088 , -0.0572292 , -0.0546193
0.9328 , -0.0601505 , -0.0574277 , -0.0577541 , -0.0551192
0.9332 , -0.0606931 , -0.0579443 , -0.0582768 , -0.055617
0.9336 , -0.0612333 , -0.0584586 , -0.0587971 , -0.0561124
0.934 , -0.061771 , -0.0589706 , -0.059315 , -0.0566056
0.9344 , -0.0623063 , -0.0594802 , -0.0598306 , -0.0570966
0.9348 , -0.0628391 , -0.0599874 , -0.0603438 , -0.0575852
0.9352 , -0.0633694 , -0.0604922 , -0.0608546 , -0.0580715
0.9356 , -0.0638972 , -0.0609946 , -0.061363 , -0.0585555
0.936 , -0.0644225 , -0.0614946 , -0.0618689 , -0.0590371
0.9364 , -0.0649452 , -0.0619921 , -0.0623723 , -0.0595164
0.9368 , -0.0654654 , -0.0624871 , -0.0628733 , -0.0599932
0.9372 , -0.0659829 , -0.0629796 , -0.0633717 , -0.0604677
0.9376 , -0.0664979 , -0.0634696 , -0.0638676 , -0.0609397
0.938 , -0.0670101 , -0.0639571 , -0.064361 , -0.0614092
0.9384 , -0.0675198 , -0.064442 , -0.0648518 , -0.0618763
0.9388 , -0.0680267 , -0.0649243 , -0.06534 , -0.0623409
0.9392 , -0.068531 , -0.0654041 , -0.0658256 , -0.062803
0.9396 , -0.0690325 , -0.0658812 , -0.0663085 , -0.0632625
0.94 , -0.0695313 , -0.0663557 , -0.0667888 , -0.0637195
0.9404 , -0.0700273 , -0.0668275 , -0.0672665 , -0.064174
0.9408 , -0.0705205 , -0.0672966 , -0.0677414 , -0.0646258
0.9412 , -0.071011 , -0.0677631 , -0.0682137 , -0.0650751
0.9416 , -0.0714986 , -0.0682269 , -0.0686832 , -0.0655217
0.942 , -0.0719834 , -0.0686879 , -0.06915 , -0.0659657
0.9424 , -0.0724653 , -0.0691462 , -0.069614 , -0.0664071
0.9428 , -0.0729443 , -0.0696017 , -0.0700752 , -0.0668458
0.9432 , -0.0734205 , -0.0700544 , -0.0705337 , -0.0672818
0.9436 , -0.0738937 , -0.0705043 , -0.0709893 , -0.0677151
0.944 , -0.074364 , -0.0709514 , -0.0714421 , -0.0681456
0.9444 , -0.0748313 , -0.0713957 , -0.071892 , -0.0685735
0.9448 , -0.0752957 , -0.0718371 , -0.072339 , -0.0689985
0.9452 , -0.0757571 , -0.0722756 , -0.0727832 , -0.0694208
0.9456 , -0.0762154 , -0.0727113 , -0.0732245 , -0.0698403
0.946 , -0.0766707 , -0.073144 , -0.0736628 , -0.070257
0.9464 , -0.077123 , -0.0735738 , -0.0740982 , -0.0706709
0.9468 , -0.0775722 , -0.0740007 , -0.0745306 , -0.071082
0.9472 , -0.0780183 , -0.0744246 , -0.0749601 , -0.0714902
0.9476 , -0.0784613 , -0.0748455 , -0.0753865 , -0.0718955
0.948 , -0.0789012 , -0.0752635 , -0.07581 , -0.0722979
0.9484 , -0.079338 , -0.0756784 , -0.0762304 , -0.0726974
0.9488 , -0.0797716 , -0.0760903 , -0.0766478 , -0.073094
0.9492 , -0.080202 , -0.0764991 , -0.0770621 , -0.0734877
0.9496 , -0.0806293 , -0.0769049 , -0.0774733 , -0.0738784
0.95 , -0.0810533 , -0.0773076 , -0.0778814 , -0.0742661
0.9504 , -0.0814741 , -0.0777073 , -0.0782865 , -0.0746509
0.9508 , -0.0818917 , -0.0781038 , -0.0786884 , -0.0750326
0.9512 , -0.082306 , -0.0784972 , -0.0790871 , -0.0754114
0.9516 , -0.082717 , -0.0788874 , -0.0794827 , -0.0757871
0.952 , -0.0831247 , -0.0792745 , -0.0798751 , -0.0761598
0.9524 , -0.0835292 , -0.0796585 , -0.0802643 , -0.0765294
0.9528 , -0.0839303 , -0.0800392 , -0.0806503 , -0.0768959
0.9532 , -0.084328 , -0.0804167 , -0.0810331 , -0.0772594
0.9536 , -0.0847224 , -0.0807911 , -0.0814127 , -0.0776197
0.954 , -0.0851135 , -0.0811622 , -0.081789 , -0.077977
0.9544 , -0.0855011 , -0.08153 , -0.082162 , -0.0783311
0.9548 , -0.0858853 , -0.0818946 , -0.0825318 , -0.078682
0.9552 , -0.0862662 , -0.0822559 , -0.0828982 , -0.0790298
0.9556 , -0.0866435 , -0.0826139 , -0.0832613 , -0.0793745
0.956 , -0.0870175 , -0.0829686 , -0.0836211 , -0.0797159
0.9564 , -0.0873879 , -0.08332 , -0.0839776 , -0.0800542
0.9568 , -0.0877549 , -0.0836681 , -0.0843307 , -0.0803892
0.9572 , -0.0881184 , -0.0840128 , -0.0846805 , -0.080721
0.9576 , -0.0884784 , -0.0843542 , -0.0850268 , -0.0810496
0.958 , -0.0888349 , -0.0846921 , -0.0853698 , -0.0813749
0.9584 , -0.0891878 , -0.0850267 , -0.0857093 , -0.0816969
0.9588 , -0.0895371 , -0.0853579 , -0.0860454 , -0.0820157
0.9592 , -0.0898829 , -0.0856857 , -0.0863781 , -0.0823312
0.9596 , -0.0902251 , -0.08601 , -0.0867073 , -0.0826434
0.96 , -0.0905638 , -0.086331 , -0.0870331 , -0.0829522
0.9604 , -0.0908988 , -0.0866484 , -0.0873554 , -0.0832578
0.9608 , -0.0912302 , -0.0869624 , -0.0876742 , -0.0835599
0.9612 , -0.0915579 , -0.0872729 , -0.0879895 , -0.0838588
0.9616 , -0.091882 , -0.0875799 , -0.0883012 , -0.0841543
0.962 , -0.0922024 , -0.0878835 , -0.0886095 , -0.0844464
0.9624 , -0.0925192 , -0.0881835 , -0.0889142 , -0.0847351
0.9628 , -0.0928323 , -0.0884799 , -0.0892153 , -0.0850204
0.9632 , -0.0931417 , -0.0887729 , -0.0895129 , -0.0853023
0.9636 , -0.0934473 , -0.0890622 , -0.0898069 , -0.0855808
0.964 , -0.0937493 , -0.0893481 , -0.0900973 , -0.0858558
0.9644 , -0.0940475 , -0.0896303 , -0.0903841 , -0.0861275
0.9648 , -0.0943419 , -0.089909 , -0.0906673 , -0.0863956
0.9652 , -0.0946326 , -0.090184 , -0.0909469 , -0.0866603
0.9656 , -0.0949195 , -0.0904555 , -0.0912228 , -0.0869215
0.966 , -0.0952026 , -0.0907234 , -0.0914951 , -0.0871793
0.9664 , -0.095482 , -0.0909876 , -0.0917637 , -0.0874335
0.9668 , -0.0957575 , -0.0912481 , -0.0920287 , -0.0876842
0.9672 , -0.0960292 , -0.0915051 , -0.09229 , -0.0879314
0.9676 , -0.0962971 , -0.0917583 , -0.0925476 , -0.0881751
0.968 , -0.0965611 , -0.0920079 , -0.0928015 , -0.0884153
0.9684 , -0.0968213 , -0.0922538 , -0.0930516 , -0.0886519
0.9688 , -0.0970776 , -0.092496 , -0.0932981 , -0.088885
0.9692 , -0.09733 , -0.0927346 , -0.0935408 , -0.0891145
0.9696 , -0.0975786 , -0.0929694 , -0.0937798 , -0.0893404
0.97 , -0.0978233 , -0.0932005 , -0.0940151 , -0.0895627
0.9704 , -0.098064 , -0.0934278 , -0.0942466 , -0.0897815
0.9708 , -0.0983009 , -0.0936515 , -0.0944743 , -0.0899966
0.9712 , -0.0985338 , -0.0938714 , -0.0946982 , -0.0902082
0.9716 , -0.0987628 , -0.0940875 , -0.0949184 , -0.0904161
0.972 , -0.0989879 , -0.0942998 , -0.0951347 , -0.0906204
0.9724 , -0.099209 , -0.0945084 , -0.0953473 , -0.0908211
0.9728 , -0.0994261 , -0.0947132 , -0.095556 , -0.0910182
0.9732 , -0.0996393 , -0.0949143 , -0.095761 , -0.0912115
0.9736 , -0.0998485 , -0.0951115 , -0.0959621 , -0.0914013
0.974 , -0.100054 , -0.0953049 , -0.0961593 , -0.0915874
0.9744 , -0.100255 , -0.0954945 , -0.0963527 , -0.0917698
0.9748 , -0.100452 , -0.0956803 , -0.0965423 , -0.0919485
0.9752 , -0.100645 , -0.0958623 , -0.096728 , -0.0921235
0.9756 , -0.100835 , -0.0960404 , -0.0969098 , -0.0922949
0.976 , -0.10102 , -0.0962147 , -0.0970878 , -0.0924626
0.9764 , -0.101201 , -0.0963851 , -0.0972619 , -0.0926265
0.9768 , -0.101378 , -0.0965517 , -0.097432 , -0.0927868
0.9772 , -0.101551 , -0.0967144 , -0.0975983 , -0.0929433
0.9776 , -0.10172 , -0.0968733 , -0.0977607 , -0.0930961
0.978 , -0.101885 , -0.0970283 , -0.0979192 , -0.0932452
0.9784 , -0.102046 , -0.0971794 , -0.0980738 , -0.0933905
0.9788 , -0.102203 , -0.0973266 , -0.0982244 , -0.0935321
0.9792 , -0.102355 , -0.0974699 , -0.0983711 , -0.09367
0.9796 , -0.102504 , -0.0976093 , -0.0985139 , -0.0938041
0.98 , -0.102648 , -0.0977448 , -0.0986527 , -0.0939344
0.9804 , -0.102789 , -0.0978764 , -0.0987876 , -0.094061
0.9808 , -0.102925 , -0.0980041 , -0.0989186 , -0.0941838
0.9812 , -0.103057 , -0.0981279 , -0.0990456 , -0.0943029
0.9816 , -0.103185 , -0.0982477 , -0.0991686 , -0.0944182
0.982 , -0.103309 , -0.0983636 , -0.0992877 , -0.0945297
0.9824 , -0.103429 , -0.0984756 , -0.0994028 , -0.0946374
0.9828 , -0.103545 , -0.0985837 , -0.0995139 , -0.0947413
0.9832 , -0.103656 , -0.0986878 , -0.099621 , -0.0948414
0.9836 , -0.103764 , -0.0987879 , -0.0997242 , -0.0949378
0.984 , -0.103867 , -0.0988841 , -0.0998233 , -0.0950303
0.9844 , -0.103966 , -0.0989763 , -0.0999185 , -0.095119
0.9848 , -0.104061 , -0.0990646 , -0.10001 , -0.0952039
0.9852 , -0.104152 , -0.0991489 , -0.100097 , -0.095285
0.9856 , -0.104239 , -0.0992293 , -0.10018 , -0.0953623
0.986 , -0.104321 , -0.0993057 , -0.100259 , -0.0954358
0.9864 , -0.104399 , -0.0993781 , -0.100334 , -0.0955055
0.9868 , -0.104474 , -0.0994465 , -0.100406 , -0.0955713
0.9872 , -0.104544 , -0.099511 , -0.100473 , -0.0956333
0.9876 , -0.104609 , -0.0995715 , -0.100536 , -0.0956915
0.988 , -0.104671 , -0.099628 , -0.100595 , -0.0957459
0.9884 , -0.104728 , -0.0996805 , -0.10065 , -0.0957964
0.9888 , -0.104782 , -0.099729 , -0.100701 , -0.0958431
0.9892 , -0.104831 , -0.0997735 , -0.100748 , -0.0958859
0.9896 , -0.104876 , -0.0998141 , -0.100791 , -0.0959249
0.99 , -0.104916 , -0.0998506 , -0.10083 , -0.0959601
0.9904 , -0.104953 , -0.0998832 , -0.100865 , -0.0959915
0.9908 , -0.104985 , -0.0999118 , -0.100896 , -0.096019
0.9912 , -0.105013 , -0.0999363 , -0.100923 , -0.0960426
0.9916 , -0.105037 , -0.0999569 , -0.100945 , -0.0960624
0.992 , -0.105057 , -0.0999735 , -0.100964 , -0.0960784
0.9924 , -0.105072 , -0.099986 , -0.100979 , -0.0960905
0.9928 , -0.105083 , -0.0999946 , -0.10099 , -0.0960988
0.9932 , -0.10509 , -0.0999992 , -0.100996 , -0.0961032
0.9936 , -0.105093 , -0.0999997 , -0.100999 , -0.0961038
0.994 , -0.105092 , -0.0999963 , -0.100997 , -0.0961006
0.9944 , -0.105086 , -0.0999889 , -0.100992 , -0.0960935
0.9948 , -0.105077 , -0.0999775 , -0.100982 , -0.0960826
0.9952 , -0.105063 , -0.099962 , -0.100969 , -0.0960678
0.9956 , -0.105044 , -0.0999426 , -0.100951 , -0.0960492
0.996 , -0.105022 , -0.0999192 , -0.10093 , -0.0960267
0.9964 , -0.104995 , -0.0998918 , -0.100904 , -0.0960004
0.9968 , -0.104965 , -0.0998604 , -0.100874 , -0.0959703
0.9972 , -0.10493 , -0.0998249 , -0.100841 , -0.0959363
0.9976 , -0.104891 , -0.0997855 , -0.100803 , -0.0958985
0.998 , -0.104847 , -0.0997421 , -0.100761 , -0.0958568
0.9984 , -0.1048 , -0.0996948 , -0.100715 , -0.0958113
0.9988 , -0.104748 , -0.0996434 , -0.100665 , -0.095762
0.9992 , -0.104692 , -0.099588 , -0.100612 , -0.0957089
0.9996 , -0.104632 , -0.0995287 , -0.100554 , -0.0956519
1 , -0.104568 , -0.0994654 , -0.100492 , -0.0955911
1.0004 , -0.104499 , -0.0993981 , -0.100426 , -0.0955265
1.0008 , -0.104426 , -0.0993268 , -0.100356 , -0.0954581
1.0012 , -0.104349 , -0.0992515 , -0.100282 , -0.0953858
1.0016 , -0.104268 , -0.0991723 , -0.100204 , -0.0953098
1.002 , -0.104183 , -0.0990891 , -0.100122 , -0.0952299
1.0024 , -0.104094 , -0.099002 , -0.100036 , -0.0951462
1.0028 , -0.104 , -0.0989109 , -0.0999459 , -0.0950587
1.0032 , -0.103903 , -0.0988158 , -0.0998519 , -0.0949674
1.0036 , -0.103801 , -0.0987168 , -0.0997539 , -0.0948724
1.004 , -0.103695 , -0.0986138 , -0.0996519 , -0.0947735
1.0044 , -0.103584 , -0.0985069 , -0.0995459 , -0.0946708
1.0048 , -0.10347 , -0.0983961 , -0.0994359 , -0.0945644
1.0052 , -0.103352 , -0.0982813 , -0.099322 , -0.0944542
1.0056 , -0.103229 , -0.0981625 , -0.0992041 , -0.0943402
1.006 , -0.103102 , -0.0980399 , -0.0990822 , -0.0942224
1.0064 , -0.102971 , -0.0979133 , -0.0989563 , -0.0941009
1.0068 , -0.102836 , -0.0977828 , -0.0988265 , -0.0939756
1.0072 , -0.102697 , -0.0976484 , -0.0986928 , -0.0938466
1.0076 , -0.102554 , -0.0975101 , -0.0985551 , -0.0937138
1.008 , -0.102407 , -0.0973679 , -0.0984134 , -0.0935772
1.0084 , -0.102255 , -0.0972218 , -0.0982678 , -0.0934369
1.0088 , -0.1021 , -0.0970719 , -0.0981183 , -0.0932929
1.0092 , -0.10194 , -0.096918 , -0.0979649 , -0.0931452
1.0096 , -0.101776 , -0.0967602 , -0.0978075 , -0.0929937
1.01 , -0.101609 , -0.0965986 , -0.0976462 , -0.0928386
1.0104 , -0.101437 , -0.0964332 , -0.097481 , -0.0926797
1.0108 , -0.101261 , -0.0962638 , -0.0973119 , -0.0925171
1.0112 , -0.101081 , -0.0960906 , -0.097139 , -0.0923508
1.0116 , -0.100897 , -0.0959136 , -0.0969621 , -0.0921809
1.012 , -0.100709 , -0.0957327 , -0.0967813 , -0.0920072
1.0124 , -0.100517 , -0.095548 , -0.0965967 , -0.0918299
1.0128 , -0.10032 , -0.0953595 , -0.0964082 , -0.0916489
1.0132 , -0.10012 , -0.0951672 , -0.0962159 , -0.0914642
1.0136 , -0.099916 , -0.094971 , -0.0960197 , -0.0912759
1.014 , -0.0997079 , -0.0947711 , -0.0958196 , -0.091084
1.0144 , -0.0994957 , -0.0945674 , -0.0956158 , -0.0908884
1.0148 , -0.0992795 , -0.0943599 , -0.0954081 , -0.0906892
1.0152 , -0.0990594 , -0.0941486 , -0.0951966 , -0.0904864
1.0156 , -0.0988352 , -0.0939335 , -0.0949812 , -0.0902799
1.016 , -0.0986072 , -0.0937147 , -0.0947621 , -0.0900699
1.0164 , -0.0983751 , -0.0934921 , -0.0945392 , -0.0898562
1.0168 , -0.0981391 , -0.0932659 , -0.0943125 , -0.089639
1.0172 , -0.0978992 , -0.0930358 , -0.094082 , -0.0894182
1.0176 , -0.0976554 , -0.0928021 , -0.0938478 , -0.0891938
1.018 , -0.0974076 , -0.0925646 , -0.0936098 , -0.0889658
1.0184 , -0.097156 , -0.0923234 , -0.093368 , -0.0887343
1.0188 , -0.0969004 , -0.0920786 , -0.0931226 , -0.0884993
1.0192 , -0.096641 , -0.09183 , -0.0928733 , -0.0882607
1.0196 , -0.0963776 , -0.0915778 , -0.0926204 , -0.0880186
1.02 , -0.0961105 , -0.091322 , -0.0923638 , -0.087773
1.0204 , -0.0958394 , -0.0910624 , -0.0921035 , -0.0875239
1.0208 , -0.0955645 , -0.0907992 , -0.0918394 , -0.0872713
1.0212 , -0.0952858 , -0.0905324 , -0.0915718 , -0.0870152
1.0216 , -0.0950033 , -0.090262 , -0.0913004 , -0.0867557
1.022 , -0.0947169 , -0.089988 , -0.0910254 , -0.0864926
1.0224 , -0.0944268 , -0.0897103 , -0.0907467 , -0.0862262
1.0228 , -0.0941328 , -0.0894291 , -0.0904645 , -0.0859563
1.0232 , -0.0938351 , -0.0891443 , -0.0901786 , -0.0856829
1.0236 , -0.0935336 , -0.0888559 , -0.089889 , -0.0854062
1.024 , -0.0932284 , -0.088564 , -0.0895959 , -0.085126
1.0244 , -0.0929194 , -0.0882686 , -0.0892992 , -0.0848424
1.0248 , -0.0926067 , -0.0879696 , -0.088999 , -0.0845555
1.0252 , -0.0922903 , -0.0876671 , -0.0886951 , -0.0842652
1.0256 , -0.0919701 , -0.087361 , -0.0883877 , -0.0839715
1.026 , -0.0916463 , -0.0870515 , -0.0880768 , -0.0836744
1.0264 , -0.0913188 , -0.0867385 , -0.0877624 , -0.0833741
1.0268 , -0.0909876 , -0.0864221 , -0.0874444 , -0.0830704
1.0272 , -0.0906528 , -0.0861021 , -0.0871229 , -0.0827634
1.0276 , -0.0903144 , -0.0857788 , -0.086798 , -0.0824531
1.028 , -0.0899723 , -0.085452 , -0.0864696 , -0.0821395
1.0284 , -0.0896266 , -0.0851217 , -0.0861377 , -0.0818226
1.0288 , -0.0892773 , -0.0847881 , -0.0858023 , -0.0815025
1.0292 , -0.0889244 , -0.0844511 , -0.0854636 , -0.0811791
1.0296 , -0.0885679 , -0.0841107 , -0.0851214 , -0.0808525
1.03 , -0.0882079 , -0.083767 , -0.0847758 , -0.0805226
1.0304 , -0.0878444 , -0.0834199 , -0.0844268 , -0.0801896
1.0308 , -0.0874773 , -0.0830694 , -0.0840744 , -0.0798533
1.0312 , -0.0871067 , -0.0827156 , -0.0837187 , -0.0795139
1.0316 , -0.0867326 , -0.0823586 , -0.0833596 , -0.0791713
1.032 , -0.086355 , -0.0819982 , -0.0829972 , -0.0788255
1.0324 , -0.085974 , -0.0816346 , -0.0826314 , -0.0784766
1.0328 , -0.0855895 , -0.0812676 , -0.0822624 , -0.0781246
1.0332 , -0.0852015 , -0.0808975 , -0.08189 , -0.0777695
1.0336 , -0.0848102 , -0.0805241 , -0.0815144 , -0.0774112
1.034 , -0.0844154 , -0.0801475 , -0.0811355 , -0.0770499
1.0344 , -0.0840173 , -0.0797676 , -0.0807534 , -0.0766855
1.0348 , -0.0836157 , -0.0793846 , -0.080368 , -0.076318
1.0352 , -0.0832108 , -0.0789984 , -0.0799794 , -0.0759475
1.0356 , -0.0828026 , -0.0786091 , -0.0795876 , -0.075574
1.036 , -0.082391 , -0.0782166 , -0.0791926 , -0.0751975
1.0364 , -0.0819761 , -0.0778209 , -0.0787945 , -0.074818
1.0368 , -0.0815579 , -0.0774222 , -0.0783932 , -0.0744355
1.0372 , -0.0811365 , -0.0770204 , -0.0779887 , -0.07405
1.0376 , -0.0807117 , -0.0766154 , -0.0775812 , -0.0736616
1.038 , -0.0802838 , -0.0762075 , -0.0771705 , -0.0732702
1.0384 , -0.0798526 , -0.0757964 , -0.0767567 , -0.0728759
1.0388 , -0.0794182 , -0.0753824 , -0.0763399 , -0.0724788
1.0392 , -0.0789806 , -0.0749653 , -0.07592 , -0.0720787
1.0396 , -0.0785398 , -0.0745452 , -0.075497 , -0.0716758
1.04 , -0.0780958 , -0.0741222 , -0.0750711 , -0.07127
1.0404 , -0.0776488 , -0.0736961 , -0.0746421 , -0.0708613
1.0408 , -0.0771986 , -0.0732672 , -0.0742102 , -0.0704499
1.0412 , -0.0767452 , -0.0728353 , -0.0737752 , -0.0700356
1.0416 , -0.0762888 , -0.0724004 , -0.0733374 , -0.0696186
1.042 , -0.0758294 , -0.0719627 , -0.0728965 , -0.0691988
1.0424 , -0.0753669 , -0.0715221 , -0.0724528 , -0.0687762
1.0428 , -0.0749013 , -0.0710787 , -0.0720062 , -0.0683509
1.0432 , -0.0744327 , -0.0706324 , -0.0715566 , -0.0679229
1.0436 , -0.0739612 , -0.0701833 , -0.0711043 , -0.0674922
1.044 , -0.0734866 , -0.0697314 , -0.070649 , -0.0670588
1.0444 , -0.0730091 , -0.0692766 , -0.070191 , -0.0666227
1.0448 , -0.0725287 , -0.0688192 , -0.0697301 , -0.066184
1.0452 , -0.0720453 , -0.0683589 , -0.0692664 , -0.0657426
1.0456 , -0.0715591 , -0.0678959 , -0.0688 , -0.0652986
1.046 , -0.0710699 , -0.0674303 , -0.0683308 , -0.064852
1.0464 , -0.0705779 , -0.0669619 , -0.0678588 , -0.0644029
1.0468 , -0.0700831 , -0.0664908 , -0.0673842 , -0.0639512
1.0472 , -0.0695854 , -0.0660171 , -0.0669068 , -0.0634969
1.0476 , -0.0690849 , -0.0655407 , -0.0664268 , -0.0630401
1.048 , -0.0685817 , -0.0650617 , -0.0659441 , -0.0625808
1.0484 , -0.0680757 , -0.0645801 , -0.0654588 , -0.062119
1.0488 , -0.0675669 , -0.064096 , -0.0649708 , -0.0616548
1.0492 , -0.0670554 , -0.0636092 , -0.0644802 , -0.0611881
1.0496 , -0.0665412 , -0.06312 , -0.0639871 , -0.0607189
1.05 , -0.0660244 , -0.0626281 , -0.0634914 , -0.0602474
1.0504 , -0.0655048 , -0.0621338 , -0.0629931 , -0.0597734
1.0508 , -0.0649826 , -0.061637 , -0.0624924 , -0.0592971
1.0512 , -0.0644579 , -0.0611378 , -0.0619891 , -0.0588184
1.0516 , -0.0639305 , -0.0606361 , -0.0614833 , -0.0583374
1.052 , -0.0634005 , -0.0601319 , -0.0609751 , -0.0578541
1.0524 , -0.062868 , -0.0596254 , -0.0604644 , -0.0573685
1.0528 , -0.0623329 , -0.0591165 , -0.0599513 , -0.0568805
1.0532 , -0.0617953 , -0.0586052 , -0.0594358 , -0.0563904
1.0536 , -0.0612552 , -0.0580916 , -0.058918 , -0.055898
1.054 , -0.0607127 , -0.0575756 , -0.0583977 , -0.0554033
1.0544 , -0.0601677 , -0.0570573 , -0.0578751 , -0.0549065
1.0548 , -0.0596203 , -0.0565368 , -0.0573502 , -0.0544075
1.0552 , -0.0590704 , -0.056014 , -0.0568231 , -0.0539063
1.0556 , -0.0585182 , -0.055489 , -0.0562936 , -0.053403
1.056 , -0.0579637 , -0.0549617 , -0.0557619 , -0.0528976
1.0564 , -0.0574067 , -0.0544322 , -0.0552279 , -0.05239
1.0568 , -0.0568475 , -0.0539006 , -0.0546917 , -0.0518804
1.0572 , -0.056286 , -0.0533668 , -0.0541534 , -0.0513688
1.0576 , -0.0557222 , -0.0528309 , -0.0536128 , -0.050855
1.058 , -0.0551561 , -0.0522928 , -0.0530701 , -0.0503393
1.0584 , -0.0545878 , -0.0517527 , -0.0525253 , -0.0498216
1.0588 , -0.0540173 , -0.0512105 , -0.0519784 , -0.0493019
1.0592 , -0.0534446 , -0.0506662 , -0.0514294 , -0.0487802
1.0596 , -0.0528698 , -0.05012 , -0.0508783 , -0.0482567
1.06 , -0.0522928 , -0.0495717 , -0.0503252 , -0.0477312
1.0604 , -0.0517137 , -0.0490214 , -0.0497701 , -0.0472038
1.0608 , -0.0511325 , -0.0484692 , -0.049213 , -0.0466745
1.0612 , -0.0505493 , -0.047915 , -0.0486539 , -0.0461434
1.0616 , -0.049964 , -0.0473589 , -0.0480929 , -0.0456104
1.062 , -0.0493767 , -0.046801 , -0.0475299 , -0.0450757
1.0624 , -0.0487874 , -0.0462411 , -0.046965 , -0.0445391
1.0628 , -0.0481961 , -0.0456794 , -0.0463983 , -0.0440008
1.0632 , -0.0476028 , -0.0451159 , -0.0458296 , -0.0434608
1.0636 , -0.0470077 , -0.0445506 , -0.0452592 , -0.042919
1.064 , -0.0464106 , -0.0439835 , -0.0446869 , -0.0423756
1.0644 , -0.0458116 , -0.0434146 , -0.0441129 , -0.0418304
1.0648 , -0.0452108 , -0.042844 , -0.043537 , -0.0412836
1.0652 , -0.0446082 , -0.0422716 , -0.0429594 , -0.0407352
1.0656 , -0.0440037 , -0.0416976 , -0.0423801 , -0.0401851
1.066 , -0.0433975 , -0.041122 , -0.0417991 , -0.0396335
1.0664 , -0.0427895 , -0.0405446 , -0.0412165 , -0.0390803
1.0668 , -0.0421797 , -0.0399657 , -0.0406321 , -0.0385256
1.0672 , -0.0415683 , -0.0393851 , -0.0400462 , -0.0379693
1.0676 , -0.0409552 , -0.038803 , -0.0394586 , -0.0374115
1.068 , -0.0403404 , -0.0382193 , -0.0388695 , -0.0368523
1.0684 , -0.0397239 , -0.0376341 , -0.0382788 , -0.0362916
1.0688 , -0.0391059 , -0.0370474 , -0.0376865 , -0.0357294
1.0692 , -0.0384863 , -0.0364592 , -0.0370928 , -0.0351659
1.0696 , -0.0378651 , -0.0358696 , -0.0364975 , -0.0346009
1.07 , -0.0372423 , -0.0352785 , -0.0359008 , -0.0340346
1.0704 , -0.0366181 , -0.034686 , -0.0353026 , -0.033467
1.0708 , -0.0359923 , -0.0340921 , -0.0347031 , -0.032898
1.0712 , -0.0353651 , -0.0334969 , -0.0341021 , -0.0323277
1.0716 , -0.0347365 , -0.0329003 , -0.0334998 , -0.0317562
1.072 , -0.0341064 , -0.0323024 , -0.0328961 , -0.0311834
1.0724 , -0.033475 , -0.0317032 , -0.0322911 , -0.0306094
1.0728 , -0.0328421 , -0.0311027 , -0.0316848 , -0.0300341
1.0732 , -0.032208 , -0.030501 , -0.0310773 , -0.0294577
1.0736 , -0.0315725 , -0.0298981 , -0.0304684 , -0.0288802
1.074 , -0.0309358 , -0.029294 , -0.0298584 , -0.0283015
1.0744 , -0.0302977 , -0.0286887 , -0.0292472 , -0.0277216
1.0748 , -0.0296585 , -0.0280823 , -0.0286348 , -0.0271407
1.0752 , -0.029018 , -0.0274747 , -0.0280212 , -0.0265587
1.0756 , -0.0283763 , -0.026866 , -0.0274065 , -0.0259757
1.076 , -0.0277335 , -0.0262563 , -0.0267907 , -0.0253917
1.0764 , -0.0270896 , -0.0256455 , -0.0261739 , -0.0248066
1.0768 , -0.0264445 , -0.0250337 , -0.025556 , -0.0242206
1.0772 , -0.0257984 , -0.0244209 , -0.024937 , -0.0236337
1.0776 , -0.0251512 , -0.0238071 , -0.0243171 , -0.0230458
1.078 , -0.0245029 , -0.0231923 , -0.0236961 , -0.022457
1.0784 , -0.0238537 , -0.0225767 , -0.0230743 , -0.0218673
1.0788 , -0.0232035 , -0.0219601 , -0.0224515 , -0.0212768
1.0792 , -0.0225523 , -0.0213426 , -0.0218278 , -0.0206854
1.0796 , -0.0219002 , -0.0207243 , -0.0212032 , -0.0200932
1.08 , -0.0212472 , -0.0201052 , -0.0205777 , -0.0195003
1.0804 , -0.0205933 , -0.0194853 , -0.0199515 , -0.0189066
1.0808 , -0.0199386 , -0.0188645 , -0.0193244 , -0.0183121
1.0812 , -0.019283 , -0.0182431 , -0.0186966 , -0.017717
1.0816 , -0.0186267 , -0.0176209 , -0.018068 , -0.0171211
1.082 , -0.0179695 , -0.016998 , -0.0174386 , -0.0165246
1.0824 , -0.0173117 , -0.0163744 , -0.0168086 , -0.0159274
1.0828 , -0.0166531 , -0.0157501 , -0.0161779 , -0.0153296
1.0832 , -0.0159938 , -0.0151253 , -0.0155465 , -0.0147313
1.0836 , -0.0153339 , -0.0144998 , -0.0149146 , -0.0141323
1.084 , -0.0146733 , -0.0138737 , -0.014282 , -0.0135328
1.0844 , -0.0140121 , -0.0132471 , -0.0136488 , -0.0129328
1.0848 , -0.0133503 , -0.01262 , -0.0130151 , -0.0123323
1.0852 , -0.012688 , -0.0119923 , -0.0123808 , -0.0117313
1.0856 , -0.0120251 , -0.0113642 , -0.0117461 , -0.0111299
1.086 , -0.0113617 , -0.0107356 , -0.0111109 , -0.010528
1.0864 , -0.0106978 , -0.0101066 , -0.0104752 , -0.00992575
1.0868 , -0.0100335 , -0.00947717 , -0.00983913 , -0.00932311
1.0872 , -0.00936874 , -0.00884738 , -0.00920264 , -0.00872011
1.0876 , -0.00870359 , -0.00821723 , -0.00856578 , -0.00811679
1.088 , -0.00803806 , -0.00758675 , -0.00792857 , -0.00751316
1.0884 , -0.00737218 , -0.00695597 , -0.00729104 , -0.00690925
1.0888 , -0.00670599 , -0.00632491 , -0.00665321 , -0.00630508
1.0892 , -0.00603949 , -0.00569359 , -0.00601511 , -0.00570068
1.0896 , -0.00537273 , -0.00506205 , -0.00537676 , -0.00509607
1.09 , -0.00470573 , -0.00443031 , -0.0047382 , -0.00449127
1.0904 , -0.00403851 , -0.00379839 , -0.00409944 , -0.00388632
1.0908 , -0.00337111 , -0.00316632 , -0.00346051 , -0.00328123
1.0912 , -0.00270354 , -0.00253412 , -0.00282144 , -0.00267603
1.0916 , -0.00203584 , -0.00190182 , -0.00218225 , -0.00207074
1.092 , -0.00136803 , -0.00126945 , -0.00154296 , -0.00146538
1.0924 , -0.000700141 , -0.000637018 , -0.000903613 , -0.000859991
1.0928 , -3.21956e-05 , -4.56616e-06 , -0.000264222 , -0.000254583
1.0932 , 0.000635778 , 0.000627886 , 0.000375185 , 0.000350815
1.0936 , 0.00130375 , 0.00126031 , 0.00101458 , 0.00095618
1.094 , 0.0019717 , 0.00189269 , 0.00165394 , 0.00156149
1.0944 , 0.0026396 , 0.00252499 , 0.00229324 , 0.00216671
1.0948 , 0.00330742 , 0.00315719 , 0.00293246 , 0.00277183
1.0952 , 0.00397513 , 0.00378927 , 0.00357156 , 0.00337682
1.0956 , 0.00464271 , 0.00442119 , 0.00421052 , 0.00398166
1.096 , 0.00531013 , 0.00505293 , 0.00484932 , 0.00458631
1.0964 , 0.00597737 , 0.00568448 , 0.00548794 , 0.00519077
1.0968 , 0.00664439 , 0.00631579 , 0.00612633 , 0.00579499
1.0972 , 0.00731118 , 0.00694686 , 0.00676449 , 0.00639897
1.0976 , 0.0079777 , 0.00757764 , 0.00740238 , 0.00700267
1.098 , 0.00864392 , 0.00820812 , 0.00803998 , 0.00760607
1.0984 , 0.00930983 , 0.00883828 , 0.00867727 , 0.00820915
1.0988 , 0.00997539 , 0.00946808 , 0.00931421 , 0.00881188
1.0992 , 0.0106406 , 0.0100975 , 0.00995079 , 0.00941423
1.0996 , 0.0113054 , 0.0107265 , 0.010587 , 0.0100162
1.1 , 0.0119697 , 0.0113551 , 0.0112227 , 0.0106177
1.1004 , 0.0126336 , 0.0119832 , 0.0118581 , 0.0112188
1.1008 , 0.0132971 , 0.0126109 , 0.0124929 , 0.0118195
1.1012 , 0.01396 , 0.013238 , 0.0131273 , 0.0124196
1.1016 , 0.0146224 , 0.0138647 , 0.0137611 , 0.0130192
1.102 , 0.0152842 , 0.0144907 , 0.0143944 , 0.0136183
1.1024 , 0.0159455 , 0.0151162 , 0.0150271 , 0.0142168
1.1028 , 0.0166061 , 0.0157411 , 0.0156592 , 0.0148148
1.1032 , 0.0172661 , 0.0163654 , 0.0162907 , 0.0154121
1.1036 , 0.0179255 , 0.016989 , 0.0169216 , 0.0160088
1.104 , 0.0185841 , 0.0176119 , 0.0175518 , 0.0166048
1.1044 , 0.0192421 , 0.0182341 , 0.0181813 , 0.0172001
1.1048 , 0.0198992 , 0.0188556 , 0.01881 , 0.0177948
1.1052 , 0.0205557 , 0.0194763 , 0.019438 , 0.0183887
1.1056 , 0.0212113 , 0.0200963 , 0.0200653 , 0.0189818
1.106 , 0.0218661 , 0.0207154 , 0.0206917 , 0.0195742
1.1064 , 0.02252 , 0.0213337 , 0.0213174 , 0.0201657
1.1068 , 0.0231731 , 0.0219512 , 0.0219421 , 0.0207565
1.1072 , 0.0238253 , 0.0225678 , 0.022566 , 0.0213464
1.1076 , 0.0244765 , 0.0231835 , 0.023189 , 0.0219354
1.108 , 0.0251268 , 0.0237982 , 0.0238111 , 0.0225235
1.1084 , 0.0257762 , 0.024412 , 0.0244323 , 0.0231107
1.1088 , 0.0264245 , 0.0250249 , 0.0250524 , 0.023697
1.1092 , 0.0270718 , 0.0256367 , 0.0256716 , 0.0242823
1.1096 , 0.027718 , 0.0262475 , 0.0262897 , 0.0248666
1.11 , 0.0283631 , 0.0268572 , 0.0269068 , 0.0254499
1.1104 , 0.0290072 , 0.0274659 , 0.0275229 , 0.0260321
1.1108 , 0.02965 , 0.0280735 , 0.0281378 , 0.0266133
1.1112 , 0.0302918 , 0.02868 , 0.0287516 , 0.0271934
1.1116 , 0.0309323 , 0.0292853 , 0.0293643 , 0.0277724
1.112 , 0.0315717 , 0.0298894 , 0.0299758 , 0.0283503
1.1124 , 0.0322098 , 0.0304923 , 0.0305861 , 0.028927
1.1128 , 0.0328466 , 0.0310941 , 0.0311952 , 0.0295026
1.1132 , 0.0334822 , 0.0316945 , 0.031803 , 0.0300769
1.1136 , 0.0341164 , 0.0322938 , 0.0324096 , 0.0306501
1.114 , 0.0347493 , 0.0328917 , 0.0330149 , 0.031222
1.1144 , 0.0353808 , 0.0334883 , 0.0336188 , 0.0317926
1.1148 , 0.036011 , 0.0340835 , 0.0342214 , 0.0323619
1.1152 , 0.0366397 , 0.0346775 , 0.0348227 , 0.0329299
1.1156 , 0.037267 , 0.03527 , 0.0354226 , 0.0334966
1.116 , 0.0378928 , 0.0358611 , 0.036021 , 0.0340619
1.1164 , 0.0385172 , 0.0364507 , 0.0366181 , 0.0346259
1.1168 , 0.03914 , 0.0370389 , 0.0372136 , 0.0351884
1.1172 , 0.0397613 , 0.0376257 , 0.0378077 , 0.0357495
1.1176 , 0.040381 , 0.0382109 , 0.0384003 , 0.0363092
1.118 , 0.0409991 , 0.0387946 , 0.0389913 , 0.0368674
1.1184 , 0.0416156 , 0.0393767 , 0.0395808 , 0.0374241
1.1188 , 0.0422305 , 0.0399573 , 0.0401687 , 0.0379792
1.1192 , 0.0428437 , 0.0405363 , 0.040755 , 0.0385329
1.1196 , 0.0434552 , 0.0411136 , 0.0413397 , 0.039085
1.12 , 0.044065 , 0.0416893 , 0.0419228 , 0.0396355
1.1204 , 0.044673 , 0.0422634 , 0.0425041 , 0.0401844
1.1208 , 0.0452793 , 0.0428357 , 0.0430838 , 0.0407317
1.1212 , 0.0458838 , 0.0434064 , 0.0436617 , 0.0412773
1.1216 , 0.0464865 , 0.0439753 , 0.0442379 , 0.0418213
1.122 , 0.0470874 , 0.0445424 , 0.0448124 , 0.0423636
1.1224 , 0.0476864 , 0.0451077 , 0.045385 , 0.0429041
1.1228 , 0.0482835 , 0.0456713 , 0.0459559 , 0.043443
1.1232 , 0.0488787 , 0.046233 , 0.0465249 , 0.04398
1.1236 , 0.049472 , 0.0467929 , 0.047092 , 0.0445153
1.124 , 0.0500633 , 0.0473509 , 0.0476573 , 0.0450488
1.1244 , 0.0506527 , 0.047907 , 0.0482207 , 0.0455805
1.1248 , 0.05124 , 0.0484612 , 0.0487821 , 0.0461104
1.1252 , 0.0518253 , 0.0490135 , 0.0493416 , 0.0466383
1.1256 , 0.0524086 , 0.0495638 , 0.0498991 , 0.0471644
1.126 , 0.0529898 , 0.0501121 , 0.0504547 , 0.0476886
1.1264 , 0.0535689 , 0.0506584 , 0.0510082 , 0.0482109
1.1268 , 0.0541459 , 0.0512027 , 0.0515597 , 0.0487312
1.1272 , 0.0547207 , 0.0517449 , 0.0521091 , 0.0492496
1.1276 , 0.0552934 , 0.0522851 , 0.0526565 , 0.049766
1.128 , 0.0558639 , 0.0528231 , 0.0532017 , 0.0502803
1.1284 , 0.0564321 , 0.0533591 , 0.0537448 , 0.0507927
1.1288 , 0.0569982 , 0.0538929 , 0.0542858 , 0.051303
1.1292 , 0.057562 , 0.0544246 , 0.0548246 , 0.0518112
1.1296 , 0.0581235 , 0.0549541 , 0.0553613 , 0.0523173
1.13 , 0.0586826 , 0.0554814 , 0.0558957 , 0.0528213
1.1304 , 0.0592395 , 0.0560064 , 0.0564279 , 0.0533232
1.1308 , 0.059794 , 0.0565293 , 0.0569578 , 0.053823
1.1312 , 0.0603462 , 0.0570498 , 0.0574854 , 0.0543206
1.1316 , 0.060896 , 0.0575681 , 0.0580108 , 0.0548159
1.132 , 0.0614433 , 0.0580841 , 0.0585338 , 0.0553091
1.1324 , 0.0619882 , 0.0585978 , 0.0590546 , 0.0558001
1.1328 , 0.0625307 , 0.0591091 , 0.0595729 , 0.0562888
1.1332 , 0.0630707 , 0.0596181 , 0.0600889 , 0.0567752
1.1336 , 0.0636081 , 0.0601246 , 0.0606024 , 0.0572594
1.134 , 0.0641431 , 0.0606288 , 0.0611136 , 0.0577412
1.1344 , 0.0646755 , 0.0611306 , 0.0616223 , 0.0582207
1.1348 , 0.0652053 , 0.0616298 , 0.0621286 , 0.0586979
1.1352 , 0.0657326 , 0.0621267 , 0.0626323 , 0.0591727
1.1356 , 0.0662572 , 0.062621 , 0.0631336 , 0.0596452
1.136 , 0.0667792 , 0.0631129 , 0.0636323 , 0.0601152
1.1364 , 0.0672986 , 0.0636022 , 0.0641285 , 0.0605828
1.1368 , 0.0678153 , 0.064089 , 0.0646222 , 0.061048
1.1372 , 0.0683293 , 0.0645732 , 0.0651132 , 0.0615107
1.1376 , 0.0688406 , 0.0650548 , 0.0656017 , 0.0619709
1.138 , 0.0693492 , 0.0655338 , 0.0660875 , 0.0624287
1.1384 , 0.069855 , 0.0660102 , 0.0665707 , 0.0628839
1.1388 , 0.070358 , 0.066484 , 0.0670513 , 0.0633366
1.1392 , 0.0708582 , 0.0669551 , 0.0675292 , 0.0637868
1.1396 , 0.0713557 , 0.0674235 , 0.0680043 , 0.0642344
1.14 , 0.0718502 , 0.0678892 , 0.0684768 , 0.0646794
1.1404 , 0.072342 , 0.0683523 , 0.0689465 , 0.0651218
1.1408 , 0.0728308 , 0.0688125 , 0.0694135 , 0.0655616
1.1412 , 0.0733168 , 0.0692701 , 0.0698776 , 0.0659987
1.1416 , 0.0737999 , 0.0697248 , 0.070339 , 0.0664332
1.142 , 0.07428 , 0.0701768 , 0.0707976 , 0.066865
1.1424 , 0.0747571 , 0.0706259 , 0.0712534 , 0.0672942
1.1428 , 0.0752313 , 0.0710723 , 0.0717063 , 0.0677206
1.1432 , 0.0757025 , 0.0715158 , 0.0721563 , 0.0681443
1.1436 , 0.0761707 , 0.0719564 , 0.0726035 , 0.0685653
1.144 , 0.0766359 , 0.0723941 , 0.0730478 , 0.0689835
1.1444 , 0.077098 , 0.072829 , 0.0734891 , 0.069399
1.1448 , 0.0775571 , 0.0732609 , 0.0739275 , 0.0698116
1.1452 , 0.0780131 , 0.07369 , 0.074363 , 0.0702215
1.1456 , 0.0784659 , 0.074116 , 0.0747955 , 0.0706285
1.146 , 0.0789157 , 0.0745391 , 0.075225 , 0.0710327
1.1464 , 0.0793623 , 0.0749592 , 0.0756515 , 0.071434
1.1468 , 0.0798057 , 0.0753764 , 0.0760749 , 0.0718325
1.1472 , 0.080246 , 0.0757905 , 0.0764954 , 0.072228
1.1476 , 0.0806831 , 0.0762015 , 0.0769127 , 0.0726207
1.148 , 0.081117 , 0.0766096 , 0.077327 , 0.0730105
1.1484 , 0.0815476 , 0.0770145 , 0.0777382 , 0.0733973
1.1488 , 0.081975 , 0.0774164 , 0.0781463 , 0.0737812
1.1492 , 0.0823992 , 0.0778152 , 0.0785513 , 0.0741621
1.1496 , 0.0828201 , 0.0782109 , 0.0789532 , 0.07454
1.15 , 0.0832376 , 0.0786034 , 0.0793519 , 0.074915
1.1504 , 0.0836519 , 0.0789928 , 0.0797474 , 0.0752869
1.1508 , 0.0840628 , 0.0793791 , 0.0801397 , 0.0756558
1.1512 , 0.0844704 , 0.0797621 , 0.0805288 , 0.0760217
1.1516 , 0.0848746 , 0.080142 , 0.0809147 , 0.0763845
1.152 , 0.0852754 , 0.0805187 , 0.0812974 , 0.0767442
1.1524 , 0.0856729 , 0.0808921 , 0.0816768 , 0.0771009
1.1528 , 0.0860669 , 0.0812623 , 0.082053 , 0.0774545
1.1532 , 0.0864575 , 0.0816293 , 0.0824259 , 0.077805
1.1536 , 0.0868447 , 0.081993 , 0.0827955 , 0.0781523
1.154 , 0.0872284 , 0.0823534 , 0.0831618 , 0.0784965
1.1544 , 0.0876086 , 0.0827105 , 0.0835247 , 0.0788376
1.1548 , 0.0879854 , 0.0830643 , 0.0838843 , 0.0791754
1.1552 , 0.0883586 , 0.0834148 , 0.0842406 , 0.0795102
1.1556 , 0.0887283 , 0.083762 , 0.0845935 , 0.0798417
1.156 , 0.0890945 , 0.0841058 , 0.084943 , 0.08017
1.1564 , 0.0894571 , 0.0844462 , 0.0852892 , 0.0804951
1.1568 , 0.0898162 , 0.0847833 , 0.0856319 , 0.080817
1.1572 , 0.0901717 , 0.085117 , 0.0859712 , 0.0811356
1.1576 , 0.0905236 , 0.0854472 , 0.086307 , 0.081451
1.158 , 0.0908719 , 0.0857741 , 0.0866394 , 0.0817631
1.1584 , 0.0912166 , 0.0860975 , 0.0869684 , 0.0820719
1.1588 , 0.0915576 , 0.0864175 , 0.0872938 , 0.0823774
1.1592 , 0.091895 , 0.086734 , 0.0876158 , 0.0826796
1.1596 , 0.0922287 , 0.087047 , 0.0879343 , 0.0829786
1.16 , 0.0925588 , 0.0873566 , 0.0882493 , 0.0832741
1.1604 , 0.0928851 , 0.0876627 , 0.0885607 , 0.0835664
1.1608 , 0.0932078 , 0.0879652 , 0.0888686 , 0.0838553
1.1612 , 0.0935268 , 0.0882643 , 0.0891729 , 0.0841408
1.1616 , 0.093842 , 0.0885598 , 0.0894737 , 0.0844229
1.162 , 0.0941534 , 0.0888518 , 0.0897709 , 0.0847017
1.1624 , 0.0944612 , 0.0891402 , 0.0900645 , 0.0849771
1.1628 , 0.0947651 , 0.089425 , 0.0903545 , 0.085249
1.1632 , 0.0950653 , 0.0897063 , 0.0906409 , 0.0855176
1.1636 , 0.0953617 , 0.089984 , 0.0909237 , 0.0857827
1.164 , 0.0956543 , 0.0902581 , 0.0912029 , 0.0860443
1.1644 , 0.095943 , 0.0905286 , 0.0914784 , 0.0863026
1.1648 , 0.096228 , 0.0907954 , 0.0917502 , 0.0865573
1.1652 , 0.0965091 , 0.0910586 , 0.0920184 , 0.0868086
1.1656 , 0.0967863 , 0.0913182 , 0.0922829 , 0.0870564
1.166 , 0.0970597 , 0.0915742 , 0.0925437 , 0.0873007
1.1664 , 0.0973293 , 0.0918264 , 0.0928008 , 0.0875416
1.1668 , 0.0975949 , 0.092075 , 0.0930542 , 0.0877789
1.1672 , 0.0978566 , 0.0923199 , 0.0933038 , 0.0880127
1.1676 , 0.0981145 , 0.0925612 , 0.0935498 , 0.0882429
1.168 , 0.0983684 , 0.0927987 , 0.093792 , 0.0884697
1.1684 , 0.0986184 , 0.0930325 , 0.0940304 , 0.0886928
1.1688 , 0.0988645 , 0.0932626 , 0.0942651 , 0.0889125
1.1692 , 0.0991066 , 0.0934889 , 0.0944961 , 0.0891285
1.1696 , 0.0993448 , 0.0937115 , 0.0947232 , 0.089341
1.17 , 0.099579 , 0.0939304 , 0.0949466 , 0.0895499
1.1704 , 0.0998092 , 0.0941455 , 0.0951661 , 0.0897552
1.1708 , 0.100035 , 0.0943568 , 0.0953819 , 0.089957
1.1712 , 0.100258 , 0.0945644 , 0.0955939 , 0.0901551
1.1716 , 0.100476 , 0.0947682 , 0.095802 , 0.0903496
1.172 , 0.10069 , 0.0949682 , 0.0960063 , 0.0905405
1.1724 , 0.1009 , 0.0951644 , 0.0962067 , 0.0907278
1.1728 , 0.101107 , 0.0953568 , 0.0964033 , 0.0909114
1.1732 , 0.101309 , 0.0955453 , 0.0965961 , 0.0910914
1.1736 , 0.101507 , 0.0957301 , 0.096785 , 0.0912677
1.174 , 0.101701 , 0.095911 , 0.09697 , 0.0914404
1.1744 , 0.101891 , 0.0960881 , 0.0971512 , 0.0916094
1.1748 , 0.102077 , 0.0962613 , 0.0973284 , 0.0917747
1.1752 , 0.102259 , 0.0964307 , 0.0975018 , 0.0919364
1.1756 , 0.102437 , 0.0965963 , 0.0976713 , 0.0920944
1.176 , 0.10261 , 0.0967579 , 0.0978368 , 0.0922487
1.1764 , 0.10278 , 0.0969157 , 0.0979985 , 0.0923993
1.1768 , 0.102945 , 0.0970697 , 0.0981562 , 0.0925462
1.1772 , 0.103107 , 0.0972197 , 0.09831 , 0.0926894
1.1776 , 0.103264 , 0.0973659 , 0.0984599 , 0.0928289
1.178 , 0.103417 , 0.0975081 , 0.0986058 , 0.0929646
1.1784 , 0.103566 , 0.0976465 , 0.0987478 , 0.0930967
1.1788 , 0.103711 , 0.0977809 , 0.0988859 , 0.093225
1.1792 , 0.103852 , 0.0979115 , 0.09902 , 0.0933496
1.1796 , 0.103988 , 0.0980381 , 0.0991501 , 0.0934704
1.18 , 0.104121 , 0.0981608 , 0.0992763 , 0.0935875
1.1804 , 0.104249 , 0.0982796 , 0.0993985 , 0.0937009
1.1808 , 0.104373 , 0.0983944 , 0.0995167 , 0.0938105
1.1812 , 0.104493 , 0.0985053 , 0.099631 , 0.0939163
1.1816 , 0.104609 , 0.0986123 , 0.0997412 , 0.0940184
1.182 , 0.10472 , 0.0987153 , 0.0998475 , 0.0941167
1.1824 , 0.104828 , 0.0988144 , 0.0999498 , 0.0942113
1.1828 , 0.104931 , 0.0989095 , 0.100048 , 0.0943021
1.1832 , 0.10503 , 0.0990007 , 0.100142 , 0.0943891
1.1836 , 0.105125 , 0.0990879 , 0.100233 , 0.0944723
1.184 , 0.105215 , 0.0991711 , 0.100319 , 0.0945517
1.1844 , 0.105302 , 0.0992504 , 0.100401 , 0.0946274
1.1848 , 0.105384 , 0.0993257 , 0.100479 , 0.0946993
1.1852 , 0.105462 , 0.0993971 , 0.100554 , 0.0947674
1.1856 , 0.105536 , 0.0994644 , 0.100624 , 0.0948317
1.186 , 0.105605 , 0.0995278 , 0.10069 , 0.0948922
1.1864 , 0.105671 , 0.0995872 , 0.100752 , 0.0949489
1.1868 , 0.105732 , 0.0996426 , 0.10081 , 0.0950018
1.1872 , 0.105789 , 0.099694 , 0.100864 , 0.0950509
1.1876 , 0.105841 , 0.0997415 , 0.100914 , 0.0950962
1.188 , 0.10589 , 0.0997849 , 0.10096 , 0.0951377
1.1884 , 0.105934 , 0.0998244 , 0.101002 , 0.0951753
1.1888 , 0.105974 , 0.0998599 , 0.10104 , 0.0952092
1.1892 , 0.106009 , 0.0998913 , 0.101074 , 0.0952393
1.1896 , 0.106041 , 0.0999188 , 0.101104 , 0.0952655
1.19 , 0.106068 , 0.0999423 , 0.10113 , 0.095288
1.1904 , 0.106091 , 0.0999618 , 0.101152 , 0.0953066
1.1908 , 0.10611 , 0.0999773 , 0.101169 , 0.0953214
1.1912 , 0.106124 , 0.0999888 , 0.101183 , 0.0953324
1.1916 , 0.106135 , 0.0999962 , 0.101193 , 0.0953396
1.192 , 0.106141 , 0.0999997 , 0.101198 , 0.095343
1.1924 , 0.106142 , 0.0999992 , 0.1012 , 0.0953426
1.1928 , 0.10614 , 0.0999947 , 0.101197 , 0.0953383
1.1932 , 0.106133 , 0.0999862 , 0.101191 , 0.0953303
1.1936 , 0.106122 , 0.0999737 , 0.10118 , 0.0953184
1.194 , 0.106107 , 0.0999572 , 0.101165 , 0.0953027
1.1944 , 0.106088 , 0.0999366 , 0.101147 , 0.0952832
1.1948 , 0.106064 , 0.0999121 , 0.101124 , 0.0952599
1.1952 , 0.106036 , 0.0998836 , 0.101097 , 0.0952328
1.1956 , 0.106004 , 0.0998511 , 0.101066 , 0.0952019
1.196 , 0.105967 , 0.0998146 , 0.101031 , 0.0951671
1.1964 , 0.105927 , 0.0997742 , 0.100992 , 0.0951286
1.1968 , 0.105882 , 0.0997297 , 0.10095 , 0.0950862
1.1972 , 0.105833 , 0.0996812 , 0.100903 , 0.0950401
1.1976 , 0.105779 , 0.0996288 , 0.100851 , 0.0949901
1.198 , 0.105722 , 0.0995723 , 0.100796 , 0.0949364
1.1984 , 0.10566 , 0.0995119 , 0.100737 , 0.0948789
1.1988 , 0.105594 , 0.0994475 , 0.100674 , 0.0948175
1.1992 , 0.105523 , 0.0993791 , 0.100607 , 0.0947524
1.1996 , 0.105449 , 0.0993068 , 0.100536 , 0.0946835
1.2 , 0.10537 , 0.0992304 , 0.100461 , 0.0946108
1.2004 , 0.105287 , 0.0991501 , 0.100381 , 0.0945343
1.2008 , 0.1052 , 0.0990659 , 0.100298 , 0.0944541
1.2012 , 0.105109 , 0.0989776 , 0.100211 , 0.09437
1.2016 , 0.105013 , 0.0988855 , 0.10012 , 0.0942822
1.202 , 0.104913 , 0.0987893 , 0.100024 , 0.0941907
1.2024 , 0.104809 , 0.0986892 , 0.099925 , 0.0940953
1.2028 , 0.104701 , 0.0985852 , 0.0998217 , 0.0939962
1.2032 , 0.104589 , 0.0984772 , 0.0997145 , 0.0938934
1.2036 , 0.104472 , 0.0983653 , 0.0996032 , 0.0937868
1.204 , 0.104351 , 0.0982494 , 0.099488 , 0.0936764
1.2044 , 0.104226 , 0.0981296 , 0.0993688 , 0.0935623
1.2048 , 0.104097 , 0.0980059 , 0.0992456 , 0.0934445
1.2052 , 0.103964 , 0.0978783 , 0.0991184 , 0.0933229
1.2056 , 0.103826 , 0.0977468 , 0.0989873 , 0.0931976
1.206 , 0.103685 , 0.0976113 , 0.0988522 , 0.0930686
1.2064 , 0.103539 , 0.0974719 , 0.0987131 , 0.0929358
1.2068 , 0.103389 , 0.0973287 , 0.0985701 , 0.0927994
1.2072 , 0.103235 , 0.0971815 , 0.0984232 , 0.0926592
1.2076 , 0.103077 , 0.0970305 , 0.0982723 , 0.0925153
1.208 , 0.102915 , 0.0968756 , 0.0981175 , 0.0923678
1.2084 , 0.102748 , 0.0967168 , 0.0979587 , 0.0922165
1.2088 , 0.102578 , 0.0965541 , 0.0977961 , 0.0920616
1.2092 , 0.102403 , 0.0963876 , 0.0976295 , 0.091903
1.2096 , 0.102224 , 0.0962172 , 0.097459 , 0.0917407
1.21 , 0.102041 , 0.096043 , 0.0972846 , 0.0915748
1.2104 , 0.101854 , 0.0958649 , 0.0971064 , 0.0914052
1.2108 , 0.101663 , 0.095683 , 0.0969242 , 0.0912319
1.2112 , 0.101468 , 0.0954972 , 0.0967382 , 0.091055
1.2116 , 0.101269 , 0.0953077 , 0.0965483 , 0.0908745
1.212 , 0.101066 , 0.0951143 , 0.0963545 , 0.0906903
1.2124 , 0.100858 , 0.0949171 , 0.0961569 , 0.0905025
1.2128 , 0.100647 , 0.0947162 , 0.0959554 , 0.0903111
1.2132 , 0.100432 , 0.0945114 , 0.0957501 , 0.0901161
1.2136 , 0.100212 , 0.0943029 , 0.0955409 , 0.0899175
1.214 , 0.099989 , 0.0940906 , 0.095328 , 0.0897153
1.2144 , 0.0997616 , 0.0938745 , 0.0951112 , 0.0895095
1.2148 , 0.0995302 , 0.0936547 , 0.0948906 , 0.0893002
1.2152 , 0.0992948 , 0.0934311 , 0.0946662 , 0.0890873
1.2156 , 0.0990554 , 0.0932038 , 0.094438 , 0.0888708
1.216 , 0.098812 , 0.0929727 , 0.0942061 , 0.0886508
1.2164 , 0.0985647 , 0.092738 , 0.0939703 , 0.0884272
1.2168 , 0.0983134 , 0.0924995 , 0.0937308 , 0.0882001
1.2172 , 0.0980582 , 0.0922573 , 0.0934876 , 0.0879695
1.2176 , 0.0977991 , 0.0920115 , 0.0932406 , 0.0877354
1.218 , 0.097536 , 0.091762 , 0.0929899 , 0.0874978
1.2184 , 0.097269 , 0.0915087 , 0.0927355 , 0.0872566
1.2188 , 0.0969981 , 0.0912519 , 0.0924773 , 0.087012
1.2192 , 0.0967234 , 0.0909914 , 0.0922155 , 0.086764
1.2196 , 0.0964447 , 0.0907272 , 0.09195 , 0.0865124
1.22 , 0.0961622 , 0.0904594 , 0.0916807 , 0.0862575
1.2204 , 0.0958758 , 0.090188 , 0.0914079 , 0.085999
1.2208 , 0.0955856 , 0.089913 , 0.0911313 , 0.0857372
1.2212 , 0.0952915 , 0.0896344 , 0.0908511 , 0.0854719
1.2216 , 0.0949936 , 0.0893522 , 0.0905673 , 0.0852032
1.222 , 0.0946919 , 0.0890664 , 0.0902798 , 0.0849311
1.2224 , 0.0943864 , 0.0887771 , 0.0899888 , 0.0846556
1.2228 , 0.0940772 , 0.0884842 , 0.0896941 , 0.0843768
1.2232 , 0.0937641 , 0.0881878 , 0.0893959 , 0.0840946
1.2236 , 0.0934473 , 0.0878878 , 0.089094 , 0.083809
1.224 , 0.0931267 , 0.0875843 , 0.0887886 , 0.0835201
1.2244 , 0.0928024 , 0.0872774 , 0.0884797 , 0.0832278
1.2248 , 0.0924743 , 0.0869669 , 0.0881672 , 0.0829322
1.2252 , 0.0921426 , 0.086653 , 0.0878511 , 0.0826334
1.2256 , 0.0918072 , 0.0863356 , 0.0875316 , 0.0823312
1.226 , 0.091468 , 0.0860147 , 0.0872085 , 0.0820257
1.2264 , 0.0911252 , 0.0856904 , 0.086882 , 0.081717
1.2268 , 0.0907787 , 0.0853627 , 0.086552 , 0.081405
1.2272 , 0.0904286 , 0.0850315 , 0.0862185 , 0.0810898
1.2276 , 0.0900749 , 0.084697 , 0.0858816 , 0.0807713
1.228 , 0.0897175 , 0.0843591 , 0.0855412 , 0.0804496
1.2284 , 0.0893566 , 0.0840178 , 0.0851974 , 0.0801247
1.2288 , 0.088992 , 0.0836731 , 0.0848502 , 0.0797966
1.2292 , 0.0886239 , 0.0833251 , 0.0844996 , 0.0794654
1.2296 , 0.0882522 , 0.0829737 , 0.0841456 , 0.0791309
1.23 , 0.087877 , 0.0826191 , 0.0837883 , 0.0787933
1.2304 , 0.0874982 , 0.0822611 , 0.0834276 , 0.0784526
1.2308 , 0.087116 , 0.0818998 , 0.0830635 , 0.0781087
1.2312 , 0.0867302 , 0.0815353 , 0.0826961 , 0.0777617
1.2316 , 0.0863409 , 0.0811675 , 0.0823255 , 0.0774117
1.232 , 0.0859482 , 0.0807965 , 0.0819515 , 0.0770585
1.2324 , 0.085552 , 0.0804222 , 0.0815742 , 0.0767023
1.2328 , 0.0851524 , 0.0800447 , 0.0811937 , 0.076343
1.2332 , 0.0847494 , 0.079664 , 0.0808099 , 0.0759807
1.2336 , 0.0843429 , 0.0792801 , 0.0804229 , 0.0756153
1.234 , 0.0839331 , 0.0788931 , 0.0800327 , 0.0752469
1.2344 , 0.0835199 , 0.0785028 , 0.0796392 , 0.0748756
1.2348 , 0.0831033 , 0.0781095 , 0.0792426 , 0.0745012
1.2352 , 0.0826834 , 0.077713 , 0.0788428 , 0.0741239
1.2356 , 0.0822602 , 0.0773134 , 0.0784398 , 0.0737436
1.236 , 0.0818336 , 0.0769108 , 0.0780337 , 0.0733604
1.2364 , 0.0814038 , 0.076505 , 0.0776245 , 0.0729743
1.2368 , 0.0809707 , 0.0760962 , 0.0772122 , 0.0725852
1.2372 , 0.0805343 , 0.0756843 , 0.0767968 , 0.0721933
1.2376 , 0.0800947 , 0.0752695 , 0.0763783 , 0.0717985
1.238 , 0.0796519 , 0.0748516 , 0.0759567 , 0.0714008
1.2384 , 0.0792059 , 0.0744307 , 0.0755321 , 0.0710003
1.2388 , 0.0787567 , 0.0740068 , 0.0751045 , 0.070597
1.2392 , 0.0783043 , 0.07358 , 0.0746739 , 0.0701909
1.2396 , 0.0778488 , 0.0731502 , 0.0742403 , 0.0697819
1.24 , 0.0773901 , 0.0727175 , 0.0738037 , 0.0693702
1.2404 , 0.0769283 , 0.0722819 , 0.0733641 , 0.0689557
1.2408 , 0.0764635 , 0.0718434 , 0.0729216 , 0.0685385
1.2412 , 0.0759955 , 0.0714021 , 0.0724762 , 0.0681186
1.2416 , 0.0755245 , 0.0709578 , 0.0720279 , 0.0676959
1.242 , 0.0750505 , 0.0705108 , 0.0715767 , 0.0672705
1.2424 , 0.0745734 , 0.0700609 , 0.0711227 , 0.0668425
1.2428 , 0.0740933 , 0.0696082 , 0.0706657 , 0.0664118
1.2432 , 0.0736103 , 0.0691528 , 0.070206 , 0.0659785
1.2436 , 0.0731242 , 0.0686945 , 0.0697435 , 0.0655425
1.244 , 0.0726353 , 0.0682335 , 0.0692781 , 0.0651039
1.2444 , 0.0721434 , 0.0677698 , 0.06881 , 0.0646628
1.2448 , 0.0716486 , 0.0673034 , 0.0683391 , 0.064219
1.2452 , 0.0711509 , 0.0668343 , 0.0678655 , 0.0637727
1.2456 , 0.0706504 , 0.0663625 , 0.0673892 , 0.0633239
1.246 , 0.070147 , 0.0658881 , 0.0669101 , 0.0628726
1.2464 , 0.0696408 , 0.065411 , 0.0664284 , 0.0624187
1.2468 , 0.0691318 , 0.0649313 , 0.0659441 , 0.0619624
1.2472 , 0.06862 , 0.064449 , 0.065457 , 0.0615036
1.2476 , 0.0681054 , 0.0639641 , 0.0649674 , 0.0610424
1.248 , 0.0675881 , 0.0634767 , 0.0644752 , 0.0605787
1.2484 , 0.067068 , 0.0629867 , 0.0639803 , 0.0601127
1.2488 , 0.0665453 , 0.0624942 , 0.063483 , 0.0596442
1.2492 , 0.0660199 , 0.0619992 , 0.062983 , 0.0591734
1.2496 , 0.0654918 , 0.0615018 , 0.0624806 , 0.0587002
1.25 , 0.0649611 , 0.0610018 , 0.0619756 , 0.0582247
1.2504 , 0.0644277 , 0.0604995 , 0.0614682 , 0.0577468
1.2508 , 0.0638918 , 0.0599947 , 0.0609583 , 0.0572667
1.2512 , 0.0633532 , 0.0594875 , 0.0604459 , 0.0567843
1.2516 , 0.0628122 , 0.0589779 , 0.0599312 , 0.0562997
1.252 , 0.0622685 , 0.058466 , 0.059414 , 0.0558128
1.2524 , 0.0617224 , 0.0579518 , 0.0588945 , 0.0553237
1.2528 , 0.0611738 , 0.0574352 , 0.0583726 , 0.0548324
1.2532 , 0.0606227 , 0.0569163 , 0.0578483 , 0.0543389
1.2536 , 0.0600692 , 0.0563951 , 0.0573217 , 0.0538432
1.254 , 0.0595132 , 0.0558717 , 0.0567929 , 0.0533455
1.2544 , 0.0589549 , 0.0553461 , 0.0562617 , 0.0528456
1.2548 , 0.0583941 , 0.0548182 , 0.0557284 , 0.0523436
1.2552 , 0.057831 , 0.0542882 , 0.0551927 , 0.0518395
1.2556 , 0.0572656 , 0.0537559 , 0.0546549 , 0.0513334
1.256 , 0.0566978 , 0.0532216 , 0.0541149 , 0.0508252
1.2564 , 0.0561278 , 0.0526851 , 0.0535727 , 0.050315
1.2568 , 0.0555555 , 0.0521464 , 0.0530283 , 0.0498029
1.2572 , 0.0549809 , 0.0516057 , 0.0524818 , 0.0492887
1.2576 , 0.0544042 , 0.051063 , 0.0519333 , 0.0487726
1.258 , 0.0538252 , 0.0505182 , 0.0513826 , 0.0482546
1.2584 , 0.053244 , 0.0499714 , 0.0508299 , 0.0477346
1.2588 , 0.0526607 , 0.0494225 , 0.0502752 , 0.0472127
1.2592 , 0.0520753 , 0.0488717 , 0.0497184 , 0.046689
1.2596 , 0.0514878 , 0.048319 , 0.0491596 , 0.0461634
1.26 , 0.0508981 , 0.0477643 , 0.0485989 , 0.045636
1.2604 , 0.0503065 , 0.0472077 , 0.0480362 , 0.0451068
1.2608 , 0.0497127 , 0.0466492 , 0.0474716 , 0.0445758
1.2612 , 0.049117 , 0.0460888 , 0.0469051 , 0.0440431
1.2616 , 0.0485193 , 0.0455267 , 0.0463367 , 0.0435086
1.262 , 0.0479196 , 0.0449626 , 0.0457665 , 0.0429723
1.2624 , 0.047318 , 0.0443968 , 0.0451944 , 0.0424344
1.2628 , 0.0467144 , 0.0438292 , 0.0446205 , 0.0418948
1.2632 , 0.046109 , 0.0432599 , 0.0440448 , 0.0413535
1.2636 , 0.0455017 , 0.0426888 , 0.0434673 , 0.0408106
1.264 , 0.0448926 , 0.042116 , 0.0428881 , 0.0402661
1.2644 , 0.0442816 , 0.0415416 , 0.0423072 , 0.03972
1.2648 , 0.0436688 , 0.0409654 , 0.0417246 , 0.0391723
1.2652 , 0.0430543 , 0.0403877 , 0.0411403 , 0.038623
1.2656 , 0.042438 , 0.0398083 , 0.0405544 , 0.0380723
1.266 , 0.04182 , 0.0392273 , 0.0399668 , 0.03752
1.2664 , 0.0412003 , 0.0386447 , 0.0393777 , 0.0369663
1.2668 , 0.040579 , 0.0380607 , 0.0387869 , 0.036411
1.2672 , 0.0399559 , 0.037475 , 0.0381946 , 0.0358544
1.2676 , 0.0393313 , 0.0368879 , 0.0376008 , 0.0352963
1.268 , 0.038705 , 0.0362993 , 0.0370054 , 0.0347369
1.2684 , 0.0380772 , 0.0357093 , 0.0364086 , 0.034176
1.2688 , 0.0374479 , 0.0351178 , 0.0358103 , 0.0336138
1.2692 , 0.036817 , 0.034525 , 0.0352106 , 0.0330503
1.2696 , 0.0361846 , 0.0339307 , 0.0346095 , 0.0324855
1.27 , 0.0355507 , 0.0333351 , 0.0340069 , 0.0319194
1.2704 , 0.0349154 , 0.0327382 , 0.033403 , 0.0313521
1.2708 , 0.0342787 , 0.0321399 , 0.0327978 , 0.0307835
1.2712 , 0.0336406 , 0.0315404 , 0.0321912 , 0.0302137
1.2716 , 0.0330011 , 0.0309396 , 0.0315834 , 0.0296427
1.272 , 0.0323603 , 0.0303375 , 0.0309743 , 0.0290705
1.2724 , 0.0317181 , 0.0297343 , 0.0303639 , 0.0284972
1.2728 , 0.0310746 , 0.0291298 , 0.0297524 , 0.0279228
1.2732 , 0.0304299 , 0.0285242 , 0.0291396 , 0.0273473
1.2736 , 0.029784 , 0.0279175 , 0.0285256 , 0.0267707
1.274 , 0.0291368 , 0.0273096 , 0.0279106 , 0.026193
1.2744 , 0.0284884 , 0.0267006 , 0.0272943 , 0.0256143
1.2748 , 0.0278389 , 0.0260906 , 0.026677 , 0.0250346
1.2752 , 0.0271882 , 0.0254796 , 0.0260587 , 0.024454
1.2756 , 0.0265364 , 0.0248675 , 0.0254392 , 0.0238723
1.276 , 0.0258835 , 0.0242544 , 0.0248188 , 0.0232898
1.2764 , 0.0252296 , 0.0236403 , 0.0241973 , 0.0227063
1.2768 , 0.0245746 , 0.0230253 , 0.0235749 , 0.0221219
1.2772 , 0.0239186 , 0.0224094 , 0.0229516 , 0.0215367
1.2776 , 0.0232616 , 0.0217926 , 0.0223273 , 0.0209506
1.278 , 0.0226037 , 0.0211749 , 0.0217021 , 0.0203637
1.2784 , 0.0219448 , 0.0205564 , 0.021076 , 0.019776
1.2788 , 0.0212851 , 0.019937 , 0.0204491 , 0.0191875
1.2792 , 0.0206244 , 0.0193169 , 0.0198214 , 0.0185983
1.2796 , 0.019963 , 0.0186959 , 0.0191929 , 0.0180084
1.28 , 0.0193006 , 0.0180743 , 0.0185636 , 0.0174178
1.2804 , 0.0186375 , 0.0174519 , 0.0179335 , 0.0168264
1.2808 , 0.0179736 , 0.0168288 , 0.0173027 , 0.0162345
1.2812 , 0.017309 , 0.016205 , 0.0166713 , 0.0156419
1.2816 , 0.0166437 , 0.0155806 , 0.0160391 , 0.0150486
1.282 , 0.0159776 , 0.0149555 , 0.0154063 , 0.0144549
1.2824 , 0.0153109 , 0.0143299 , 0.0147729 , 0.0138605
1.2828 , 0.0146436 , 0.0137037 , 0.0141389 , 0.0132656
1.2832 , 0.0139756 , 0.0130769 , 0.0135044 , 0.0126702
1.2836 , 0.0133071 , 0.0124497 , 0.0128692 , 0.0120743
1.284 , 0.012638 , 0.0118219 , 0.0122336 , 0.011478
1.2844 , 0.0119683 , 0.0111936 , 0.0115975 , 0.0108812
1.2848 , 0.0112982 , 0.0105649 , 0.0109609 , 0.010284
1.2852 , 0.0106276 , 0.00993579 , 0.0103238 , 0.00968638
1.2856 , 0.00995648 , 0.00930627 , 0.00968634 , 0.00908842
1.286 , 0.00928499 , 0.00867638 , 0.00904848 , 0.0084901
1.2864 , 0.00861309 , 0.00804614 , 0.00841025 , 0.00789147
1.2868 , 0.00794082 , 0.00741557 , 0.00777169 , 0.00729254
1.2872 , 0.00726821 , 0.00678471 , 0.00713281 , 0.00669334
1.2876 , 0.00659528 , 0.00615358 , 0.00649363 , 0.00609389
1.288 , 0.00592206 , 0.00552221 , 0.0058542 , 0.00549422
1.2884 , 0.00524858 , 0.00489061 , 0.00521452 , 0.00489434
1.2888 , 0.00457485 , 0.00425882 , 0.00457463 , 0.00429429
1.2892 , 0.00390092 , 0.00362685 , 0.00393455 , 0.00369409
1.2896 , 0.00322681 , 0.00299474 , 0.00329431 , 0.00309375
1.29 , 0.00255254 , 0.00236251 , 0.00265393 , 0.00249332
1.2904 , 0.00187814 , 0.00173019 , 0.00201344 , 0.0018928
1.2908 , 0.00120364 , 0.0010978 , 0.00137286 , 0.00129223
1.2912 , 0.000529062 , 0.000465363 , 0.000732228 , 0.00069162
1.2916 , -0.000145563 , -0.000167092 , 9.15588e-05 , 9.10045e-05
1.292 , -0.000820208 , -0.00079954 , -0.00054912 , -0.000509595
1.2924 , -0.00149485 , -0.00143196 , -0.00118978 , -0.00111015
1.2928 , -0.00216946 , -0.00206431 , -0.0018304 , -0.00171065
1.2932 , -0.002844 , -0.00269659 , -0.00247095 , -0.00231106
1.2936 , -0.00351846 , -0.00332876 , -0.00311141 , -0.00291136
1.294 , -0.00419281 , -0.00396079 , -0.00375175 , -0.00351152
1.2944 , -0.00486702 , -0.00459267 , -0.00439194 , -0.00411152
1.2948 , -0.00554105 , -0.00522436 , -0.00503196 , -0.00471134
1.2952 , -0.0062149 , -0.00585585 , -0.00567179 , -0.00531095
1.2956 , -0.00688852 , -0.0064871 , -0.00631139 , -0.00591033
1.296 , -0.00756189 , -0.00711809 , -0.00695075 , -0.00650945
1.2964 , -0.00823499 , -0.0077488 , -0.00758984 , -0.00710829
1.2968 , -0.00890779 , -0.00837919 , -0.00822862 , -0.00770683
1.2972 , -0.00958025 , -0.00900925 , -0.00886708 , -0.00830505
1.2976 , -0.0102524 , -0.00963895 , -0.0095052 , -0.00890291
1.298 , -0.0109241 , -0.0102683 , -0.0101429 , -0.00950039
1.2984 , -0.0115954 , -0.0108972 , -0.0107803 , -0.0100975
1.2988 , -0.0122663 , -0.0115256 , -0.0114172 , -0.0106941
1.2992 , -0.0129367 , -0.0121536 , -0.0120536 , -0.0112904
1.2996 , -0.0136066 , -0.0127812 , -0.0126896 , -0.0118861
1.3 , -0.014276 , -0.0134082 , -0.0133251 , -0.0124814
1.3004 , -0.0149449 , -0.0140346 , -0.0139601 , -0.0130761
1.3008 , -0.0156132 , -0.0146606 , -0.0145944 , -0.0136703
1.3012 , -0.0162809 , -0.0152859 , -0.0152283 , -0.0142639
1.3016 , -0.016948 , -0.0159106 , -0.0158615 , -0.0148569
1.302 , -0.0176144 , -0.0165347 , -0.0164941 , -0.0154494
1.3024 , -0.0182801 , -0.0171581 , -0.017126 , -0.0160412
1.3028 , -0.0189451 , -0.0177808 , -0.0177573 , -0.0166323
1.3032 , -0.0196095 , -0.0184028 , -0.0183878 , -0.0172227
1.3036 , -0.020273 , -0.0190241 , -0.0190176 , -0.0178125
1.304 , -0.0209358 , -0.0196446 , -0.0196467 , -0.0184015
1.3044 , -0.0215977 , -0.0202644 , -0.020275 , -0.0189897
1.3048 , -0.0222588 , -0.0208833 , -0.0209024 , -0.0195772
1.3052 , -0.0229191 , -0.0215014 , -0.0215291 , -0.0201638
1.3056 , -0.0235784 , -0.0221186 , -0.0221549 , -0.0207497
1.306 , -0.0242369 , -0.022735 , -0.0227798 , -0.0213347
1.3064 , -0.0248944 , -0.0233504 , -0.0234038 , -0.0219188
1.3068 , -0.0255509 , -0.0239649 , -0.0240268 , -0.022502
1.3072 , -0.0262064 , -0.0245785 , -0.0246489 , -0.0230843
1.3076 , -0.026861 , -0.025191 , -0.0252701 , -0.0236657
1.308 , -0.0275144 , -0.0258026 , -0.0258902 , -0.0242461
1.3084 , -0.0281668 , -0.0264131 , -0.0265093 , -0.0248255
1.3088 , -0.0288181 , -0.0270226 , -0.0271273 , -0.0254039
1.3092 , -0.0294683 , -0.0276309 , -0.0277443 , -0.0259813
1.3096 , -0.0301173 , -0.0282382 , -0.0283601 , -0.0265576
1.31 , -0.0307651 , -0.0288444 , -0.0289749 , -0.0271328
1.3104 , -0.0314117 , -0.0294494 , -0.0295884 , -0.0277069
1.3108 , -0.0320571 , -0.0300532 , -0.0302008 , -0.0282799
1.3112 , -0.0327013 , -0.0306558 , -0.030812 , -0.0288518
1.3116 , -0.0333441 , -0.0312572 , -0.031422 , -0.0294224
1.312 , -0.0339857 , -0.0318573 , -0.0320307 , -0.0299919
1.3124 , -0.0346259 , -0.0324562 , -0.0326381 , -0.0305602
1.3128 , -0.0352648 , -0.0330537 , -0.0332442 , -0.0311272
1.3132 , -0.0359022 , -0.03365 , -0.033849 , -0.031693
1.3136 , -0.0365383 , -0.0342449 , -0.0344525 , -0.0322574
1.314 , -0.0371729 , -0.0348384 , -0.0350546 , -0.0328206
1.3144 , -0.0378061 , -0.0354305 , -0.0356553 , -0.0333824
1.3148 , -0.0384377 , -0.0360213 , -0.0362545 , -0.0339429
1.3152 , -0.0390679 , -0.0366105 , -0.0368524 , -0.034502
1.3156 , -0.0396965 , -0.0371983 , -0.0374487 , -0.0350597
1.316 , -0.0403236 , -0.0377847 , -0.0380436 , -0.035616
1.3164 , -0.0409491 , -0.0383695 , -0.0386369 , -0.0361708
1.3168 , -0.0415729 , -0.0389528 , -0.0392287 , -0.0367242
1.3172 , -0.0421952 , -0.0395345 , -0.0398189 , -0.0372761
1.3176 , -0.0428157 , -0.0401146 , -0.0404076 , -0.0378265
1.318 , -0.0434346 , -0.0406931 , -0.0409946 , -0.0383754
1.3184 , -0.0440518 , -0.04127 , -0.04158 , -0.0389227
1.3188 , -0.0446672 , -0.0418453 , -0.0421638 , -0.0394684
1.3192 , -0.0452808 , -0.0424189 , -0.0427458 , -0.0400125
1.3196 , -0.0458927 , -0.0429908 , -0.0433262 , -0.040555
1.32 , -0.0465028 , -0.0435609 , -0.0439048 , -0.0410959
1.3204 , -0.047111 , -0.0441294 , -0.0444817 , -0.0416351
1.3208 , -0.0477174 , -0.044696 , -0.0450568 , -0.0421726
1.3212 , -0.0483219 , -0.0452609 , -0.0456301 , -0.0427085
1.3216 , -0.0489244 , -0.0458239 , -0.0462016 , -0.0432426
1.322 , -0.0495251 , -0.0463852 , -0.0467712 , -0.0437749
1.3224 , -0.0501238 , -0.0469445 , -0.047339 , -0.0443055
1.3228 , -0.0507205 , -0.047502 , -0.0479049 , -0.0448343
1.3232 , -0.0513152 , -0.0480576 , -0.0484688 , -0.0453613
1.3236 , -0.0519078 , -0.0486113 , -0.0490309 , -0.0458864
1.324 , -0.0524985 , -0.049163 , -0.049591 , -0.0464097
1.3244 , -0.053087 , -0.0497128 , -0.0501491 , -0.0469312
1.3248 , -0.0536734 , -0.0502605 , -0.0507052 , -0.0474507
1.3252 , -0.0542578 , -0.0508063 , -0.0512592 , -0.0479683
1.3256 , -0.0548399 , -0.05135 , -0.0518113 , -0.048484
1.326 , -0.0554199 , -0.0518917 , -0.0523612 , -0.0489977
1.3264 , -0.0559977 , -0.0524313 , -0.0529091 , -0.0495095
1.3268 , -0.0565733 , -0.0529688 , -0.0534549 , -0.0500192
1.3272 , -0.0571467 , -0.0535042 , -0.0539985 , -0.050527
1.3276 , -0.0577178 , -0.0540374 , -0.05454 , -0.0510327
1.328 , -0.0582866 , -0.0545685 , -0.0550792 , -0.0515363
1.3284 , -0.0588531 , -0.0550974 , -0.0556163 , -0.0520379
1.3288 , -0.0594172 , -0.0556241 , -0.0561512 , -0.0525373
1.3292 , -0.059979 , -0.0561486 , -0.0566838 , -0.0530347
1.3296 , -0.0605385 , -0.0566708 , -0.0572142 , -0.0535299
1.33 , -0.0610955 , -0.0571907 , -0.0577423 , -0.054023
1.3304 , -0.0616501 , -0.0577084 , -0.0582681 , -0.0545138
1.3308 , -0.0622023 , -0.0582238 , -0.0587915 , -0.0550025
1.3312 , -0.062752 , -0.0587368 , -0.0593126 , -0.055489
1.3316 , -0.0632992 , -0.0592475 , -0.0598314 , -0.0559732
1.332 , -0.0638439 , -0.0597558 , -0.0603477 , -0.0564552
1.3324 , -0.0643861 , -0.0602617 , -0.0608617 , -0.0569349
1.3328 , -0.0649257 , -0.0607652 , -0.0613732 , -0.0574123
1.3332 , -0.0654627 , -0.0612663 , -0.0618822 , -0.0578874
1.3336 , -0.0659972 , -0.0617649 , -0.0623888 , -0.0583602
1.334 , -0.066529 , -0.0622611 , -0.0628929 , -0.0588306
1.3344 , -0.0670582 , -0.0627548 , -0.0633945 , -0.0592987
1.3348 , -0.0675847 , -0.0632459 , -0.0638935 , -0.0597643
1.3352 , -0.0681085 , -0.0637346 , -0.06439 , -0.0602276
1.3356 , -0.0686297 , -0.0642206 , -0.064884 , -0.0606884
1.336 , -0.0691481 , -0.0647041 , -0.0653753 , -0.0611468
1.3364 , -0.0696638 , -0.0651851 , -0.065864 , -0.0616028
1.3368 , -0.0701767 , -0.0656634 , -0.0663501 , -0.0620562
1.3372 , -0.0706868 , -0.0661391 , -0.0668336 , -0.0625072
1.3376 , -0.0711941 , -0.0666121 , -0.0673143 , -0.0629556
1.338 , -0.0716986 , -0.0670825 , -0.0677924 , -0.0634015
1.3384 , -0.0722002 , -0.0675502 , -0.0682678 , -0.0638449
1.3388 , -0.072699 , -0.0680152 , -0.0687405 , -0.0642857
1.3392 , -0.0731949 , -0.0684775 , -0.0692104 , -0.0647239
1.3396 , -0.0736878 , -0.068937 , -0.0696775 , -0.0651595
1.34 , -0.0741779 , -0.0693938 , -0.0701419 , -0.0655925
1.3404 , -0.074665 , -0.0698478 , -0.0706034 , -0.0660228
1.3408 , -0.0751491 , -0.070299 , -0.0710622 , -0.0664505
1.3412 , -0.0756302 , -0.0707474 , -0.0715181 , -0.0668755
1.3416 , -0.0761084 , -0.0711929 , -0.0719711 , -0.0672979
1.342 , -0.0765835 , -0.0716356 , -0.0724213 , -0.0677175
1.3424 , -0.0770555 , -0.0720755 , -0.0728685 , -0.0681344
1.3428 , -0.0775245 , -0.0725125 , -0.0733129 , -0.0685486
1.3432 , -0.0779905 , -0.0729465 , -0.0737543 , -0.06896
1.3436 , -0.0784533 , -0.0733777 , -0.0741928 , -0.0693686
1.344 , -0.078913 , -0.0738059 , -0.0746283 , -0.0697745
1.3444 , -0.0793695 , -0.0742312 , -0.0750609 , -0.0701775
1.3448 , -0.0798229 , -0.0746534 , -0.0754904 , -0.0705777
1.3452 , -0.0802732 , -0.0750728 , -0.0759169 , -0.0709751
1.3456 , -0.0807202 , -0.0754891 , -0.0763404 , -0.0713697
1.346 , -0.081164 , -0.0759023 , -0.0767609 , -0.0717613
1.3464 , -0.0816046 , -0.0763126 , -0.0771782 , -0.0721501
1.3468 , -0.082042 , -0.0767198 , -0.0775925 , -0.072536
1.3472 , -0.0824761 , -0.0771239 , -0.0780037 , -0.072919
1.3476 , -0.0829069 , -0.077525 , -0.0784118 , -0.073299
1.348 , -0.0833344 , -0.0779229 , -0.0788167 , -0.0736762
1.3484 , -0.0837586 , -0.0783177 , -0.0792185 , -0.0740503
1.3488 , -0.0841794 , -0.0787094 , -0.0796171 , -0.0744215
1.3492 , -0.0845969 , -0.079098 , -0.0800126 , -0.0747897
1.3496 , -0.0850111 , -0.0794833 , -0.0804048 , -0.0751548
1.35 , -0.0854218 , -0.0798655 , -0.0807938 , -0.075517
1.3504 , -0.0858292 , -0.0802445 , -0.0811796 , -0.0758761
1.3508 , -0.0862331 , -0.0806203 , -0.0815622 , -0.0762322
1.3512 , -0.0866336 , -0.0809929 , -0.0819415 , -0.0765852
1.3516 , -0.0870307 , -0.0813622 , -0.0823175 , -0.0769352
1.352 , -0.0874243 , -0.0817283 , -0.0826903 , -0.077282
1.3524 , -0.0878144 , -0.0820911 , -0.0830597 , -0.0776258
1.3528 , -0.088201 , -0.0824506 , -0.0834258 , -0.0779664
1.3532 , -0.0885841 , -0.0828069 , -0.0837886 , -0.0783039
1.3536 , -0.0889637 , -0.0831598 , -0.084148 , -0.0786383
1.354 , -0.0893397 , -0.0835094 , -0.0845041 , -0.0789695
1.3544 , -0.0897122 , -0.0838556 , -0.0848568 , -0.0792976
1.3548 , -0.0900811 , -0.0841985 , -0.0852061 , -0.0796224
1.3552 , -0.0904464 , -0.084538 , -0.085552 , -0.0799441
1.3556 , -0.0908081 , -0.0848742 , -0.0858944 , -0.0802625
1.356 , -0.0911662 , -0.0852069 , -0.0862335 , -0.0805778
1.3564 , -0.0915206 , -0.0855363 , -0.0865691 , -0.0808898
1.3568 , -0.0918714 , -0.0858622 , -0.0869012 , -0.0811985
1.3572 , -0.0922186 , -0.0861847 , -0.0872298 , -0.081504
1.3576 , -0.092562 , -0.0865037 , -0.087555 , -0.0818063
1.358 , -0.0929018 , -0.0868193 , -0.0878767 , -0.0821052
1.3584 , -0.0932379 , -0.0871314 , -0.0881948 , -0.0824009
1.3588 , -0.0935703 , -0.08744 , -0.0885095 , -0.0826932
1.3592 , -0.0938989 , -0.0877451 , -0.0888206 , -0.0829823
1.3596 , -0.0942238 , -0.0880467 , -0.0891281 , -0.083268
1.36 , -0.0945449 , -0.0883448 , -0.0894321 , -0.0835503
1.3604 , -0.0948623 , -0.0886394 , -0.0897325 , -0.0838293
1.3608 , -0.0951759 , -0.0889304 , -0.0900293 , -0.084105
1.3612 , -0.0954857 , -0.0892178 , -0.0903226 , -0.0843773
1.3616 , -0.0957917 , -0.0895017 , -0.0906122 , -0.0846462
1.362 , -0.0960938 , -0.089782 , -0.0908982 , -0.0849117
1.3624 , -0.0963922 , -0.0900587 , -0.0911805 , -0.0851738
1.3628 , -0.0966866 , -0.0903319 , -0.0914592 , -0.0854324
1.3632 , -0.0969773 , -0.0906014 , -0.0917343 , -0.0856877
1.3636 , -0.097264 , -0.0908672 , -0.0920057 , -0.0859395
1.364 , -0.0975469 , -0.0911295 , -0.0922734 , -0.0861879
1.3644 , -0.0978259 , -0.0913881 , -0.0925374 , -0.0864328
1.3648 , -0.098101 , -0.091643 , -0.0927977 , -0.0866743
1.3652 , -0.0983722 , -0.0918943 , -0.0930543 , -0.0869122
1.3656 , -0.0986395 , -0.0921419 , -0.0933072 , -0.0871467
1.366 , -0.0989028 , -0.0923858 , -0.0935564 , -0.0873777
1.3664 , -0.0991622 , -0.092626 , -0.0938018 , -0.0876052
1.3668 , -0.0994176 , -0.0928625 , -0.0940435 , -0.0878292
1.3672 , -0.099669 , -0.0930953 , -0.0942814 , -0.0880497
1.3676 , -0.0999165 , -0.0933244 , -0.0945155 , -0.0882666
1.368 , -0.10016 , -0.0935497 , -0.0947459 , -0.08848
1.3684 , -0.100399 , -0.0937713 , -0.0949725 , -0.0886899
1.3688 , -0.100635 , -0.0939891 , -0.0951953 , -0.0888962
1.3692 , -0.100866 , -0.0942032 , -0.0954142 , -0.0890989
1.3696 , -0.101094 , -0.0944135 , -0.0956294 , -0.0892981
1.37 , -0.101317 , -0.0946201 , -0.0958407 , -0.0894937
1.3704 , -0.101537 , -0.0948228 , -0.0960482 , -0.0896857
1.3708 , -0.101752 , -0.0950218 , -0.0962519 , -0.0898741
1.3712 , -0.101963 , -0.095217 , -0.0964517 , -0.0900589
1.3716 , -0.10217 , -0.0954083 , -0.0966477 , -0.0902401
1.372 , -0.102374 , -0.0955959 , -0.0968398 , -0.0904177
1.3724 , -0.102573 , -0.0957796 , -0.097028 , -0.0905916
1.3728 , -0.102767 , -0.0959595 , -0.0972123 , -0.090762
1.3732 , -0.102958 , -0.0961355 , -0.0973928 , -0.0909287
1.3736 , -0.103145 , -0.0963077 , -0.0975693 , -0.0910917
1.374 , -0.103328 , -0.096476 , -0.097742 , -0.0912511
1.3744 , -0.103506 , -0.0966405 , -0.0979107 , -0.0914069
1.3748 , -0.10368 , -0.0968012 , -0.0980756 , -0.091559
1.3752 , -0.103851 , -0.0969579 , -0.0982365 , -0.0917074
1.3756 , -0.104017 , -0.0971108 , -0.0983935 , -0.0918521
1.376 , -0.104179 , -0.0972598 , -0.0985465 , -0.0919932
1.3764 , -0.104336 , -0.0974049 , -0.0986956 , -0.0921306
1.3768 , -0.10449 , -0.0975461 , -0.0988408 , -0.0922643
1.3772 , -0.104639 , -0.0976834 , -0.098982 , -0.0923943
1.3776 , -0.104784 , -0.0978168 , -0.0991193 , -0.0925206
1.378 , -0.104925 , -0.0979462 , -0.0992526 , -0.0926432
1.3784 , -0.105062 , -0.0980718 , -0.0993819 , -0.0927621
1.3788 , -0.105195 , -0.0981934 , -0.0995072 , -0.0928773
1.3792 , -0.105323 , -0.0983111 , -0.0996286 , -0.0929887
1.3796 , -0.105448 , -0.0984249 , -0.099746 , -0.0930965
1.38 , -0.105568 , -0.0985348 , -0.0998594 , -0.0932005
1.3804 , -0.105683 , -0.0986407 , -0.0999688 , -0.0933007
1.3808 , -0.105795 , -0.0987426 , -0.100074 , -0.0933973
1.3812 , -0.105902 , -0.0988406 , -0.100176 , -0.0934901
1.3816 , -0.106005 , -0.0989347 , -0.100273 , -0.0935791
1.382 , -0.106104 , -0.0990248 , -0.100366 , -0.0936644
1.3824 , -0.106199 , -0.0991109 , -0.100456 , -0.093746
1.3828 , -0.106289 , -0.0991931 , -0.100541 , -0.0938238
1.3832 , -0.106375 , -0.0992713 , -0.100622 , -0.0938979
1.3836 , -0.106457 , -0.0993455 , -0.1007 , -0.0939682
1.384 , -0.106535 , -0.0994157 , -0.100773 , -0.0940347
1.3844 , -0.106608 , -0.099482 , -0.100842 , -0.0940975
1.3848 , -0.106677 , -0.0995443 , -0.100907 , -0.0941565
1.3852 , -0.106742 , -0.0996026 , -0.100969 , -0.0942117
1.3856 , -0.106803 , -0.099657 , -0.101026 , -0.0942632
1.386 , -0.106859 , -0.0997073 , -0.101079 , -0.0943109
1.3864 , -0.106911 , -0.0997537 , -0.101128 , -0.0943548
1.3868 , -0.106959 , -0.099796 , -0.101173 , -0.094395
1.3872 , -0.107003 , -0.0998344 , -0.101214 , -0.0944313
1.3876 , -0.107042 , -0.0998688 , -0.101251 , -0.0944639
1.388 , -0.107077 , -0.0998992 , -0.101284 , -0.0944927
1.3884 , -0.107107 , -0.0999256 , -0.101313 , -0.0945178
1.3888 , -0.107134 , -0.099948 , -0.101337 , -0.094539
1.3892 , -0.107156 , -0.0999664 , -0.101358 , -0.0945565
1.3896 , -0.107174 , -0.0999808 , -0.101375 , -0.0945702
1.39 , -0.107187 , -0.0999912 , -0.101387 , -0.0945801
1.3904 , -0.107196 , -0.0999976 , -0.101396 , -0.0945862
1.3908 , -0.107201 , -0.1 , -0.1014 , -0.0945885
1.3912 , -0.107202 , -0.0999984 , -0.101401 , -0.0945871
1.3916 , -0.107198 , -0.0999928 , -0.101397 , -0.0945818
1.392 , -0.10719 , -0.0999832 , -0.101389 , -0.0945728
1.3924 , -0.107178 , -0.0999696 , -0.101378 , -0.09456
1.3928 , -0.107162 , -0.099952 , -0.101362 , -0.0945434
1.3932 , -0.107141 , -0.0999304 , -0.101342 , -0.0945231
1.3936 , -0.107116 , -0.0999048 , -0.101318 , -0.0944989
1.394 , -0.107086 , -0.0998752 , -0.10129 , -0.094471
1.3944 , -0.107053 , -0.0998416 , -0.101258 , -0.0944393
1.3948 , -0.107015 , -0.099804 , -0.101222 , -0.0944038
1.3952 , -0.106973 , -0.0997625 , -0.101182 , -0.0943646
1.3956 , -0.106926 , -0.0997169 , -0.101138 , -0.0943216
1.396 , -0.106875 , -0.0996674 , -0.10109 , -0.0942748
1.3964 , -0.10682 , -0.0996138 , -0.101038 , -0.0942242
1.3968 , -0.106761 , -0.0995563 , -0.100981 , -0.0941699
1.3972 , -0.106697 , -0.0994948 , -0.100921 , -0.0941118
1.3976 , -0.10663 , -0.0994293 , -0.100857 , -0.0940499
1.398 , -0.106557 , -0.0993599 , -0.100788 , -0.0939843
1.3984 , -0.106481 , -0.0992864 , -0.100716 , -0.0939149
1.3988 , -0.1064 , -0.099209 , -0.100639 , -0.0938418
1.3992 , -0.106316 , -0.0991277 , -0.100559 , -0.0937649
1.3996 , -0.106226 , -0.0990423 , -0.100474 , -0.0936843
1.4 , -0.106133 , -0.098953 , -0.100386 , -0.0935999
1.4004 , -0.106035 , -0.0988598 , -0.100293 , -0.0935118
1.4008 , -0.105933 , -0.0987625 , -0.100197 , -0.09342
1.4012 , -0.105827 , -0.0986614 , -0.100096 , -0.0933244
1.4016 , -0.105717 , -0.0985563 , -0.0999916 , -0.093225
1.402 , -0.105602 , -0.0984472 , -0.0998831 , -0.093122
1.4024 , -0.105483 , -0.0983342 , -0.0997705 , -0.0930152
1.4028 , -0.10536 , -0.0982173 , -0.0996539 , -0.0929048
1.4032 , -0.105233 , -0.0980965 , -0.0995334 , -0.0927906
1.4036 , -0.105101 , -0.0979717 , -0.0994089 , -0.0926727
1.404 , -0.104966 , -0.097843 , -0.0992804 , -0.0925511
1.4044 , -0.104826 , -0.0977104 , -0.0991479 , -0.0924258
1.4048 , -0.104682 , -0.0975739 , -0.0990115 , -0.0922968
1.4052 , -0.104533 , -0.0974334 , -0.0988711 , -0.0921641
1.4056 , -0.104381 , -0.0972891 , -0.0987267 , -0.0920277
1.406 , -0.104224 , -0.0971409 , -0.0985784 , -0.0918877
1.4064 , -0.104063 , -0.0969888 , -0.0984262 , -0.091744
1.4068 , -0.103898 , -0.0968328 , -0.09827 , -0.0915966
1.4072 , -0.103729 , -0.096673 , -0.0981099 , -0.0914455
1.4076 , -0.103556 , -0.0965093 , -0.0979458 , -0.0912909
1.408 , -0.103378 , -0.0963417 , -0.0977779 , -0.0911325
1.4084 , -0.103196 , -0.0961703 , -0.097606 , -0.0909705
1.4088 , -0.103011 , -0.095995 , -0.0974302 , -0.0908049
1.4092 , -0.102821 , -0.0958159 , -0.0972505 , -0.0906357
1.4096 , -0.102627 , -0.0956329 , -0.097067 , -0.0904628
1.41 , -0.102429 , -0.0954462 , -0.0968795 , -0.0902864
1.4104 , -0.102226 , -0.0952556 , -0.0966882 , -0.0901063
1.4108 , -0.10202 , -0.0950612 , -0.096493 , -0.0899226
1.4112 , -0.10181 , -0.094863 , -0.0962939 , -0.0897354
1.4116 , -0.101595 , -0.094661 , -0.096091 , -0.0895445
1.412 , -0.101376 , -0.0944552 , -0.0958842 , -0.0893501
1.4124 , -0.101154 , -0.0942456 , -0.0956736 , -0.0891521
1.4128 , -0.100927 , -0.0940323 , -0.0954592 , -0.0889505
1.4132 , -0.100696 , -0.0938152 , -0.095241 , -0.0887454
1.4136 , -0.100462 , -0.0935944 , -0.0950189 , -0.0885368
1.414 , -0.100223 , -0.0933698 , -0.094793 , -0.0883246
1.4144 , -0.0999799 , -0.0931414 , -0.0945634 , -0.0881089
1.4148 , -0.099733 , -0.0929094 , -0.0943299 , -0.0878897
1.4152 , -0.0994822 , -0.0926736 , -0.0940927 , -0.0876669
1.4156 , -0.0992273 , -0.0924342 , -0.0938518 , -0.0874407
1.416 , -0.0989685 , -0.092191 , -0.093607 , -0.087211
1.4164 , -0.0987058 , -0.0919441 , -0.0933585 , -0.0869778
1.4168 , -0.098439 , -0.0916936 , -0.0931063 , -0.0867411
1.4172 , -0.0981683 , -0.0914394 , -0.0928504 , -0.086501
1.4176 , -0.0978937 , -0.0911815 , -0.0925907 , -0.0862574
1.418 , -0.0976151 , -0.09092 , -0.0923273 , -0.0860103
1.4184 , -0.0973327 , -0.0906549 , -0.0920603 , -0.0857599
1.4188 , -0.0970463 , -0.0903861 , -0.0917895 , -0.085506
1.4192 , -0.096756 , -0.0901137 , -0.0915151 , -0.0852487
1.4196 , -0.0964619 , -0.0898377 , -0.091237 , -0.084988
1.42 , -0.0961639 , -0.0895581 , -0.0909553 , -0.0847239
1.4204 , -0.095862 , -0.089275 , -0.0906699 , -0.0844564
1.4208 , -0.0955563 , -0.0889882 , -0.0903809 , -0.0841856
1.4212 , -0.0952467 , -0.0886979 , -0.0900883 , -0.0839114
1.4216 , -0.0949333 , -0.0884041 , -0.0897921 , -0.0836338
1.422 , -0.0946161 , -0.0881067 , -0.0894923 , -0.083353
1.4224 , -0.0942952 , -0.0878058 , -0.0891889 , -0.0830687
1.4228 , -0.0939704 , -0.0875014 , -0.0888819 , -0.0827812
1.4232 , -0.0936418 , -0.0871935 , -0.0885713 , -0.0824904
1.4236 , -0.0933095 , -0.086882 , -0.0882573 , -0.0821963
1.424 , -0.0929735 , -0.0865672 , -0.0879397 , -0.0818989
1.4244 , -0.0926337 , -0.0862488 , -0.0876185 , -0.0815982
1.4248 , -0.0922902 , -0.085927 , -0.0872939 , -0.0812943
1.4252 , -0.091943 , -0.0856018 , -0.0869658 , -0.0809872
1.4256 , -0.0915921 , -0.0852731 , -0.0866342 , -0.0806768
1.426 , -0.0912375 , -0.0849411 , -0.0862991 , -0.0803632
1.4264 , -0.0908793 , -0.0846056 , -0.0859605 , -0.0800464
1.4268 , -0.0905174 , -0.0842668 , -0.0856186 , -0.0797264
1.4272 , -0.0901519 , -0.0839245 , -0.0852732 , -0.0794032
1.4276 , -0.0897827 , -0.083579 , -0.0849243 , -0.0790768
1.428 , -0.08941 , -0.08323 , -0.0845721 , -0.0787473
1.4284 , -0.0890336 , -0.0828778 , -0.0842165 , -0.0784147
1.4288 , -0.0886537 , -0.0825222 , -0.0838575 , -0.078079
1.4292 , -0.0882703 , -0.0821634 , -0.0834952 , -0.0777401
1.4296 , -0.0878832 , -0.0818012 , -0.0831295 , -0.0773981
1.43 , -0.0874927 , -0.0814358 , -0.0827605 , -0.077053
1.4304 , -0.0870986 , -0.0810671 , -0.0823882 , -0.0767049
1.4308 , -0.086701 , -0.0806952 , -0.0820126 , -0.0763537
1.4312 , -0.0863 , -0.08032 , -0.0816337 , -0.0759995
1.4316 , -0.0858955 , -0.0799417 , -0.0812515 , -0.0756423
1.432 , -0.0854875 , -0.0795601 , -0.0808661 , -0.075282
1.4324 , -0.0850761 , -0.0791754 , -0.0804775 , -0.0749187
1.4328 , -0.0846612 , -0.0787875 , -0.0800856 , -0.0745525
1.4332 , -0.084243 , -0.0783964 , -0.0796905 , -0.0741832
1.4336 , -0.0838214 , -0.0780022 , -0.0792922 , -0.073811
1.434 , -0.0833964 , -0.0776049 , -0.0788908 , -0.0734359
1.4344 , -0.0829681 , -0.0772045 , -0.0784862 , -0.0730579
1.4348 , -0.0825364 , -0.0768009 , -0.0780784 , -0.0726769
1.4352 , -0.0821014 , -0.0763944 , -0.0776675 , -0.0722931
1.4356 , -0.0816631 , -0.0759847 , -0.0772535 , -0.0719063
1.436 , -0.0812215 , -0.075572 , -0.0768365 , -0.0715167
1.4364 , -0.0807767 , -0.0751563 , -0.0764163 , -0.0711243
1.4368 , -0.0803286 , -0.0747376 , -0.0759931 , -0.070729
1.4372 , -0.0798772 , -0.0743159 , -0.0755668 , -0.0703309
1.4376 , -0.0794227 , -0.0738913 , -0.0751375 , -0.06993
1.438 , -0.0789649 , -0.0734636 , -0.0747052 , -0.0695264
1.4384 , -0.078504 , -0.0730331 , -0.0742699 , -0.0691199
1.4388 , -0.07804 , -0.0725996 , -0.0738317 , -0.0687107
1.4392 , -0.0775727 , -0.0721632 , -0.0733905 , -0.0682988
1.4396 , -0.0771024 , -0.0717239 , -0.0729463 , -0.0678841
1.44 , -0.076629 , -0.0712818 , -0.0724992 , -0.0674668
1.4404 , -0.0761525 , -0.0708368 , -0.0720492 , -0.0670467
1.4408 , -0.0756729 , -0.070389 , -0.0715964 , -0.066624
1.4412 , -0.0751902 , -0.0699383 , -0.0711406 , -0.0661987
1.4416 , -0.0747046 , -0.0694849 , -0.070682 , -0.0657707
1.442 , -0.0742159 , -0.0690287 , -0.0702206 , -0.0653401
1.4424 , -0.0737243 , -0.0685697 , -0.0697564 , -0.0649069
1.4428 , -0.0732296 , -0.0681079 , -0.0692894 , -0.0644711
1.4432 , -0.0727321 , -0.0676435 , -0.0688196 , -0.0640327
1.4436 , -0.0722316 , -0.0671763 , -0.068347 , -0.0635918
1.444 , -0.0717281 , -0.0667065 , -0.0678717 , -0.0631484
1.4444 , -0.0712218 , -0.066234 , -0.0673937 , -0.0627024
1.4448 , -0.0707127 , -0.0657588 , -0.066913 , -0.062254
1.4452 , -0.0702007 , -0.065281 , -0.0664296 , -0.0618031
1.4456 , -0.0696858 , -0.0648006 , -0.0659436 , -0.0613497
1.446 , -0.0691682 , -0.0643176 , -0.0654549 , -0.0608939
1.4464 , -0.0686477 , -0.0638321 , -0.0649635 , -0.0604357
1.4468 , -0.0681245 , -0.063344 , -0.0644696 , -0.059975
1.4472 , -0.0675986 , -0.0628533 , -0.0639731 , -0.059512
1.4476 , -0.0670699 , -0.0623601 , -0.0634741 , -0.0590466
1.448 , -0.0665385 , -0.0618645 , -0.0629724 , -0.0585789
1.4484 , -0.0660044 , -0.0613663 , -0.0624683 , -0.0581088
1.4488 , -0.0654677 , -0.0608657 , -0.0619617 , -0.0576365
1.4492 , -0.0649283 , -0.0603627 , -0.0614526 , -0.0571618
1.4496 , -0.0643863 , -0.0598573 , -0.060941 , -0.0566849
1.45 , -0.0638418 , -0.0593494 , -0.060427 , -0.0562057
1.4504 , -0.0632946 , -0.0588392 , -0.0599105 , -0.0557243
1.4508 , -0.0627449 , -0.0583267 , -0.0593917 , -0.0552406
1.4512 , -0.0621926 , -0.0578118 , -0.0588705 , -0.0547548
1.4516 , -0.0616379 , -0.0572946 , -0.0583469 , -0.0542668
1.452 , -0.0610806 , -0.0567751 , -0.057821 , -0.0537767
1.4524 , -0.0605209 , -0.0562533 , -0.0572927 , -0.0532844
1.4528 , -0.0599588 , -0.0557293 , -0.0567622 , -0.05279
1.4532 , -0.0593942 , -0.055203 , -0.0562294 , -0.0522935
1.4536 , -0.0588272 , -0.0546746 , -0.0556943 , -0.0517949
1.454 , -0.0582579 , -0.0541439 , -0.055157 , -0.0512943
1.4544 , -0.0576862 , -0.0536111 , -0.0546175 , -0.0507916
1.4548 , -0.0571122 , -0.0530762 , -0.0540758 , -0.0502869
1.4552 , -0.0565358 , -0.0525391 , -0.053532 , -0.0497802
1.4556 , -0.0559572 , -0.0519999 , -0.052986 , -0.0492716
1.456 , -0.0553763 , -0.0514586 , -0.0524379 , -0.048761
1.4564 , -0.0547932 , -0.0509153 , -0.0518876 , -0.0482484
1.4568 , -0.0542079 , -0.05037 , -0.0513353 , -0.047734
1.4572 , -0.0536203 , -0.0498226 , -0.0507809 , -0.0472176
1.4576 , -0.0530306 , -0.0492732 , -0.0502245 , -0.0466994
1.458 , -0.0524388 , -0.0487219 , -0.0496661 , -0.0461793
1.4584 , -0.0518448 , -0.0481686 , -0.0491057 , -0.0456574
1.4588 , -0.0512488 , -0.0476134 , -0.0485433 , -0.0451337
1.4592 , -0.0506506 , -0.0470563 , -0.047979 , -0.0446082
1.4596 , -0.0500505 , -0.0464973 , -0.0474128 , -0.044081
1.46 , -0.0494482 , -0.0459364 , -0.0468446 , -0.0435519
1.4604 , -0.048844 , -0.0453737 , -0.0462746 , -0.0430212
1.4608 , -0.0482378 , -0.0448092 , -0.0457027 , -0.0424888
1.4612 , -0.0476297 , -0.0442429 , -0.045129 , -0.0419546
1.4616 , -0.0470196 , -0.0436749 , -0.0445535 , -0.0414189
1.462 , -0.0464076 , -0.0431051 , -0.0439762 , -0.0408814
1.4624 , -0.0457938 , -0.0425335 , -0.0433971 , -0.0403424
1.4628 , -0.0451781 , -0.0419603 , -0.0428163 , -0.0398017
1.4632 , -0.0445605 , -0.0413853 , -0.0422337 , -0.0392595
1.4636 , -0.0439412 , -0.0408088 , -0.0416495 , -0.0387158
1.464 , -0.04332 , -0.0402306 , -0.0410636 , -0.0381705
1.4644 , -0.0426971 , -0.0396507 , -0.0404761 , -0.0376237
1.4648 , -0.0420725 , -0.0390693 , -0.0398869 , -0.0370754
1.4652 , -0.0414462 , -0.0384864 , -0.0392961 , -0.0365256
1.4656 , -0.0408182 , -0.0379019 , -0.0387038 , -0.0359744
1.466 , -0.0401885 , -0.0373158 , -0.0381099 , -0.0354218
1.4664 , -0.0395572 , -0.0367283 , -0.0375145 , -0.0348677
1.4668 , -0.0389243 , -0.0361393 , -0.0369175 , -0.0343123
1.4672 , -0.0382898 , -0.0355489 , -0.0363191 , -0.0337556
1.4676 , -0.0376537 , -0.0349571 , -0.0357192 , -0.0331975
1.468 , -0.0370161 , -0.0343638 , -0.0351179 , -0.0326381
1.4684 , -0.036377 , -0.0337692 , -0.0345152 , -0.0320774
1.4688 , -0.0357365 , -0.0331732 , -0.0339111 , -0.0315155
1.4692 , -0.0350944 , -0.0325759 , -0.0333057 , -0.0309523
1.4696 , -0.034451 , -0.0319773 , -0.0326989 , -0.0303878
1.47 , -0.0338061 , -0.0313774 , -0.0320908 , -0.0298222
1.4704 , -0.0331599 , -0.0307763 , -0.0314814 , -0.0292554
1.4708 , -0.0325123 , -0.0301739 , -0.0308707 , -0.0286875
1.4712 , -0.0318634 , -0.0295703 , -0.0302588 , -0.0281184
1.4716 , -0.0312131 , -0.0289656 , -0.0296457 , -0.0275483
1.472 , -0.0305616 , -0.0283597 , -0.0290314 , -0.026977
1.4724 , -0.0299089 , -0.0277526 , -0.0284159 , -0.0264047
1.4728 , -0.0292549 , -0.0271444 , -0.0277993 , -0.0258313
1.4732 , -0.0285998 , -0.0265352 , -0.0271815 , -0.025257
1.4736 , -0.0279434 , -0.0259249 , -0.0265627 , -0.0246816
1.474 , -0.027286 , -0.0253135 , -0.0259428 , -0.0241053
1.4744 , -0.0266274 , -0.0247012 , -0.0253219 , -0.023528
1.4748 , -0.0259677 , -0.0240878 , -0.0246999 , -0.0229498
1.4752 , -0.0253069 , -0.0234735 , -0.024077 , -0.0223707
1.4756 , -0.0246452 , -0.0228583 , -0.0234531 , -0.0217907
1.476 , -0.0239824 , -0.0222421 , -0.0228282 , -0.0212099
1.4764 , -0.0233186 , -0.021625 , -0.0222024 , -0.0206282
1.4768 , -0.0226538 , -0.0210071 , -0.0215758 , -0.0200457
1.4772 , -0.0219881 , -0.0203884 , -0.0209482 , -0.0194625
1.4776 , -0.0213216 , -0.0197688 , -0.0203198 , -0.0188785
1.478 , -0.0206541 , -0.0191484 , -0.0196906 , -0.0182937
1.4784 , -0.0199858 , -0.0185273 , -0.0190607 , -0.0177083
1.4788 , -0.0193166 , -0.0179054 , -0.0184299 , -0.0171221
1.4792 , -0.0186467 , -0.0172828 , -0.0177984 , -0.0165353
1.4796 , -0.017976 , -0.0166595 , -0.0171662 , -0.0159479
1.48 , -0.0173045 , -0.0160356 , -0.0165333 , -0.0153598
1.4804 , -0.0166323 , -0.015411 , -0.0158997 , -0.0147711
1.4808 , -0.0159595 , -0.0147858 , -0.0152655 , -0.0141819
1.4812 , -0.0152859 , -0.01416 , -0.0146306 , -0.0135921
1.4816 , -0.0146117 , -0.0135336 , -0.0139952 , -0.0130018
1.482 , -0.013937 , -0.0129067 , -0.0133592 , -0.0124109
1.4824 , -0.0132616 , -0.0122793 , -0.0127227 , -0.0118196
1.4828 , -0.0125857 , -0.0116514 , -0.0120857 , -0.0112279
1.4832 , -0.0119092 , -0.011023 , -0.0114481 , -0.0106357
1.4836 , -0.0112322 , -0.0103942 , -0.0108101 , -0.0100431
1.484 , -0.0105548 , -0.00976497 , -0.0101717 , -0.00945016
1.4844 , -0.00987691 , -0.00913534 , -0.00953287 , -0.00885683
1.4848 , -0.0091986 , -0.00850535 , -0.00889364 , -0.00826317
1.4852 , -0.00851989 , -0.00787502 , -0.00825405 , -0.00766919
1.4856 , -0.00784082 , -0.00724438 , -0.00761413 , -0.00707493
1.486 , -0.0071614 , -0.00661344 , -0.00697389 , -0.00648041
1.4864 , -0.00648167 , -0.00598224 , -0.00633338 , -0.00588564
1.4868 , -0.00580166 , -0.0053508 , -0.0056926 , -0.00529066
1.4872 , -0.00512139 , -0.00471915 , -0.00505159 , -0.00469548
1.4876 , -0.00444088 , -0.00408731 , -0.00441037 , -0.00410014
1.488 , -0.00376017 , -0.0034553 , -0.00376897 , -0.00350465
1.4884 , -0.00307928 , -0.00282316 , -0.00312742 , -0.00290904
1.4888 , -0.00239824 , -0.0021909 , -0.00248573 , -0.00231333
1.4892 , -0.00171708 , -0.00155856 , -0.00184395 , -0.00171755
1.4896 , -0.00103582 , -0.00092615 , -0.00120208 , -0.00112172
1.49 , -0.000354493 , -0.000293706 , -0.000560156 , -0.00052586
1.4904 , 0.000326875 , 0.000338749 , 8.17931e-05 , 6.9999e-05
1.4908 , 0.00100826 , 0.000971191 , 0.000723744 , 0.000665836
1.4912 , 0.00168963 , 0.00160359 , 0.00136567 , 0.00126163
1.4916 , 0.00237096 , 0.00223593 , 0.00200755 , 0.00185735
1.492 , 0.00305222 , 0.00286818 , 0.00264935 , 0.00245298
1.4924 , 0.00373338 , 0.00350032 , 0.00329105 , 0.00304849
1.4928 , 0.00441443 , 0.00413231 , 0.00393263 , 0.00364386
1.4932 , 0.00509532 , 0.00476414 , 0.00457405 , 0.00423906
1.4936 , 0.00577604 , 0.00539578 , 0.00521529 , 0.00483408
1.494 , 0.00645656 , 0.0060272 , 0.00585634 , 0.00542888
1.4944 , 0.00713684 , 0.00665839 , 0.00649715 , 0.00602345
1.4948 , 0.00781687 , 0.0072893 , 0.00713771 , 0.00661776
1.4952 , 0.00849661 , 0.00791993 , 0.00777798 , 0.00721178
1.4956 , 0.00917603 , 0.00855023 , 0.00841795 , 0.0078055
1.496 , 0.00985512 , 0.0091802 , 0.00905759 , 0.00839889
1.4964 , 0.0105338 , 0.0098098 , 0.00969688 , 0.00899192
1.4968 , 0.0112122 , 0.010439 , 0.0103358 , 0.00958457
1.4972 , 0.0118901 , 0.0110678 , 0.0109743 , 0.0101768
1.4976 , 0.0125675 , 0.0116961 , 0.0116123 , 0.0107686
1.498 , 0.0132445 , 0.012324 , 0.0122499 , 0.01136
1.4984 , 0.013921 , 0.0129514 , 0.012887 , 0.0119509
1.4988 , 0.0145969 , 0.0135783 , 0.0135236 , 0.0125413
1.4992 , 0.0152723 , 0.0142046 , 0.0141597 , 0.0131312
1.4996 , 0.0159471 , 0.0148303 , 0.0147952 , 0.0137205
1.5 , 0.0166213 , 0.0154555 , 0.0154301 , 0.0143093
1.5004 , 0.0172949 , 0.01608 , 0.0160644 , 0.0148975
1.5008 , 0.0179678 , 0.0167039 , 0.0166981 , 0.0154851
1.5012 , 0.01864 , 0.0173272 , 0.0173311 , 0.016072
1.5016 , 0.0193115 , 0.0179497 , 0.0179634 , 0.0166583
1.502 , 0.0199822 , 0.0185715 , 0.018595 , 0.0172438
1.5024 , 0.0206522 , 0.0191926 , 0.0192259 , 0.0178287
1.5028 , 0.0213213 , 0.0198129 , 0.019856 , 0.0184128
1.5032 , 0.0219897 , 0.0204325 , 0.0204853 , 0.0189962
1.5036 , 0.0226572 , 0.0210512 , 0.0211138 , 0.0195788
1.504 , 0.0233238 , 0.021669 , 0.0217415 , 0.0201606
1.5044 , 0.0239895 , 0.022286 , 0.0223683 , 0.0207416
1.5048 , 0.0246542 , 0.0229021 , 0.0229942 , 0.0213218
1.5052 , 0.0253181 , 0.0235173 , 0.0236192 , 0.021901
1.5056 , 0.0259809 , 0.0241315 , 0.0242432 , 0.0224794
1.506 , 0.0266427 , 0.0247448 , 0.0248663 , 0.0230568
1.5064 , 0.0273035 , 0.0253571 , 0.0254884 , 0.0236333
1.5068 , 0.0279632 , 0.0259684 , 0.0261095 , 0.0242089
1.5072 , 0.0286218 , 0.0265786 , 0.0267295 , 0.0247834
1.5076 , 0.0292793 , 0.0271878 , 0.0273485 , 0.025357
1.508 , 0.0299356 , 0.0277959 , 0.0279664 , 0.0259295
1.5084 , 0.0305908 , 0.0284028 , 0.0285832 , 0.026501
1.5088 , 0.0312448 , 0.0290087 , 0.0291988 , 0.0270713
1.5092 , 0.0318975 , 0.0296134 , 0.0298133 , 0.0276406
1.5096 , 0.032549 , 0.0302168 , 0.0304265 , 0.0282088
1.51 , 0.0331993 , 0.0308191 , 0.0310386 , 0.0287758
1.5104 , 0.0338482 , 0.0314202 , 0.0316495 , 0.0293416
1.5108 , 0.0344958 , 0.03202 , 0.032259 , 0.0299063
1.5112 , 0.0351421 , 0.0326185 , 0.0328673 , 0.0304697
1.5116 , 0.0357869 , 0.0332157 , 0.0334743 , 0.0310319
1.512 , 0.0364304 , 0.0338116 , 0.03408 , 0.0315928
1.5124 , 0.0370724 , 0.0344061 , 0.0346842 , 0.0321525
1.5128 , 0.037713 , 0.0349993 , 0.0352871 , 0.0327108
1.5132 , 0.0383521 , 0.035591 , 0.0358886 , 0.0332679
1.5136 , 0.0389897 , 0.0361813 , 0.0364887 , 0.0338236
1.514 , 0.0396257 , 0.0367702 , 0.0370873 , 0.0343779
1.5144 , 0.0402602 , 0.0373576 , 0.0376845 , 0.0349308
1.5148 , 0.0408931 , 0.0379435 , 0.0382801 , 0.0354823
1.5152 , 0.0415244 , 0.0385279 , 0.0388742 , 0.0360323
1.5156 , 0.0421541 , 0.0391108 , 0.0394668 , 0.0365809
1.516 , 0.042782 , 0.0396921 , 0.0400577 , 0.0371281
1.5164 , 0.0434084 , 0.0402718 , 0.0406471 , 0.0376737
1.5168 , 0.044033 , 0.0408499 , 0.0412349 , 0.0382178
1.5172 , 0.0446558 , 0.0414263 , 0.041821 , 0.0387603
1.5176 , 0.0452769 , 0.0420011 , 0.0424054 , 0.0393013
1.518 , 0.0458962 , 0.0425743 , 0.0429882 , 0.0398407
1.5184 , 0.0465137 , 0.0431457 , 0.0435693 , 0.0403785
1.5188 , 0.0471294 , 0.0437154 , 0.0441486 , 0.0409146
1.5192 , 0.0477432 , 0.0442833 , 0.0447261 , 0.0414491
1.5196 , 0.0483551 , 0.0448495 , 0.0453019 , 0.0419819
1.52 , 0.0489651 , 0.0454139 , 0.0458758 , 0.0425131
1.5204 , 0.0495732 , 0.0459764 , 0.0464479 , 0.0430425
1.5208 , 0.0501793 , 0.0465372 , 0.0470182 , 0.0435701
1.5212 , 0.0507835 , 0.047096 , 0.0475866 , 0.0440961
1.5216 , 0.0513856 , 0.047653 , 0.0481531 , 0.0446202
1.522 , 0.0519857 , 0.0482081 , 0.0487177 , 0.0451425
1.5224 , 0.0525838 , 0.0487612 , 0.0492803 , 0.045663
1.5228 , 0.0531797 , 0.0493124 , 0.0498409 , 0.0461817
1.5232 , 0.0537736 , 0.0498616 , 0.0503996 , 0.0466985
1.5236 , 0.0543653 , 0.0504089 , 0.0509563 , 0.0472134
1.524 , 0.0549549 , 0.0509541 , 0.0515109 , 0.0477264
1.5244 , 0.0555423 , 0.0514973 , 0.0520635 , 0.0482375
1.5248 , 0.0561275 , 0.0520384 , 0.052614 , 0.0487466
1.5252 , 0.0567105 , 0.0525774 , 0.0531624 , 0.0492538
1.5256 , 0.0572912 , 0.0531143 , 0.0537086 , 0.049759
1.526 , 0.0578697 , 0.0536491 , 0.0542528 , 0.0502621
1.5264 , 0.0584459 , 0.0541818 , 0.0547947 , 0.0507633
1.5268 , 0.0590198 , 0.0547123 , 0.0553345 , 0.0512624
1.5272 , 0.0595913 , 0.0552406 , 0.0558721 , 0.0517594
1.5276 , 0.0601605 , 0.0557667 , 0.0564074 , 0.0522544
1.528 , 0.0607272 , 0.0562905 , 0.0569405 , 0.0527472
1.5284 , 0.0612916 , 0.0568121 , 0.0574713 , 0.0532379
1.5288 , 0.0618536 , 0.0573315 , 0.0579998 , 0.0537265
1.5292 , 0.0624131 , 0.0578485 , 0.058526 , 0.0542129
1.5296 , 0.0629701 , 0.0583632 , 0.0590498 , 0.0546972
1.53 , 0.0635246 , 0.0588756 , 0.0595713 , 0.0551792
1.5304 , 0.0640766 , 0.0593857 , 0.0600905 , 0.055659
1.5308 , 0.0646261 , 0.0598934 , 0.0606072 , 0.0561365
1.5312 , 0.065173 , 0.0603986 , 0.0611215 , 0.0566118
1.5316 , 0.0657173 , 0.0609015 , 0.0616334 , 0.0570849
1.532 , 0.066259 , 0.0614019 , 0.0621428 , 0.0575556
1.5324 , 0.0667981 , 0.0618999 , 0.0626497 , 0.058024
1.5328 , 0.0673346 , 0.0623953 , 0.0631541 , 0.05849
1.5332 , 0.0678683 , 0.0628883 , 0.063656 , 0.0589538
1.5336 , 0.0683994 , 0.0633788 , 0.0641554 , 0.0594151
1.534 , 0.0689277 , 0.0638667 , 0.0646521 , 0.059874
1.5344 , 0.0694534 , 0.0643521 , 0.0651464 , 0.0603306
1.5348 , 0.0699762 , 0.0648349 , 0.065638 , 0.0607847
1.5352 , 0.0704963 , 0.0653151 , 0.066127 , 0.0612364
1.5356 , 0.0710136 , 0.0657928 , 0.0666133 , 0.0616856
1.536 , 0.071528 , 0.0662677 , 0.067097 , 0.0621323
1.5364 , 0.0720397 , 0.06674 , 0.067578 , 0.0625765
1.5368 , 0.0725484 , 0.0672097 , 0.0680563 , 0.0630182
1.5372 , 0.0730543 , 0.0676767 , 0.0685319 , 0.0634574
1.5376 , 0.0735573 , 0.0681409 , 0.0690047 , 0.063894
1.538 , 0.0740573 , 0.0686024 , 0.0694748 , 0.064328
1.5384 , 0.0745545 , 0.0690612 , 0.0699421 , 0.0647595
1.5388 , 0.0750486 , 0.0695173 , 0.0704067 , 0.0651883
1.5392 , 0.0755398 , 0.0699705 , 0.0708684 , 0.0656146
1.5396 , 0.0760279 , 0.0704209 , 0.0713273 , 0.0660382
1.54 , 0.0765131 , 0.0708686 , 0.0717833 , 0.0664591
1.5404 , 0.0769952 , 0.0713134 , 0.0722365 , 0.0668774
1.5408 , 0.0774742 , 0.0717553 , 0.0726867 , 0.067293
1.5412 , 0.0779502 , 0.0721944 , 0.0731341 , 0.0677058
1.5416 , 0.0784231 , 0.0726306 , 0.0735786 , 0.068116
1.542 , 0.0788928 , 0.0730638 , 0.0740201 , 0.0685234
1.5424 , 0.0793594 , 0.0734942 , 0.0744586 , 0.0689281
1.5428 , 0.0798229 , 0.0739216 , 0.0748942 , 0.06933
1.5432 , 0.0802832 , 0.0743461 , 0.0753268 , 0.0697291
1.5436 , 0.0807402 , 0.0747676 , 0.0757564 , 0.0701254
1.544 , 0.0811941 , 0.075186 , 0.0761829 , 0.0705188
1.5444 , 0.0816448 , 0.0756015 , 0.0766064 , 0.0709095
1.5448 , 0.0820922 , 0.076014 , 0.0770269 , 0.0712973
1.5452 , 0.0825363 , 0.0764234 , 0.0774442 , 0.0716822
1.5456 , 0.0829772 , 0.0768298 , 0.0778585 , 0.0720643
1.546 , 0.0834147 , 0.0772331 , 0.0782697 , 0.0724435
1.5464 , 0.0838489 , 0.0776333 , 0.0786777 , 0.0728197
1.5468 , 0.0842798 , 0.0780304 , 0.0790826 , 0.0731931
1.5472 , 0.0847074 , 0.0784243 , 0.0794843 , 0.0735634
1.5476 , 0.0851315 , 0.0788152 , 0.0798829 , 0.0739309
1.548 , 0.0855523 , 0.0792029 , 0.0802783 , 0.0742954
1.5484 , 0.0859697 , 0.0795874 , 0.0806704 , 0.0746568
1.5488 , 0.0863836 , 0.0799687 , 0.0810594 , 0.0750153
1.5492 , 0.0867941 , 0.0803469 , 0.081445 , 0.0753708
1.5496 , 0.0872012 , 0.0807218 , 0.0818275 , 0.0757232
1.55 , 0.0876048 , 0.0810935 , 0.0822067 , 0.0760727
1.5504 , 0.0880049 , 0.0814619 , 0.0825825 , 0.076419
1.5508 , 0.0884015 , 0.0818271 , 0.0829551 , 0.0767623
1.5512 , 0.0887945 , 0.082189 , 0.0833244 , 0.0771025
1.5516 , 0.0891841 , 0.0825477 , 0.0836903 , 0.0774396
1.552 , 0.0895701 , 0.082903 , 0.0840529 , 0.0777736
1.5524 , 0.0899525 , 0.083255 , 0.0844121 , 0.0781045
1.5528 , 0.0903313 , 0.0836037 , 0.084768 , 0.0784322
1.5532 , 0.0907066 , 0.083949 , 0.0851205 , 0.0787568
1.5536 , 0.0910782 , 0.084291 , 0.0854696 , 0.0790783
1.554 , 0.0914462 , 0.0846296 , 0.0858152 , 0.0793965
1.5544 , 0.0918105 , 0.0849648 , 0.0861574 , 0.0797116
1.5548 , 0.0921712 , 0.0852967 , 0.0864962 , 0.0800235
1.5552 , 0.0925282 , 0.0856251 , 0.0868315 , 0.0803322
1.5556 , 0.0928816 , 0.0859501 , 0.0871634 , 0.0806376
1.556 , 0.0932312 , 0.0862716 , 0.0874918 , 0.0809398
1.5564 , 0.0935771 , 0.0865897 , 0.0878166 , 0.0812388
1.5568 , 0.0939193 , 0.0869043 , 0.088138 , 0.0815345
1.5572 , 0.0942578 , 0.0872155 , 0.0884558 , 0.0818269
1.5576 , 0.0945925 , 0.0875232 , 0.0887701 , 0.0821161
1.558 , 0.0949234 , 0.0878273 , 0.0890809 , 0.0824019
1.5584 , 0.0952505 , 0.088128 , 0.0893881 , 0.0826845
1.5588 , 0.0955738 , 0.0884251 , 0.0896917 , 0.0829637
1.5592 , 0.0958934 , 0.0887187 , 0.0899917 , 0.0832396
1.5596 , 0.0962091 , 0.0890088 , 0.0902882 , 0.0835122
1.56 , 0.096521 , 0.0892952 , 0.090581 , 0.0837814
1.5604 , 0.096829 , 0.0895782 , 0.0908702 , 0.0840473
1.5608 , 0.0971331 , 0.0898575 , 0.0911558 , 0.0843098
1.5612 , 0.0974334 , 0.0901332 , 0.0914377 , 0.0845689
1.5616 , 0.0977298 , 0.0904054 , 0.091716 , 0.0848246
1.562 , 0.0980223 , 0.0906739 , 0.0919906 , 0.0850769
1.5624 , 0.0983109 , 0.0909388 , 0.0922615 , 0.0853258
1.5628 , 0.0985956 , 0.0912 , 0.0925288 , 0.0855713
1.5632 , 0.0988763 , 0.0914576 , 0.0927923 , 0.0858134
1.5636 , 0.0991531 , 0.0917116 , 0.0930522 , 0.086052
1.564 , 0.099426 , 0.0919618 , 0.0933083 , 0.0862871
1.5644 , 0.0996949 , 0.0922084 , 0.0935607 , 0.0865188
1.5648 , 0.0999598 , 0.0924513 , 0.0938093 , 0.0867471
1.5652 , 0.100221 , 0.0926905 , 0.0940542 , 0.0869718
1.5656 , 0.100478 , 0.092926 , 0.0942953 , 0.0871931
1.566 , 0.10073 , 0.0931578 , 0.0945327 , 0.0874109
1.5664 , 0.100979 , 0.0933859 , 0.0947663 , 0.0876252
1.5668 , 0.101224 , 0.0936102 , 0.0949961 , 0.0878359
1.5672 , 0.101465 , 0.0938308 , 0.0952221 , 0.0880432
1.5676 , 0.101702 , 0.0940476 , 0.0954443 , 0.0882469
1.568 , 0.101935 , 0.0942607 , 0.0956627 , 0.0884471
1.5684 , 0.102163 , 0.09447 , 0.0958772 , 0.0886437
1.5688 , 0.102388 , 0.0946755 , 0.0960879 , 0.0888368
1.5692 , 0.102608 , 0.0948772 , 0.0962948 , 0.0890263
1.5696 , 0.102825 , 0.0950752 , 0.0964978 , 0.0892123
1.57 , 0.103037 , 0.0952693 , 0.096697 , 0.0893947
1.5704 , 0.103245 , 0.0954596 , 0.0968923 , 0.0895735
1.5708 , 0.103449 , 0.0956461 , 0.0970837 , 0.0897487
1.5712 , 0.103649 , 0.0958288 , 0.0972713 , 0.0899203
1.5716 , 0.103845 , 0.0960076 , 0.0974549 , 0.0900883
1.572 , 0.104036 , 0.0961826 , 0.0976347 , 0.0902527
1.5724 , 0.104224 , 0.0963538 , 0.0978105 , 0.0904135
1.5728 , 0.104407 , 0.0965211 , 0.0979825 , 0.0905707
1.5732 , 0.104586 , 0.0966845 , 0.0981505 , 0.0907242
1.5736 , 0.104761 , 0.0968441 , 0.0983146 , 0.0908741
1.574 , 0.104932 , 0.0969998 , 0.0984748 , 0.0910204
1.5744 , 0.105099 , 0.0971516 , 0.098631 , 0.091163
1.5748 , 0.105261 , 0.0972995 , 0.0987833 , 0.091302
1.5752 , 0.105419 , 0.0974436 , 0.0989316 , 0.0914373
1.5756 , 0.105573 , 0.0975837 , 0.099076 , 0.091569
1.576 , 0.105723 , 0.09772 , 0.0992164 , 0.091697
1.5764 , 0.105869 , 0.0978523 , 0.0993529 , 0.0918213
1.5768 , 0.10601 , 0.0979807 , 0.0994854 , 0.0919419
1.5772 , 0.106147 , 0.0981052 , 0.0996139 , 0.0920589
1.5776 , 0.10628 , 0.0982258 , 0.0997384 , 0.0921721
1.578 , 0.106408 , 0.0983424 , 0.0998589 , 0.0922817
1.5784 , 0.106533 , 0.0984551 , 0.0999755 , 0.0923876
1.5788 , 0.106653 , 0.0985639 , 0.100088 , 0.0924898
1.5792 , 0.106769 , 0.0986687 , 0.100197 , 0.0925883
1.5796 , 0.10688 , 0.0987696 , 0.100301 , 0.0926831
1.58 , 0.106988 , 0.0988665 , 0.100402 , 0.0927741
1.5804 , 0.107091 , 0.0989595 , 0.100498 , 0.0928615
1.5808 , 0.107189 , 0.0990485 , 0.100591 , 0.0929451
1.5812 , 0.107284 , 0.0991336 , 0.100679 , 0.093025
1.5816 , 0.107374 , 0.0992147 , 0.100763 , 0.0931012
1.582 , 0.10746 , 0.0992918 , 0.100844 , 0.0931737
1.5824 , 0.107541 , 0.0993649 , 0.10092 , 0.0932424
1.5828 , 0.107619 , 0.0994341 , 0.100993 , 0.0933074
1.5832 , 0.107692 , 0.0994993 , 0.101061 , 0.0933687
1.5836 , 0.10776 , 0.0995605 , 0.101125 , 0.0934262
1.584 , 0.107825 , 0.0996178 , 0.101185 , 0.09348
1.5844 , 0.107885 , 0.099671 , 0.101241 , 0.0935301
1.5848 , 0.10794 , 0.0997203 , 0.101294 , 0.0935764
1.5852 , 0.107992 , 0.0997656 , 0.101342 , 0.093619
1.5856 , 0.108039 , 0.0998069 , 0.101386 , 0.0936578
1.586 , 0.108082 , 0.0998441 , 0.101426 , 0.0936929
1.5864 , 0.10812 , 0.0998774 , 0.101462 , 0.0937242
1.5868 , 0.108154 , 0.0999068 , 0.101493 , 0.0937518
1.5872 , 0.108184 , 0.0999321 , 0.101521 , 0.0937756
1.5876 , 0.10821 , 0.0999534 , 0.101545 , 0.0937956
1.588 , 0.108231 , 0.0999707 , 0.101565 , 0.093812
1.5884 , 0.108248 , 0.099984 , 0.10158 , 0.0938245
1.5888 , 0.10826 , 0.0999933 , 0.101592 , 0.0938333
1.5892 , 0.108268 , 0.0999986 , 0.101599 , 0.0938384
1.5896 , 0.108272 , 0.0999999 , 0.101603 , 0.0938397
1.59 , 0.108272 , 0.0999973 , 0.101602 , 0.0938373
1.5904 , 0.108267 , 0.0999906 , 0.101597 , 0.0938311
1.5908 , 0.108258 , 0.0999799 , 0.101588 , 0.0938211
1.5912 , 0.108244 , 0.0999652 , 0.101575 , 0.0938074
1.5916 , 0.108226 , 0.0999465 , 0.101559 , 0.0937899
1.592 , 0.108204 , 0.0999238 , 0.101538 , 0.0937687
1.5924 , 0.108178 , 0.0998972 , 0.101513 , 0.0937438
1.5928 , 0.108147 , 0.0998665 , 0.101483 , 0.0937151
1.5932 , 0.108112 , 0.0998318 , 0.10145 , 0.0936826
1.5936 , 0.108073 , 0.0997932 , 0.101413 , 0.0936464
1.594 , 0.108029 , 0.0997505 , 0.101372 , 0.0936065
1.5944 , 0.107981 , 0.0997039 , 0.101326 , 0.0935628
1.5948 , 0.107928 , 0.0996532 , 0.101277 , 0.0935154
1.5952 , 0.107871 , 0.0995986 , 0.101224 , 0.0934642
1.5956 , 0.10781 , 0.09954 , 0.101166 , 0.0934093
1.596 , 0.107745 , 0.0994774 , 0.101105 , 0.0933506
1.5964 , 0.107675 , 0.0994109 , 0.101039 , 0.0932883
1.5968 , 0.107601 , 0.0993403 , 0.100969 , 0.0932222
1.5972 , 0.107523 , 0.0992658 , 0.100896 , 0.0931523
1.5976 , 0.107441 , 0.0991873 , 0.100818 , 0.0930788
1.598 , 0.107354 , 0.0991049 , 0.100736 , 0.0930015
1.5984 , 0.107262 , 0.0990185 , 0.100651 , 0.0929205
1.5988 , 0.107167 , 0.0989281 , 0.100561 , 0.0928358
1.5992 , 0.107067 , 0.0988338 , 0.100467 , 0.0927474
1.5996 , 0.106963 , 0.0987355 , 0.100369 , 0.0926553
1.6 , 0.106855 , 0.0986332 , 0.100267 , 0.0925594
1.6004 , 0.106742 , 0.0985271 , 0.100161 , 0.0924599
1.6008 , 0.106625 , 0.0984169 , 0.100052 , 0.0923567
1.6012 , 0.106504 , 0.0983029 , 0.0999378 , 0.0922498
1.6016 , 0.106379 , 0.0981849 , 0.0998199 , 0.0921392
1.602 , 0.106249 , 0.098063 , 0.099698 , 0.0920249
1.6024 , 0.106115 , 0.0979371 , 0.0995722 , 0.091907
1.6028 , 0.105977 , 0.0978074 , 0.0994424 , 0.0917853
1.6032 , 0.105834 , 0.0976737 , 0.0993086 , 0.09166
1.6036 , 0.105688 , 0.0975361 , 0.0991708 , 0.0915311
1.604 , 0.105537 , 0.0973947 , 0.099029 , 0.0913985
1.6044 , 0.105381 , 0.0972493 , 0.0988833 , 0.0912622
1.6048 , 0.105222 , 0.0971 , 0.0987336 , 0.0911223
1.6052 , 0.105059 , 0.0969469 , 0.09858 , 0.0909787
1.6056 , 0.104891 , 0.0967898 , 0.0984225 , 0.0908315
1.606 , 0.104719 , 0.0966289 , 0.098261 , 0.0906807
1.6064 , 0.104543 , 0.0964642 , 0.0980955 , 0.0905263
1.6068 , 0.104362 , 0.0962956 , 0.0979262 , 0.0903682
1.6072 , 0.104178 , 0.0961231 , 0.0977529 , 0.0902066
1.6076 , 0.103989 , 0.0959468 , 0.0975757 , 0.0900413
1.608 , 0.103796 , 0.0957666 , 0.0973946 , 0.0898724
1.6084 , 0.103599 , 0.0955826 , 0.0972096 , 0.0897
1.6088 , 0.103398 , 0.0953948 , 0.0970207 , 0.0895239
1.6092 , 0.103192 , 0.0952032 , 0.096828 , 0.0893443
1.6096 , 0.102983 , 0.0950078 , 0.0966313 , 0.0891611
1.61 , 0.102769 , 0.0948085 , 0.0964308 , 0.0889744
1.6104 , 0.102551 , 0.0946055 , 0.0962265 , 0.0887841
1.6108 , 0.10233 , 0.0943987 , 0.0960183 , 0.0885903
1.6112 , 0.102104 , 0.0941881 , 0.0958062 , 0.0883929
1.6116 , 0.101874 , 0.0939737 , 0.0955903 , 0.088192
1.612 , 0.101639 , 0.0937556 , 0.0953706 , 0.0879876
1.6124 , 0.101401 , 0.0935338 , 0.0951471 , 0.0877796
1.6128 , 0.101159 , 0.0933082 , 0.0949197 , 0.0875682
1.6132 , 0.100913 , 0.0930788 , 0.0946886 , 0.0873533
1.6136 , 0.100662 , 0.0928458 , 0.0944537 , 0.0871348
1.614 , 0.100408 , 0.092609 , 0.094215 , 0.0869129
1.6144 , 0.100149 , 0.0923685 , 0.0939725 , 0.0866875
1.6148 , 0.099887 , 0.0921243 , 0.0937263 , 0.0864587
1.6152 , 0.0996205 , 0.0918765 , 0.0934763 , 0.0862264
1.6156 , 0.0993501 , 0.091625 , 0.0932225 , 0.0859907
1.616 , 0.0990756 , 0.0913698 , 0.0929651 , 0.0857515
1.6164 , 0.0987972 , 0.0911109 , 0.0927039 , 0.085509
1.6168 , 0.0985148 , 0.0908484 , 0.092439 , 0.085263
1.6172 , 0.0982285 , 0.0905823 , 0.0921704 , 0.0850136
1.6176 , 0.0979382 , 0.0903125 , 0.0918981 , 0.0847608
1.618 , 0.097644 , 0.0900392 , 0.0916222 , 0.0845046
1.6184 , 0.0973459 , 0.0897622 , 0.0913425 , 0.0842451
1.6188 , 0.0970439 , 0.0894816 , 0.0910593 , 0.0839822
1.6192 , 0.096738 , 0.0891975 , 0.0907723 , 0.0837159
1.6196 , 0.0964282 , 0.0889098 , 0.0904818 , 0.0834463
1.62 , 0.0961145 , 0.0886185 , 0.0901876 , 0.0831734
1.6204 , 0.095797 , 0.0883237 , 0.0898898 , 0.0828971
1.6208 , 0.0954756 , 0.0880254 , 0.0895884 , 0.0826176
1.6212 , 0.0951504 , 0.0877235 , 0.0892834 , 0.0823348
1.6216 , 0.0948214 , 0.0874181 , 0.0889749 , 0.0820486
1.622 , 0.0944885 , 0.0871093 , 0.0886628 , 0.0817592
1.6224 , 0.0941519 , 0.0867969 , 0.0883471 , 0.0814666
1.6228 , 0.0938115 , 0.0864811 , 0.0880279 , 0.0811706
1.6232 , 0.0934674 , 0.0861618 , 0.0877052 , 0.0808715
1.6236 , 0.0931194 , 0.0858391 , 0.087379 , 0.0805691
1.624 , 0.0927678 , 0.0855129 , 0.0870493 , 0.0802635
1.6244 , 0.0924124 , 0.0851833 , 0.086716 , 0.0799547
1.6248 , 0.0920533 , 0.0848504 , 0.0863794 , 0.0796428
1.6252 , 0.0916905 , 0.084514 , 0.0860392 , 0.0793276
1.6256 , 0.091324 , 0.0841742 , 0.0856956 , 0.0790093
1.626 , 0.0909539 , 0.0838311 , 0.0853486 , 0.0786878
1.6264 , 0.0905801 , 0.0834846 , 0.0849982 , 0.0783632
1.6268 , 0.0902027 , 0.0831348 , 0.0846443 , 0.0780355
1.6272 , 0.0898216 , 0.0827816 , 0.0842871 , 0.0777047
1.6276 , 0.089437 , 0.0824252 , 0.0839265 , 0.0773707
1.628 , 0.0890487 , 0.0820654 , 0.0835626 , 0.0770337
1.6284 , 0.0886569 , 0.0817024 , 0.0831953 , 0.0766936
1.6288 , 0.0882615 , 0.081336 , 0.0828246 , 0.0763505
1.6292 , 0.0878625 , 0.0809665 , 0.0824507 , 0.0760043
1.6296 , 0.0874601 , 0.0805937 , 0.0820734 , 0.0756551
1.63 , 0.0870541 , 0.0802177 , 0.0816929 , 0.0753028
1.6304 , 0.0866446 , 0.0798384 , 0.0813091 , 0.0749476
1.6308 , 0.0862316 , 0.079456 , 0.080922 , 0.0745894
1.6312 , 0.0858152 , 0.0790704 , 0.0805317 , 0.0742282
1.6316 , 0.0853953 , 0.0786816 , 0.0801382 , 0.073864
1.632 , 0.084972 , 0.0782897 , 0.0797414 , 0.0734969
1.6324 , 0.0845453 , 0.0778947 , 0.0793415 , 0.0731269
1.6328 , 0.0841152 , 0.0774965 , 0.0789384 , 0.072754
1.6332 , 0.0836817 , 0.0770952 , 0.0785321 , 0.0723782
1.6336 , 0.0832448 , 0.0766909 , 0.0781227 , 0.0719994
1.634 , 0.0828046 , 0.0762835 , 0.0777102 , 0.0716179
1.6344 , 0.082361 , 0.075873 , 0.0772945 , 0.0712334
1.6348 , 0.0819141 , 0.0754595 , 0.0768758 , 0.0708461
1.6352 , 0.081464 , 0.075043 , 0.076454 , 0.0704561
1.6356 , 0.0810105 , 0.0746235 , 0.0760291 , 0.0700632
1.636 , 0.0805539 , 0.074201 , 0.0756011 , 0.0696675
1.6364 , 0.0800939 , 0.0737755 , 0.0751702 , 0.069269
1.6368 , 0.0796308 , 0.0733471 , 0.0747362 , 0.0688678
1.6372 , 0.0791644 , 0.0729157 , 0.0742992 , 0.0684638
1.6376 , 0.0786949 , 0.0724814 , 0.0738593 , 0.0680571
1.638 , 0.0782222 , 0.0720443 , 0.0734164 , 0.0676477
1.6384 , 0.0777463 , 0.0716042 , 0.0729706 , 0.0672356
1.6388 , 0.0772673 , 0.0711613 , 0.0725218 , 0.0668209
1.6392 , 0.0767852 , 0.0707155 , 0.0720702 , 0.0664034
1.6396 , 0.0763 , 0.0702669 , 0.0716156 , 0.0659834
1.64 , 0.0758118 , 0.0698155 , 0.0711582 , 0.0655607
1.6404 , 0.0753204 , 0.0693613 , 0.0706979 , 0.0651354
1.6408 , 0.0748261 , 0.0689043 , 0.0702348 , 0.0647075
1.6412 , 0.0743287 , 0.0684446 , 0.0697689 , 0.064277
1.6416 , 0.0738284 , 0.0679822 , 0.0693002 , 0.063844
1.642 , 0.0733251 , 0.067517 , 0.0688287 , 0.0634084
1.6424 , 0.0728188 , 0.0670491 , 0.0683545 , 0.0629703
1.6428 , 0.0723096 , 0.0665785 , 0.0678775 , 0.0625297
1.6432 , 0.0717975 , 0.0661053 , 0.0673978 , 0.0620866
1.6436 , 0.0712824 , 0.0656294 , 0.0669154 , 0.0616411
1.644 , 0.0707646 , 0.0651509 , 0.0664303 , 0.0611931
1.6444 , 0.0702438 , 0.0646698 , 0.0659426 , 0.0607426
1.6448 , 0.0697203 , 0.0641861 , 0.0654522 , 0.0602898
1.6452 , 0.0691939 , 0.0636998 , 0.0649592 , 0.0598346
1.6456 , 0.0686647 , 0.063211 , 0.0644636 , 0.0593769
1.646 , 0.0681328 , 0.0627197 , 0.0639654 , 0.0589169
1.6464 , 0.0675981 , 0.0622258 , 0.0634647 , 0.0584546
1.6468 , 0.0670607 , 0.0617295 , 0.0629614 , 0.05799
1.6472 , 0.0665206 , 0.0612307 , 0.0624556 , 0.057523
1.6476 , 0.0659778 , 0.0607295 , 0.0619473 , 0.0570538
1.648 , 0.0654323 , 0.0602258 , 0.0614365 , 0.0565822
1.6484 , 0.0648842 , 0.0597197 , 0.0609232 , 0.0561085
1.6488 , 0.0643335 , 0.0592112 , 0.0604075 , 0.0556325
1.6492 , 0.0637802 , 0.0587003 , 0.0598894 , 0.0551543
1.6496 , 0.0632243 , 0.0581871 , 0.0593689 , 0.0546739
1.65 , 0.0626659 , 0.0576716 , 0.058846 , 0.0541914
1.6504 , 0.062105 , 0.0571538 , 0.0583207 , 0.0537066
1.6508 , 0.0615415 , 0.0566337 , 0.0577931 , 0.0532198
1.6512 , 0.0609755 , 0.0561113 , 0.0572632 , 0.0527308
1.6516 , 0.0604071 , 0.0555867 , 0.056731 , 0.0522398
1.652 , 0.0598363 , 0.0550598 , 0.0561965 , 0.0517467
1.6524 , 0.059263 , 0.0545308 , 0.0556598 , 0.0512515
1.6528 , 0.0586874 , 0.0539995 , 0.0551208 , 0.0507543
1.6532 , 0.0581093 , 0.0534661 , 0.0545797 , 0.050255
1.6536 , 0.0575289 , 0.0529306 , 0.0540363 , 0.0497538
1.654 , 0.0569462 , 0.0523929 , 0.0534908 , 0.0492506
1.6544 , 0.0563612 , 0.0518532 , 0.0529431 , 0.0487455
1.6548 , 0.055774 , 0.0513114 , 0.0523933 , 0.0482384
1.6552 , 0.0551844 , 0.0507675 , 0.0518414 , 0.0477294
1.6556 , 0.0545927 , 0.0502216 , 0.0512875 , 0.0472185
1.656 , 0.0539987 , 0.0496737 , 0.0507314 , 0.0467057
1.6564 , 0.0534025 , 0.0491238 , 0.0501734 , 0.0461911
1.6568 , 0.0528042 , 0.0485719 , 0.0496133 , 0.0456747
1.6572 , 0.0522037 , 0.0480181 , 0.0490512 , 0.0451564
1.6576 , 0.0516012 , 0.0474624 , 0.0484872 , 0.0446364
1.658 , 0.0509965 , 0.0469048 , 0.0479213 , 0.0441146
1.6584 , 0.0503898 , 0.0463453 , 0.0473534 , 0.043591
1.6588 , 0.049781 , 0.0457839 , 0.0467836 , 0.0430657
1.6592 , 0.0491703 , 0.0452207 , 0.0462119 , 0.0425387
1.6596 , 0.0485575 , 0.0446557 , 0.0456384 , 0.04201
1.66 , 0.0479428 , 0.0440889 , 0.045063 , 0.0414797
1.6604 , 0.0473261 , 0.0435204 , 0.0444859 , 0.0409477
1.6608 , 0.0467075 , 0.0429501 , 0.0439069 , 0.0404141
1.6612 , 0.046087 , 0.0423781 , 0.0433262 , 0.0398789
1.6616 , 0.0454647 , 0.0418044 , 0.0427438 , 0.0393421
1.662 , 0.0448405 , 0.041229 , 0.0421597 , 0.0388038
1.6624 , 0.0442145 , 0.040652 , 0.0415738 , 0.0382639
1.6628 , 0.0435867 , 0.0400733 , 0.0409863 , 0.0377225
1.6632 , 0.0429571 , 0.0394931 , 0.0403972 , 0.0371796
1.6636 , 0.0423258 , 0.0389113 , 0.0398064 , 0.0366353
1.664 , 0.0416927 , 0.0383279 , 0.039214 , 0.0360895
1.6644 , 0.041058 , 0.037743 , 0.0386201 , 0.0355423
1.6648 , 0.0404216 , 0.0371565 , 0.0380246 , 0.0349936
1.6652 , 0.0397835 , 0.0365686 , 0.0374275 , 0.0344436
1.6656 , 0.0391439 , 0.0359792 , 0.036829 , 0.0338923
1.666 , 0.0385026 , 0.0353884 , 0.036229 , 0.0333396
1.6664 , 0.0378598 , 0.0347962 , 0.0356276 , 0.0327855
1.6668 , 0.0372155 , 0.0342026 , 0.0350247 , 0.0322302
1.6672 , 0.0365696 , 0.0336076 , 0.0344204 , 0.0316736
1.6676 , 0.0359222 , 0.0330112 , 0.0338147 , 0.0311158
1.668 , 0.0352734 , 0.0324136 , 0.0332077 , 0.0305567
1.6684 , 0.0346231 , 0.0318146 , 0.0325993 , 0.0299965
1.6688 , 0.0339715 , 0.0312144 , 0.0319896 , 0.029435
1.6692 , 0.0333184 , 0.0306129 , 0.0313787 , 0.0288724
1.6696 , 0.032664 , 0.0300102 , 0.0307665 , 0.0283087
1.67 , 0.0320083 , 0.0294063 , 0.030153 , 0.0277438
1.6704 , 0.0313512 , 0.0288012 , 0.0295384 , 0.0271778
1.6708 , 0.0306929 , 0.028195 , 0.0289225 , 0.0266108
1.6712 , 0.0300333 , 0.0275876 , 0.0283055 , 0.0260427
1.6716 , 0.0293725 , 0.0269792 , 0.0276874 , 0.0254737
1.672 , 0.0287104 , 0.0263696 , 0.0270681 , 0.0249036
1.6724 , 0.0280473 , 0.025759 , 0.0264477 , 0.0243325
1.6728 , 0.0273829 , 0.0251474 , 0.0258263 , 0.0237605
1.6732 , 0.0267175 , 0.0245348 , 0.0252039 , 0.0231875
1.6736 , 0.0260509 , 0.0239212 , 0.0245804 , 0.0226136
1.674 , 0.0253833 , 0.0233066 , 0.023956 , 0.0220389
1.6744 , 0.0247146 , 0.0226911 , 0.0233306 , 0.0214633
1.6748 , 0.0240449 , 0.0220747 , 0.0227042 , 0.0208868
1.6752 , 0.0233743 , 0.0214574 , 0.0220769 , 0.0203095
1.6756 , 0.0227026 , 0.0208393 , 0.0214488 , 0.0197315
1.676 , 0.02203 , 0.0202203 , 0.0208198 , 0.0191526
1.6764 , 0.0213566 , 0.0196005 , 0.0201899 , 0.0185731
1.6768 , 0.0206822 , 0.0189799 , 0.0195592 , 0.0179927
1.6772 , 0.020007 , 0.0183586 , 0.0189278 , 0.0174117
1.6776 , 0.019331 , 0.0177365 , 0.0182956 , 0.0168301
1.678 , 0.0186541 , 0.0171137 , 0.0176626 , 0.0162477
1.6784 , 0.0179765 , 0.0164903 , 0.017029 , 0.0156647
1.6788 , 0.0172981 , 0.0158661 , 0.0163946 , 0.0150812
1.6792 , 0.0166191 , 0.0152414 , 0.0157596 , 0.014497
1.6796 , 0.0159393 , 0.014616 , 0.0151239 , 0.0139123
1.68 , 0.0152589 , 0.0139901 , 0.0144877 , 0.013327
1.6804 , 0.0145778 , 0.0133635 , 0.0138508 , 0.0127412
1.6808 , 0.0138961 , 0.0127365 , 0.0132134 , 0.0121549
1.6812 , 0.0132138 , 0.0121089 , 0.0125755 , 0.0115682
1.6816 , 0.012531 , 0.0114809 , 0.0119371 , 0.010981
1.682 , 0.0118477 , 0.0108524 , 0.0112981 , 0.0103934
1.6824 , 0.0111638 , 0.0102235 , 0.0106588 , 0.00980542
1.6828 , 0.0104795 , 0.00959412 , 0.0100189 , 0.00921704
1.6832 , 0.00979472 , 0.00896439 , 0.00937873 , 0.00862832
1.6836 , 0.00910953 , 0.00833431 , 0.00873813 , 0.00803927
1.684 , 0.00842395 , 0.00770389 , 0.00809717 , 0.00744992
1.6844 , 0.007738 , 0.00707316 , 0.00745589 , 0.00686029
1.6848 , 0.00705172 , 0.00644215 , 0.0068143 , 0.0062704
1.6852 , 0.00636512 , 0.00581088 , 0.00617244 , 0.00568029
1.6856 , 0.00567825 , 0.00517938 , 0.00553032 , 0.00508996
1.686 , 0.00499112 , 0.00454768 , 0.00488798 , 0.00449945
1.6864 , 0.00430376 , 0.00391579 , 0.00424543 , 0.00390877
1.6868 , 0.0036162 , 0.00328374 , 0.00360271 , 0.00331796
1.6872 , 0.00292847 , 0.00265156 , 0.00295984 , 0.00272704
1.6876 , 0.0022406 , 0.00201928 , 0.00231685 , 0.00213603
1.688 , 0.00155261 , 0.00138692 , 0.00167376 , 0.00154495
1.6884 , 0.000864526 , 0.000754498 , 0.0010306 , 0.000953823
1.6888 , 0.000176383 , 0.000122049 , 0.000387394 , 0.000362681
1.6892 , -0.000511794 , -0.000510405 , -0.000255835 , -0.000228458
1.6896 , -0.00119998 , -0.00114284 , -0.000899059 , -0.000819568
1.69 , -0.00188814 , -0.00177523 , -0.00154225 , -0.00141063
1.6904 , -0.00257626 , -0.00240754 , -0.00218539 , -0.00200161
1.6908 , -0.0032643 , -0.00303977 , -0.00282844 , -0.00259249
1.6912 , -0.00395224 , -0.00367187 , -0.00347139 , -0.00318325
1.6916 , -0.00464004 , -0.00430382 , -0.0041142 , -0.00377387
1.692 , -0.00532769 , -0.0049356 , -0.00475685 , -0.00436432
1.6924 , -0.00601516 , -0.00556718 , -0.00539932 , -0.00495457
1.6928 , -0.00670241 , -0.00619854 , -0.00604158 , -0.0055446
1.6932 , -0.00738942 , -0.00682965 , -0.0066836 , -0.0061344
1.6936 , -0.00807616 , -0.00746049 , -0.00732536 , -0.00672393
1.694 , -0.0087626 , -0.00809103 , -0.00796683 , -0.00731317
1.6944 , -0.00944873 , -0.00872125 , -0.00860798 , -0.0079021
1.6948 , -0.0101345 , -0.00935112 , -0.0092488 , -0.0084907
1.6952 , -0.0108199 , -0.00998061 , -0.00988925 , -0.00907893
1.6956 , -0.0115049 , -0.0106097 , -0.0105293 , -0.00966679
1.696 , -0.0121894 , -0.0112384 , -0.011169 , -0.0102542
1.6964 , -0.0128735 , -0.0118666 , -0.0118082 , -0.0108413
1.6968 , -0.0135571 , -0.0124943 , -0.0124469 , -0.0114278
1.6972 , -0.0142402 , -0.0131216 , -0.0130851 , -0.0120139
1.6976 , -0.0149228 , -0.0137483 , -0.0137229 , -0.0125995
1.698 , -0.0156048 , -0.0143745 , -0.0143601 , -0.0131846
1.6984 , -0.0162862 , -0.0150001 , -0.0149967 , -0.0137691
1.6988 , -0.0169669 , -0.0156251 , -0.0156327 , -0.0143531
1.6992 , -0.017647 , -0.0162494 , -0.0162681 , -0.0149364
1.6996 , -0.0183265 , -0.0168732 , -0.0169028 , -0.0155192
1.7 , -0.0190052 , -0.0174962 , -0.0175369 , -0.0161013
1.7004 , -0.0196832 , -0.0181186 , -0.0181703 , -0.0166827
1.7008 , -0.0203604 , -0.0187402 , -0.018803 , -0.0172635
1.7012 , -0.0210368 , -0.0193611 , -0.0194349 , -0.0178435
1.7016 , -0.0217125 , -0.0199812 , -0.020066 , -0.0184228
1.702 , -0.0223873 , -0.0206005 , -0.0206964 , -0.0190014
1.7024 , -0.0230612 , -0.0212189 , -0.0213259 , -0.0195792
1.7028 , -0.0237342 , -0.0218366 , -0.0219546 , -0.0201562
1.7032 , -0.0244063 , -0.0224533 , -0.0225824 , -0.0207323
1.7036 , -0.0250775 , -0.0230692 , -0.0232093 , -0.0213076
1.704 , -0.0257476 , -0.0236841 , -0.0238353 , -0.0218821
1.7044 , -0.0264168 , -0.0242981 , -0.0244603 , -0.0224556
1.7048 , -0.027085 , -0.0249111 , -0.0250844 , -0.0230283
1.7052 , -0.027752 , -0.0255231 , -0.0257074 , -0.0235999
1.7056 , -0.028418 , -0.0261341 , -0.0263294 , -0.0241707
1.706 , -0.0290829 , -0.0267441 , -0.0269504 , -0.0247404
1.7064 , -0.0297467 , -0.0273529 , -0.0275704 , -0.0253091
1.7068 , -0.0304093 , -0.0279607 , -0.0281892 , -0.0258768
1.7072 , -0.0310707 , -0.0285674 , -0.0288069 , -0.0264435
1.7076 , -0.0317309 , -0.0291729 , -0.0294234 , -0.0270091
1.708 , -0.0323898 , -0.0297773 , -0.0300388 , -0.0275735
1.7084 , -0.0330475 , -0.0303804 , -0.030653 , -0.0281369
1.7088 , -0.0337039 , -0.0309824 , -0.0312659 , -0.0286991
1.7092 , -0.0343589 , -0.0315831 , -0.0318776 , -0.0292602
1.7096 , -0.0350126 , -0.0321826 , -0.0324881 , -0.02982
1.71 , -0.035665 , -0.0327807 , -0.0330972 , -0.0303787
1.7104 , -0.0363159 , -0.0333776 , -0.0337051 , -0.0309361
1.7108 , -0.0369654 , -0.0339731 , -0.0343115 , -0.0314922
1.7112 , -0.0376135 , -0.0345672 , -0.0349167 , -0.0320471
1.7116 , -0.03826 , -0.03516 , -0.0355204 , -0.0326007
1.712 , -0.0389051 , -0.0357514 , -0.0361227 , -0.0331529
1.7124 , -0.0395487 , -0.0363413 , -0.0367236 , -0.0337039
1.7128 , -0.0401906 , -0.0369298 , -0.037323 , -0.0342534
1.7132 , -0.040831 , -0.0375168 , -0.0379209 , -0.0348016
1.7136 , -0.0414698 , -0.0381023 , -0.0385173 , -0.0353483
1.714 , -0.042107 , -0.0386863 , -0.0391122 , -0.0358936
1.7144 , -0.0427425 , -0.0392687 , -0.0397055 , -0.0364375
1.7148 , -0.0433763 , -0.0398496 , -0.0402972 , -0.0369799
1.7152 , -0.0440084 , -0.0404289 , -0.0408873 , -0.0375208
1.7156 , -0.0446388 , -0.0410065 , -0.0414758 , -0.0380602
1.716 , -0.0452674 , -0.0415825 , -0.0420626 , -0.038598
1.7164 , -0.0458943 , -0.0421569 , -0.0426478 , -0.0391343
1.7168 , -0.0465193 , -0.0427295 , -0.0432313 , -0.039669
1.7172 , -0.0471425 , -0.0433005 , -0.043813 , -0.0402021
1.7176 , -0.0477638 , -0.0438697 , -0.044393 , -0.0407335
1.718 , -0.0483832 , -0.0444372 , -0.0449712 , -0.0412634
1.7184 , -0.0490007 , -0.0450029 , -0.0455476 , -0.0417915
1.7188 , -0.0496163 , -0.0455668 , -0.0461222 , -0.042318
1.7192 , -0.05023 , -0.0461288 , -0.046695 , -0.0428427
1.7196 , -0.0508416 , -0.046689 , -0.0472659 , -0.0433658
1.72 , -0.0514512 , -0.0472474 , -0.0478349 , -0.043887
1.7204 , -0.0520588 , -0.0478039 , -0.048402 , -0.0444065
1.7208 , -0.0526644 , -0.0483584 , -0.0489671 , -0.0449242
1.7212 , -0.0532678 , -0.048911 , -0.0495304 , -0.0454401
1.7216 , -0.0538692 , -0.0494617 , -0.0500916 , -0.0459542
1.722 , -0.0544684 , -0.0500104 , -0.0506508 , -0.0464664
1.7224 , -0.0550655 , -0.050557 , -0.0512081 , -0.0469767
1.7228 , -0.0556604 , -0.0511017 , -0.0517632 , -0.0474852
1.7232 , -0.0562531 , -0.0516443 , -0.0523163 , -0.0479917
1.7236 , -0.0568435 , -0.0521849 , -0.0528674 , -0.0484963
1.724 , -0.0574317 , -0.0527233 , -0.0534163 , -0.0489989
1.7244 , -0.0580177 , -0.0532597 , -0.053963 , -0.0494995
1.7248 , -0.0586013 , -0.0537939 , -0.0545077 , -0.0499982
1.7252 , -0.0591826 , -0.054326 , -0.0550501 , -0.0504948
1.7256 , -0.0597616 , -0.0548559 , -0.0555904 , -0.0509894
1.726 , -0.0603382 , -0.0553836 , -0.0561284 , -0.051482
1.7264 , -0.0609124 , -0.0559091 , -0.0566642 , -0.0519725
1.7268 , -0.0614842 , -0.0564323 , -0.0571977 , -0.0524608
1.7272 , -0.0620536 , -0.0569533 , -0.057729 , -0.0529471
1.7276 , -0.0626205 , -0.057472 , -0.0582579 , -0.0534312
1.728 , -0.063185 , -0.0579885 , -0.0587845 , -0.0539132
1.7284 , -0.0637469 , -0.0585026 , -0.0593088 , -0.054393
1.7288 , -0.0643063 , -0.0590143 , -0.0598307 , -0.0548706
1.7292 , -0.0648631 , -0.0595237 , -0.0603502 , -0.055346
1.7296 , -0.0654174 , -0.0600307 , -0.0608673 , -0.0558192
1.73 , -0.0659691 , -0.0605353 , -0.0613819 , -0.0562901
1.7304 , -0.0665181 , -0.0610375 , -0.0618942 , -0.0567588
1.7308 , -0.0670645 , -0.0615373 , -0.0624039 , -0.0572252
1.7312 , -0.0676083 , -0.0620346 , -0.0629112 , -0.0576893
1.7316 , -0.0681494 , -0.0625294 , -0.0634159 , -0.058151
1.732 , -0.0686878 , -0.0630217 , -0.0639181 , -0.0586104
1.7324 , -0.0692234 , -0.0635115 , -0.0644178 , -0.0590675
1.7328 , -0.0697563 , -0.0639987 , -0.0649149 , -0.0595221
1.7332 , -0.0702864 , -0.0644834 , -0.0654093 , -0.0599744
1.7336 , -0.0708138 , -0.0649655 , -0.0659012 , -0.0604243
1.734 , -0.0713383 , -0.065445 , -0.0663905 , -0.0608717
1.7344 , -0.07186 , -0.0659219 , -0.0668771 , -0.0613167
1.7348 , -0.0723789 , -0.0663962 , -0.067361 , -0.0617592
1.7352 , -0.0728948 , -0.0668678 , -0.0678422 , -0.0621992
1.7356 , -0.0734079 , -0.0673367 , -0.0683207 , -0.0626368
1.736 , -0.0739181 , -0.0678029 , -0.0687965 , -0.0630718
1.7364 , -0.0744253 , -0.0682665 , -0.0692696 , -0.0635043
1.7368 , -0.0749296 , -0.0687272 , -0.0697399 , -0.0639342
1.7372 , -0.0754308 , -0.0691853 , -0.0702073 , -0.0643615
1.7376 , -0.0759291 , -0.0696406 , -0.070672 , -0.0647863
1.738 , -0.0764244 , -0.070093 , -0.0711339 , -0.0652085
1.7384 , -0.0769166 , -0.0705427 , -0.0715929 , -0.065628
1.7388 , -0.0774058 , -0.0709896 , -0.0720491 , -0.0660449
1.7392 , -0.0778919 , -0.0714336 , -0.0725024 , -0.0664591
1.7396 , -0.0783749 , -0.0718748 , -0.0729528 , -0.0668707
1.74 , -0.0788548 , -0.0723131 , -0.0734002 , -0.0672796
1.7404 , -0.0793316 , -0.0727484 , -0.0738448 , -0.0676858
1.7408 , -0.0798052 , -0.0731809 , -0.0742864 , -0.0680892
1.7412 , -0.0802756 , -0.0736105 , -0.074725 , -0.0684899
1.7416 , -0.0807429 , -0.0740371 , -0.0751606 , -0.0688879
1.742 , -0.0812069 , -0.0744608 , -0.0755933 , -0.0692831
1.7424 , -0.0816677 , -0.0748814 , -0.0760229 , -0.0696755
1.7428 , -0.0821252 , -0.0752991 , -0.0764495 , -0.0700651
1.7432 , -0.0825795 , -0.0757138 , -0.076873 , -0.0704519
1.7436 , -0.0830305 , -0.0761254 , -0.0772934 , -0.0708359
1.744 , -0.0834782 , -0.076534 , -0.0777108 , -0.071217
1.7444 , -0.0839226 , -0.0769395 , -0.078125 , -0.0715953
1.7448 , -0.0843636 , -0.077342 , -0.0785362 , -0.0719707
1.7452 , -0.0848013 , -0.0777414 , -0.0789442 , -0.0723432
1.7456 , -0.0852356 , -0.0781376 , -0.079349 , -0.0727128
1.746 , -0.0856665 , -0.0785307 , -0.0797507 , -0.0730794
1.7464 , -0.086094 , -0.0789207 , -0.0801492 , -0.0734432
1.7468 , -0.0865181 , -0.0793075 , -0.0805445 , -0.073804
1.7472 , -0.0869387 , -0.0796912 , -0.0809365 , -0.0741618
1.7476 , -0.0873559 , -0.0800717 , -0.0813254 , -0.0745166
1.748 , -0.0877696 , -0.0804489 , -0.0817109 , -0.0748685
1.7484 , -0.0881798 , -0.080823 , -0.0820933 , -0.0752173
1.7488 , -0.0885864 , -0.0811938 , -0.0824723 , -0.0755632
1.7492 , -0.0889896 , -0.0815614 , -0.082848 , -0.075906
1.7496 , -0.0893892 , -0.0819257 , -0.0832205 , -0.0762457
1.75 , -0.0897853 , -0.0822867 , -0.0835896 , -0.0765824
1.7504 , -0.0901778 , -0.0826444 , -0.0839553 , -0.076916
1.7508 , -0.0905666 , -0.0829989 , -0.0843177 , -0.0772465
1.7512 , -0.0909519 , -0.08335 , -0.0846768 , -0.077574
1.7516 , -0.0913336 , -0.0836977 , -0.0850324 , -0.0778983
1.752 , -0.0917116 , -0.0840422 , -0.0853847 , -0.0782195
1.7524 , -0.092086 , -0.0843832 , -0.0857335 , -0.0785375
1.7528 , -0.0924567 , -0.0847209 , -0.0860789 , -0.0788524
1.7532 , -0.0928237 , -0.0850552 , -0.0864209 , -0.0791641
1.7536 , -0.093187 , -0.0853861 , -0.0867594 , -0.0794727
1.754 , -0.0935466 , -0.0857136 , -0.0870945 , -0.0797781
1.7544 , -0.0939025 , -0.0860377 , -0.087426 , -0.0800802
1.7548 , -0.0942546 , -0.0863583 , -0.0877541 , -0.0803792
1.7552 , -0.094603 , -0.0866754 , -0.0880787 , -0.0806749
1.7556 , -0.0949476 , -0.0869891 , -0.0883997 , -0.0809674
1.756 , -0.0952884 , -0.0872993 , -0.0887172 , -0.0812566
1.7564 , -0.0956255 , -0.0876061 , -0.0890312 , -0.0815426
1.7568 , -0.0959587 , -0.0879093 , -0.0893416 , -0.0818253
1.7572 , -0.0962881 , -0.088209 , -0.0896485 , -0.0821048
1.7576 , -0.0966136 , -0.0885052 , -0.0899517 , -0.0823809
1.758 , -0.0969353 , -0.0887978 , -0.0902514 , -0.0826538
1.7584 , -0.0972532 , -0.0890869 , -0.0905474 , -0.0829233
1.7588 , -0.0975671 , -0.0893724 , -0.0908399 , -0.0831895
1.7592 , -0.0978772 , -0.0896543 , -0.0911287 , -0.0834523
1.7596 , -0.0981834 , -0.0899327 , -0.0914138 , -0.0837118
1.76 , -0.0984856 , -0.0902074 , -0.0916953 , -0.083968
1.7604 , -0.0987839 , -0.0904786 , -0.0919732 , -0.0842208
1.7608 , -0.0990783 , -0.0907461 , -0.0922473 , -0.0844702
1.7612 , -0.0993687 , -0.09101 , -0.0925178 , -0.0847162
1.7616 , -0.0996552 , -0.0912703 , -0.0927846 , -0.0849588
1.762 , -0.0999377 , -0.0915269 , -0.0930476 , -0.0851981
1.7624 , -0.100216 , -0.0917798 , -0.093307 , -0.0854339
1.7628 , -0.100491 , -0.0920291 , -0.0935626 , -0.0856662
1.7632 , -0.100761 , -0.0922747 , -0.0938145 , -0.0858952
1.7636 , -0.101028 , -0.0925166 , -0.0940626 , -0.0861207
1.764 , -0.10129 , -0.0927548 , -0.094307 , -0.0863428
1.7644 , -0.101549 , -0.0929893 , -0.0945476 , -0.0865613
1.7648 , -0.101803 , -0.0932201 , -0.0947844 , -0.0867765
1.7652 , -0.102053 , -0.0934471 , -0.0950174 , -0.0869881
1.7656 , -0.102299 , -0.0936705 , -0.0952466 , -0.0871963
1.766 , -0.102542 , -0.09389 , -0.095472 , -0.0874009
1.7664 , -0.10278 , -0.0941058 , -0.0956936 , -0.0876021
1.7668 , -0.103014 , -0.0943179 , -0.0959114 , -0.0877997
1.7672 , -0.103243 , -0.0945261 , -0.0961254 , -0.0879939
1.7676 , -0.103469 , -0.0947306 , -0.0963355 , -0.0881845
1.768 , -0.103691 , -0.0949313 , -0.0965417 , -0.0883716
1.7684 , -0.103908 , -0.0951282 , -0.0967441 , -0.0885551
1.7688 , -0.104122 , -0.0953213 , -0.0969426 , -0.0887351
1.7692 , -0.104331 , -0.0955106 , -0.0971372 , -0.0889115
1.7696 , -0.104536 , -0.0956961 , -0.097328 , -0.0890844
1.77 , -0.104736 , -0.0958777 , -0.0975149 , -0.0892537
1.7704 , -0.104933 , -0.0960555 , -0.0976978 , -0.0894194
1.7708 , -0.105126 , -0.0962295 , -0.0978769 , -0.0895815
1.7712 , -0.105314 , -0.0963996 , -0.098052 , -0.0897401
1.7716 , -0.105498 , -0.0965658 , -0.0982233 , -0.089895
1.772 , -0.105678 , -0.0967282 , -0.0983906 , -0.0900464
1.7724 , -0.105853 , -0.0968867 , -0.0985539 , -0.0901942
1.7728 , -0.106025 , -0.0970414 , -0.0987133 , -0.0903383
1.7732 , -0.106192 , -0.0971921 , -0.0988688 , -0.0904788
1.7736 , -0.106355 , -0.097339 , -0.0990203 , -0.0906157
1.774 , -0.106513 , -0.097482 , -0.0991679 , -0.090749
1.7744 , -0.106668 , -0.0976211 , -0.0993115 , -0.0908786
1.7748 , -0.106818 , -0.0977563 , -0.0994511 , -0.0910046
1.7752 , -0.106964 , -0.0978875 , -0.0995868 , -0.091127
1.7756 , -0.107105 , -0.0980149 , -0.0997184 , -0.0912457
1.776 , -0.107243 , -0.0981383 , -0.0998461 , -0.0913607
1.7764 , -0.107376 , -0.0982578 , -0.0999698 , -0.0914721
1.7768 , -0.107504 , -0.0983734 , -0.100089 , -0.0915798
1.7772 , -0.107629 , -0.098485 , -0.100205 , -0.0916839
1.7776 , -0.107749 , -0.0985927 , -0.100317 , -0.0917843
1.778 , -0.107865 , -0.0986965 , -0.100425 , -0.091881
1.7784 , -0.107976 , -0.0987963 , -0.100528 , -0.091974
1.7788 , -0.108084 , -0.0988922 , -0.100628 , -0.0920634
1.7792 , -0.108186 , -0.0989841 , -0.100723 , -0.092149
1.7796 , -0.108285 , -0.099072 , -0.100815 , -0.092231
1.78 , -0.108379 , -0.099156 , -0.100903 , -0.0923093
1.7804 , -0.108469 , -0.099236 , -0.100986 , -0.0923839
1.7808 , -0.108555 , -0.099312 , -0.101066 , -0.0924548
1.7812 , -0.108636 , -0.0993841 , -0.101141 , -0.092522
1.7816 , -0.108713 , -0.0994522 , -0.101212 , -0.0925855
1.782 , -0.108786 , -0.0995163 , -0.10128 , -0.0926453
1.7824 , -0.108854 , -0.0995765 , -0.101343 , -0.0927014
1.7828 , -0.108918 , -0.0996326 , -0.101402 , -0.0927537
1.7832 , -0.108977 , -0.0996848 , -0.101457 , -0.0928024
1.7836 , -0.109032 , -0.099733 , -0.101508 , -0.0928473
1.784 , -0.109083 , -0.0997772 , -0.101556 , -0.0928886
1.7844 , -0.109129 , -0.0998174 , -0.101599 , -0.0929261
1.7848 , -0.109172 , -0.0998536 , -0.101637 , -0.0929599
1.7852 , -0.109209 , -0.0998858 , -0.101672 , -0.09299
1.7856 , -0.109243 , -0.099914 , -0.101703 , -0.0930163
1.786 , -0.109272 , -0.0999382 , -0.10173 , -0.093039
1.7864 , -0.109296 , -0.0999585 , -0.101753 , -0.0930579
1.7868 , -0.109316 , -0.0999747 , -0.101771 , -0.0930731
1.7872 , -0.109332 , -0.0999869 , -0.101786 , -0.0930845
1.7876 , -0.109344 , -0.0999951 , -0.101796 , -0.0930923
1.788 , -0.109351 , -0.0999994 , -0.101802 , -0.0930963
1.7884 , -0.109353 , -0.0999996 , -0.101805 , -0.0930966
1.7888 , -0.109352 , -0.0999958 , -0.101803 , -0.0930931
1.7892 , -0.109346 , -0.0999881 , -0.101797 , -0.093086
1.7896 , -0.109335 , -0.0999763 , -0.101787 , -0.0930751
1.79 , -0.109321 , -0.0999605 , -0.101773 , -0.0930605
1.7904 , -0.109302 , -0.0999408 , -0.101755 , -0.0930422
1.7908 , -0.109278 , -0.099917 , -0.101733 , -0.0930202
1.7912 , -0.10925 , -0.0998892 , -0.101707 , -0.0929944
1.7916 , -0.109218 , -0.0998575 , -0.101677 , -0.0929649
1.792 , -0.109181 , -0.0998217 , -0.101642 , -0.0929317
1.7924 , -0.10914 , -0.099782 , -0.101604 , -0.0928948
1.7928 , -0.109095 , -0.0997382 , -0.101562 , -0.0928542
1.7932 , -0.109045 , -0.0996905 , -0.101515 , -0.0928098
1.7936 , -0.108991 , -0.0996388 , -0.101464 , -0.0927618
1.794 , -0.108933 , -0.0995831 , -0.10141 , -0.09271
1.7944 , -0.10887 , -0.0995234 , -0.101351 , -0.0926545
1.7948 , -0.108803 , -0.0994598 , -0.101288 , -0.0925954
1.7952 , -0.108731 , -0.0993921 , -0.101222 , -0.0925325
1.7956 , -0.108655 , -0.0993205 , -0.101151 , -0.0924659
1.796 , -0.108575 , -0.0992449 , -0.101076 , -0.0923957
1.7964 , -0.10849 , -0.0991654 , -0.100997 , -0.0923217
1.7968 , -0.108402 , -0.0990818 , -0.100914 , -0.092244
1.7972 , -0.108308 , -0.0989943 , -0.100827 , -0.0921627
1.7976 , -0.108211 , -0.0989029 , -0.100736 , -0.0920777
1.798 , -0.108109 , -0.0988075 , -0.100641 , -0.091989
1.7984 , -0.108003 , -0.0987081 , -0.100542 , -0.0918966
1.7988 , -0.107892 , -0.0986048 , -0.100438 , -0.0918005
1.7992 , -0.107777 , -0.0984976 , -0.100331 , -0.0917008
1.7996 , -0.107658 , -0.0983864 , -0.10022 , -0.0915974
1.8 , -0.107534 , -0.0982712 , -0.100105 , -0.0914904
1.8004 , -0.107406 , -0.0981522 , -0.0999858 , -0.0913797
1.8008 , -0.107274 , -0.0980292 , -0.0998626 , -0.0912653
1.8012 , -0.107138 , -0.0979023 , -0.0997355 , -0.0911473
1.8016 , -0.106997 , -0.0977715 , -0.0996043 , -0.0910257
1.802 , -0.106852 , -0.0976368 , -0.0994691 , -0.0909004
1.8024 , -0.106703 , -0.0974981 , -0.09933 , -0.0907715
1.8028 , -0.106549 , -0.0973556 , -0.0991869 , -0.0906389
1.8032 , -0.106392 , -0.0972092 , -0.0990398 , -0.0905028
1.8036 , -0.106229 , -0.0970588 , -0.0988888 , -0.090363
1.804 , -0.106063 , -0.0969046 , -0.0987338 , -0.0902196
1.8044 , -0.105893 , -0.0967466 , -0.0985749 , -0.0900726
1.8048 , -0.105718 , -0.0965846 , -0.098412 , -0.089922
1.8052 , -0.105539 , -0.0964188 , -0.0982451 , -0.0897678
1.8056 , -0.105355 , -0.0962491 , -0.0980744 , -0.0896101
1.806 , -0.105168 , -0.0960756 , -0.0978997 , -0.0894487
1.8064 , -0.104976 , -0.0958983 , -0.0977211 , -0.0892838
1.8068 , -0.10478 , -0.0957171 , -0.0975386 , -0.0891153
1.8072 , -0.10458 , -0.095532 , -0.0973522 , -0.0889433
1.8076 , -0.104376 , -0.0953432 , -0.0971619 , -0.0887677
1.808 , -0.104167 , -0.0951505 , -0.0969677 , -0.0885885
1.8084 , -0.103954 , -0.0949541 , -0.0967696 , -0.0884058
1.8088 , -0.103738 , -0.0947538 , -0.0965677 , -0.0882196
1.8092 , -0.103517 , -0.0945497 , -0.0963619 , -0.0880299
1.8096 , -0.103291 , -0.0943419 , -0.0961522 , -0.0878367
1.81 , -0.103062 , -0.0941303 , -0.0959387 , -0.0876399
1.8104 , -0.102829 , -0.0939149 , -0.0957213 , -0.0874396
1.8108 , -0.102591 , -0.0936958 , -0.0955001 , -0.0872359
1.8112 , -0.102349 , -0.0934729 , -0.0952751 , -0.0870287
1.8116 , -0.102104 , -0.0932463 , -0.0950463 , -0.086818
1.812 , -0.101854 , -0.0930159 , -0.0948137 , -0.0866038
1.8124 , -0.1016 , -0.0927819 , -0.0945773 , -0.0863862
1.8128 , -0.101342 , -0.0925441 , -0.0943371 , -0.0861651
1.8132 , -0.10108 , -0.0923026 , -0.0940931 , -0.0859406
1.8136 , -0.100814 , -0.0920574 , -0.0938453 , -0.0857126
1.814 , -0.100543 , -0.0918086 , -0.0935938 , -0.0854813
1.8144 , -0.100269 , -0.0915561 , -0.0933386 , -0.0852465
1.8148 , -0.0999909 , -0.0912999 , -0.0930796 , -0.0850083
1.8152 , -0.0997087 , -0.09104 , -0.0928169 , -0.0847667
1.8156 , -0.0994224 , -0.0907765 , -0.0925505 , -0.0845218
1.816 , -0.0991322 , -0.0905094 , -0.0922803 , -0.0842735
1.8164 , -0.098838 , -0.0902387 , -0.0920065 , -0.0840218
1.8168 , -0.0985398 , -0.0899643 , -0.091729 , -0.0837667
1.8172 , -0.0982377 , -0.0896864 , -0.0914478 , -0.0835083
1.8176 , -0.0979316 , -0.0894049 , -0.091163 , -0.0832466
1.818 , -0.0976216 , -0.0891198 , -0.0908745 , -0.0829816
1.8184 , -0.0973077 , -0.0888311 , -0.0905824 , -0.0827132
1.8188 , -0.0969898 , -0.0885389 , -0.0902867 , -0.0824416
1.8192 , -0.0966681 , -0.0882431 , -0.0899873 , -0.0821666
1.8196 , -0.0963425 , -0.0879438 , -0.0896843 , -0.0818884
1.82 , -0.096013 , -0.087641 , -0.0893778 , -0.0816069
1.8204 , -0.0956797 , -0.0873347 , -0.0890677 , -0.0813222
1.8208 , -0.0953425 , -0.0870248 , -0.088754 , -0.0810342
1.8212 , -0.0950016 , -0.0867115 , -0.0884367 , -0.080743
1.8216 , -0.0946567 , -0.0863948 , -0.0881159 , -0.0804486
1.822 , -0.0943081 , -0.0860746 , -0.0877916 , -0.0801509
1.8224 , -0.0939558 , -0.0857509 , -0.0874638 , -0.0798501
1.8228 , -0.0935996 , -0.0854238 , -0.0871325 , -0.0795461
1.8232 , -0.0932397 , -0.0850933 , -0.0867977 , -0.0792389
1.8236 , -0.092876 , -0.0847594 , -0.0864594 , -0.0789285
1.824 , -0.0925086 , -0.0844221 , -0.0861176 , -0.078615
1.8244 , -0.0921375 , -0.0840814 , -0.0857724 , -0.0782984
1.8248 , -0.0917627 , -0.0837374 , -0.0854238 , -0.0779786
1.8252 , -0.0913842 , -0.08339 , -0.0850717 , -0.0776557
1.8256 , -0.091002 , -0.0830392 , -0.0847163 , -0.0773298
1.826 , -0.0906162 , -0.0826852 , -0.0843574 , -0.0770007
1.8264 , -0.0902268 , -0.0823278 , -0.0839952 , -0.0766686
1.8268 , -0.0898337 , -0.0819672 , -0.0836296 , -0.0763334
1.8272 , -0.089437 , -0.0816033 , -0.0832607 , -0.0759952
1.8276 , -0.0890367 , -0.0812361 , -0.0828884 , -0.075654
1.828 , -0.0886328 , -0.0808656 , -0.0825128 , -0.0753097
1.8284 , -0.0882254 , -0.0804919 , -0.0821339 , -0.0749625
1.8288 , -0.0878144 , -0.080115 , -0.0817517 , -0.0746122
1.8292 , -0.0873999 , -0.0797349 , -0.0813663 , -0.074259
1.8296 , -0.0869819 , -0.0793517 , -0.0809776 , -0.0739028
1.83 , -0.0865604 , -0.0789652 , -0.0805856 , -0.0735437
1.8304 , -0.0861354 , -0.0785756 , -0.0801904 , -0.0731816
1.8308 , -0.0857069 , -0.0781828 , -0.079792 , -0.0728167
1.8312 , -0.0852751 , -0.0777869 , -0.0793904 , -0.0724488
1.8316 , -0.0848397 , -0.0773879 , -0.0789857 , -0.072078
1.832 , -0.084401 , -0.0769858 , -0.0785777 , -0.0717044
1.8324 , -0.0839589 , -0.0765806 , -0.0781667 , -0.0713279
1.8328 , -0.0835134 , -0.0761724 , -0.0777525 , -0.0709486
1.8332 , -0.0830645 , -0.0757611 , -0.0773351 , -0.0705664
1.8336 , -0.0826123 , -0.0753468 , -0.0769147 , -0.0701815
1.834 , -0.0821568 , -0.0749294 , -0.0764912 , -0.0697937
1.8344 , -0.0816979 , -0.0745091 , -0.0760647 , -0.0694032
1.8348 , -0.0812358 , -0.0740858 , -0.0756351 , -0.0690099
1.8352 , -0.0807704 , -0.0736595 , -0.0752024 , -0.0686138
1.8356 , -0.0803018 , -0.0732303 , -0.0747668 , -0.0682151
1.836 , -0.0798299 , -0.0727981 , -0.0743282 , -0.0678136
1.8364 , -0.0793548 , -0.0723631 , -0.0738865 , -0.0674094
1.8368 , -0.0788766 , -0.0719251 , -0.073442 , -0.0670025
1.8372 , -0.0783951 , -0.0714843 , -0.0729944 , -0.066593
1.8376 , -0.0779105 , -0.0710406 , -0.072544 , -0.0661808
1.838 , -0.0774228 , -0.070594 , -0.0720907 , -0.0657659
1.8384 , -0.0769319 , -0.0701447 , -0.0716344 , -0.0653485
1.8388 , -0.076438 , -0.0696925 , -0.0711753 , -0.0649284
1.8392 , -0.075941 , -0.0692376 , -0.0707134 , -0.0645058
1.8396 , -0.0754409 , -0.0687798 , -0.0702486 , -0.0640806
1.84 , -0.0749377 , -0.0683194 , -0.069781 , -0.0636529
1.8404 , -0.0744316 , -0.0678562 , -0.0693106 , -0.0632226
1.8408 , -0.0739225 , -0.0673902 , -0.0688374 , -0.0627898
1.8412 , -0.0734104 , -0.0669216 , -0.0683615 , -0.0623545
1.8416 , -0.0728953 , -0.0664503 , -0.0678828 , -0.0619167
1.842 , -0.0723773 , -0.0659764 , -0.0674015 , -0.0614765
1.8424 , -0.0718563 , -0.0654998 , -0.0669174 , -0.0610338
1.8428 , -0.0713325 , -0.0650206 , -0.0664306 , -0.0605887
1.8432 , -0.0708058 , -0.0645388 , -0.0659412 , -0.0601412
1.8436 , -0.0702763 , -0.0640544 , -0.0654491 , -0.0596913
1.844 , -0.0697439 , -0.0635674 , -0.0649544 , -0.059239
1.8444 , -0.0692087 , -0.0630779 , -0.0644571 , -0.0587844
1.8448 , -0.0686707 , -0.0625859 , -0.0639573 , -0.0583274
1.8452 , -0.06813 , -0.0620914 , -0.0634548 , -0.0578681
1.8456 , -0.0675865 , -0.0615944 , -0.0629499 , -0.0574065
1.846 , -0.0670403 , -0.0610949 , -0.0624424 , -0.0569426
1.8464 , -0.0664914 , -0.060593 , -0.0619324 , -0.0564765
1.8468 , -0.0659397 , -0.0600886 , -0.0614199 , -0.0560081
1.8472 , -0.0653855 , -0.0595819 , -0.0609049 , -0.0555375
1.8476 , -0.0648286 , -0.0590728 , -0.0603875 , -0.0550647
1.848 , -0.0642691 , -0.0585613 , -0.0598677 , -0.0545897
1.8484 , -0.063707 , -0.0580475 , -0.0593455 , -0.0541125
1.8488 , -0.0631423 , -0.0575313 , -0.058821 , -0.0536332
1.8492 , -0.062575 , -0.0570128 , -0.058294 , -0.0531518
1.8496 , -0.0620053 , -0.0564921 , -0.0577648 , -0.0526682
1.85 , -0.061433 , -0.0559691 , -0.0572332 , -0.0521826
1.8504 , -0.0608583 , -0.0554439 , -0.0566993 , -0.0516948
1.8508 , -0.0602811 , -0.0549164 , -0.0561631 , -0.0512051
1.8512 , -0.0597015 , -0.0543868 , -0.0556247 , -0.0507133
1.8516 , -0.0591194 , -0.053855 , -0.0550841 , -0.0502195
1.852 , -0.058535 , -0.053321 , -0.0545412 , -0.0497236
1.8524 , -0.0579482 , -0.0527849 , -0.0539962 , -0.0492259
1.8528 , -0.0573591 , -0.0522467 , -0.053449 , -0.0487261
1.8532 , -0.0567676 , -0.0517063 , -0.0528997 , -0.0482245
1.8536 , -0.0561739 , -0.051164 , -0.0523482 , -0.0477209
1.854 , -0.0555778 , -0.0506195 , -0.0517947 , -0.0472154
1.8544 , -0.0549796 , -0.0500731 , -0.0512391 , -0.0467081
1.8548 , -0.0543791 , -0.0495246 , -0.0506814 , -0.0461989
1.8552 , -0.0537764 , -0.0489742 , -0.0501217 , -0.0456878
1.8556 , -0.0531715 , -0.0484218 , -0.0495599 , -0.045175
1.856 , -0.0525645 , -0.0478675 , -0.0489962 , -0.0446603
1.8564 , -0.0519554 , -0.0473112 , -0.0484306 , -0.0441439
1.8568 , -0.0513441 , -0.0467531 , -0.0478629 , -0.0436258
1.8572 , -0.0507308 , -0.0461931 , -0.0472934 , -0.0431059
1.8576 , -0.0501154 , -0.0456312 , -0.046722 , -0.0425843
1.858 , -0.049498 , -0.0450675 , -0.0461487 , -0.0420611
1.8584 , -0.0488786 , -0.0445021 , -0.0455735 , -0.0415361
1.8588 , -0.0482572 , -0.0439348 , -0.0449965 , -0.0410095
1.8592 , -0.0476339 , -0.0433658 , -0.0444177 , -0.0404813
1.8596 , -0.0470086 , -0.042795 , -0.0438372 , -0.0399515
1.86 , -0.0463814 , -0.0422225 , -0.0432548 , -0.0394201
1.8604 , -0.0457524 , -0.0416484 , -0.0426708 , -0.0388872
1.8608 , -0.0451214 , -0.0410726 , -0.042085 , -0.0383527
1.8612 , -0.0444887 , -0.0404951 , -0.0414975 , -0.0378167
1.8616 , -0.0438541 , -0.039916 , -0.0409084 , -0.0372792
1.862 , -0.0432178 , -0.0393353 , -0.0403176 , -0.0367402
1.8624 , -0.0425797 , -0.0387531 , -0.0397253 , -0.0361998
1.8628 , -0.0419399 , -0.0381693 , -0.0391313 , -0.0356579
1.8632 , -0.0412984 , -0.0375839 , -0.0385357 , -0.0351146
1.8636 , -0.0406552 , -0.0369971 , -0.0379386 , -0.03457
1.864 , -0.0400104 , -0.0364088 , -0.03734 , -0.034024
1.8644 , -0.0393639 , -0.035819 , -0.0367399 , -0.0334766
1.8648 , -0.0387158 , -0.0352278 , -0.0361383 , -0.0329279
1.8652 , -0.0380662 , -0.0346352 , -0.0355353 , -0.0323779
1.8656 , -0.037415 , -0.0340412 , -0.0349308 , -0.0318267
1.866 , -0.0367623 , -0.0334458 , -0.0343249 , -0.0312741
1.8664 , -0.036108 , -0.0328491 , -0.0337177 , -0.0307204
1.8668 , -0.0354524 , -0.0322511 , -0.0331091 , -0.0301654
1.8672 , -0.0347952 , -0.0316518 , -0.0324991 , -0.0296093
1.8676 , -0.0341367 , -0.0310513 , -0.0318879 , -0.029052
1.868 , -0.0334767 , -0.0304494 , -0.0312754 , -0.0284935
1.8684 , -0.0328154 , -0.0298464 , -0.0306616 , -0.0279339
1.8688 , -0.0321528 , -0.0292422 , -0.0300466 , -0.0273732
1.8692 , -0.0314888 , -0.0286368 , -0.0294304 , -0.0268115
1.8696 , -0.0308236 , -0.0280303 , -0.028813 , -0.0262487
1.87 , -0.0301571 , -0.0274226 , -0.0281945 , -0.0256848
1.8704 , -0.0294893 , -0.0268138 , -0.0275748 , -0.02512
1.8708 , -0.0288204 , -0.026204 , -0.026954 , -0.0245541
1.8712 , -0.0281503 , -0.0255931 , -0.0263321 , -0.0239873
1.8716 , -0.027479 , -0.0249812 , -0.0257092 , -0.0234196
1.872 , -0.0268066 , -0.0243683 , -0.0250852 , -0.0228509
1.8724 , -0.0261331 , -0.0237545 , -0.0244603 , -0.0222813
1.8728 , -0.0254585 , -0.0231396 , -0.0238343 , -0.0217109
1.8732 , -0.0247829 , -0.0225239 , -0.0232074 , -0.0211396
1.8736 , -0.0241063 , -0.0219072 , -0.0225795 , -0.0205675
1.874 , -0.0234287 , -0.0212897 , -0.0219508 , -0.0199946
1.8744 , -0.0227501 , -0.0206713 , -0.0213212 , -0.0194209
1.8748 , -0.0220705 , -0.0200521 , -0.0206907 , -0.0188464
1.8752 , -0.0213901 , -0.0194321 , -0.0200593 , -0.0182712
1.8756 , -0.0207088 , -0.0188113 , -0.0194272 , -0.0176953
1.876 , -0.0200266 , -0.0181898 , -0.0187943 , -0.0171187
1.8764 , -0.0193436 , -0.0175675 , -0.0181606 , -0.0165415
1.8768 , -0.0186598 , -0.0169446 , -0.0175262 , -0.0159636
1.8772 , -0.0179752 , -0.0163209 , -0.0168911 , -0.015385
1.8776 , -0.0172899 , -0.0156966 , -0.0162553 , -0.0148059
1.878 , -0.0166038 , -0.0150717 , -0.0156188 , -0.0142262
1.8784 , -0.0159171 , -0.0144462 , -0.0149817 , -0.013646
1.8788 , -0.0152297 , -0.0138201 , -0.0143441 , -0.0130652
1.8792 , -0.0145417 , -0.0131934 , -0.0137058 , -0.0124839
1.8796 , -0.013853 , -0.0125662 , -0.013067 , -0.0119022
1.88 , -0.0131638 , -0.0119385 , -0.0124276 , -0.01132
1.8804 , -0.012474 , -0.0113104 , -0.0117878 , -0.0107373
1.8808 , -0.0117837 , -0.0106817 , -0.0111475 , -0.0101543
1.8812 , -0.0110929 , -0.0100527 , -0.0105067 , -0.00957081
1.8816 , -0.0104016 , -0.00942324 , -0.0098655 , -0.008987
1.882 , -0.00970988 , -0.00879341 , -0.0092239 , -0.00840285
1.8824 , -0.00901774 , -0.00816323 , -0.00858193 , -0.00781838
1.8828 , -0.00832522 , -0.00753273 , -0.00793961 , -0.00723362
1.8832 , -0.00763233 , -0.00690192 , -0.00729697 , -0.00664859
1.8836 , -0.00693911 , -0.00627084 , -0.00665402 , -0.0060633
1.884 , -0.00624558 , -0.00563951 , -0.00601081 , -0.0054778
1.8844 , -0.00555178 , -0.00500795 , -0.00536735 , -0.00489209
1.8848 , -0.00485772 , -0.00437619 , -0.00472368 , -0.00430621
1.8852 , -0.00416344 , -0.00374426 , -0.0040798 , -0.00372018
1.8856 , -0.00346897 , -0.00311217 , -0.00343576 , -0.00313401
1.886 , -0.00277434 , -0.00247996 , -0.00279158 , -0.00254774
1.8864 , -0.00207956 , -0.00184766 , -0.00214728 , -0.00196138
1.8868 , -0.00138467 , -0.00121527 , -0.00150289 , -0.00137497
1.8872 , -0.000689705 , -0.000582844 , -0.000858436 , -0.000788517
1.8876 , 5.32081e-06 , 4.9609e-05 , -0.00021394 , -0.000202052
1.888 , 0.000700374 , 0.00068206 , 0.000430569 , 0.000384401
1.8884 , 0.00139543 , 0.00131448 , 0.00107507 , 0.00097082
1.8888 , 0.00209045 , 0.00194686 , 0.00171952 , 0.00155718
1.8892 , 0.00278542 , 0.00257915 , 0.00236392 , 0.00214346
1.8896 , 0.00348031 , 0.00321134 , 0.00300823 , 0.00272964
1.89 , 0.00417508 , 0.0038434 , 0.00365242 , 0.00331569
1.8904 , 0.00486971 , 0.00447531 , 0.00429647 , 0.00390158
1.8908 , 0.00556418 , 0.00510704 , 0.00494035 , 0.00448731
1.8912 , 0.00625845 , 0.00573856 , 0.00558404 , 0.00507283
1.8916 , 0.0069525 , 0.00636986 , 0.00622751 , 0.00565813
1.892 , 0.0076463 , 0.0070009 , 0.00687074 , 0.00624319
1.8924 , 0.00833983 , 0.00763166 , 0.0075137 , 0.00682798
1.8928 , 0.00903304 , 0.00826212 , 0.00815637 , 0.00741247
1.8932 , 0.00972592 , 0.00889224 , 0.00879871 , 0.00799666
1.8936 , 0.0104184 , 0.00952201 , 0.0094407 , 0.0085805
1.894 , 0.0111106 , 0.0101514 , 0.0100823 , 0.00916398
1.8944 , 0.0118023 , 0.0107804 , 0.0107236 , 0.00974708
1.8948 , 0.0124936 , 0.0114089 , 0.0113644 , 0.0103298
1.8952 , 0.0131844 , 0.012037 , 0.0120047 , 0.010912
1.8956 , 0.0138747 , 0.0126646 , 0.0126446 , 0.0114938
1.896 , 0.0145644 , 0.0132917 , 0.013284 , 0.0120751
1.8964 , 0.0152537 , 0.0139183 , 0.0139228 , 0.012656
1.8968 , 0.0159423 , 0.0145443 , 0.0145611 , 0.0132363
1.8972 , 0.0166303 , 0.0151698 , 0.0151988 , 0.013816
1.8976 , 0.0173177 , 0.0157946 , 0.0158359 , 0.0143952
1.898 , 0.0180044 , 0.0164188 , 0.0164724 , 0.0149738
1.8984 , 0.0186904 , 0.0170423 , 0.0171083 , 0.0155517
1.8988 , 0.0193758 , 0.0176652 , 0.0177434 , 0.0161291
1.8992 , 0.0200603 , 0.0182874 , 0.0183779 , 0.0167057
1.8996 , 0.0207441 , 0.0189088 , 0.0190116 , 0.0172817
1.9 , 0.0214271 , 0.0195294 , 0.0196446 , 0.017857
1.9004 , 0.0221092 , 0.0201493 , 0.0202768 , 0.0184315
1.9008 , 0.0227905 , 0.0207684 , 0.0209081 , 0.0190053
1.9012 , 0.0234709 , 0.0213866 , 0.0215387 , 0.0195783
1.9016 , 0.0241504 , 0.022004 , 0.0221684 , 0.0201505
1.902 , 0.024829 , 0.0226206 , 0.0227972 , 0.0207218
1.9024 , 0.0255066 , 0.0232362 , 0.0234251 , 0.0212923
1.9028 , 0.0261832 , 0.0238508 , 0.0240521 , 0.021862
1.9032 , 0.0268588 , 0.0244646 , 0.0246781 , 0.0224308
1.9036 , 0.0275333 , 0.0250773 , 0.0253031 , 0.0229986
1.904 , 0.0282068 , 0.025689 , 0.0259271 , 0.0235655
1.9044 , 0.0288791 , 0.0262998 , 0.0265501 , 0.0241315
1.9048 , 0.0295504 , 0.0269094 , 0.0271721 , 0.0246964
1.9052 , 0.0302204 , 0.027518 , 0.0277929 , 0.0252604
1.9056 , 0.0308893 , 0.0281255 , 0.0284127 , 0.0258233
1.906 , 0.031557 , 0.0287319 , 0.0290313 , 0.0263852
1.9064 , 0.0322235 , 0.0293371 , 0.0296487 , 0.026946
1.9068 , 0.0328887 , 0.0299411 , 0.030265 , 0.0275057
1.9072 , 0.0335526 , 0.0305439 , 0.0308801 , 0.0280643
1.9076 , 0.0342151 , 0.0311456 , 0.0314939 , 0.0286218
1.908 , 0.0348764 , 0.0317459 , 0.0321065 , 0.029178
1.9084 , 0.0355363 , 0.032345 , 0.0327178 , 0.0297331
1.9088 , 0.0361947 , 0.0329428 , 0.0333278 , 0.030287
1.9092 , 0.0368518 , 0.0335393 , 0.0339365 , 0.0308397
1.9096 , 0.0375074 , 0.0341345 , 0.0345438 , 0.0313911
1.91 , 0.0381615 , 0.0347283 , 0.0351498 , 0.0319413
1.9104 , 0.0388142 , 0.0353207 , 0.0357543 , 0.0324901
1.9108 , 0.0394653 , 0.0359116 , 0.0363574 , 0.0330377
1.9112 , 0.0401148 , 0.0365012 , 0.0369591 , 0.0335838
1.9116 , 0.0407628 , 0.0370893 , 0.0375593 , 0.0341287
1.912 , 0.0414092 , 0.0376759 , 0.038158 , 0.0346721
1.9124 , 0.0420539 , 0.038261 , 0.0387552 , 0.0352142
1.9128 , 0.042697 , 0.0388445 , 0.0393508 , 0.0357548
1.9132 , 0.0433384 , 0.0394265 , 0.0399449 , 0.036294
1.9136 , 0.0439781 , 0.040007 , 0.0405373 , 0.0368317
1.914 , 0.044616 , 0.0405858 , 0.0411282 , 0.0373679
1.9144 , 0.0452522 , 0.041163 , 0.0417174 , 0.0379026
1.9148 , 0.0458867 , 0.0417386 , 0.042305 , 0.0384357
1.9152 , 0.0465193 , 0.0423125 , 0.0428908 , 0.0389673
1.9156 , 0.04715 , 0.0428847 , 0.043475 , 0.0394974
1.916 , 0.0477789 , 0.0434552 , 0.0440574 , 0.0400258
1.9164 , 0.048406 , 0.0440239 , 0.0446381 , 0.0405526
1.9168 , 0.0490311 , 0.0445909 , 0.0452169 , 0.0410778
1.9172 , 0.0496543 , 0.0451561 , 0.045794 , 0.0416013
1.9176 , 0.0502755 , 0.0457195 , 0.0463693 , 0.0421232
1.918 , 0.0508947 , 0.0462811 , 0.0469426 , 0.0426433
1.9184 , 0.0515119 , 0.0468408 , 0.0475142 , 0.0431617
1.9188 , 0.0521271 , 0.0473986 , 0.0480838 , 0.0436784
1.9192 , 0.0527402 , 0.0479546 , 0.0486515 , 0.0441933
1.9196 , 0.0533513 , 0.0485086 , 0.0492173 , 0.0447065
1.92 , 0.0539602 , 0.0490607 , 0.0497811 , 0.0452178
1.9204 , 0.054567 , 0.0496108 , 0.0503429 , 0.0457273
1.9208 , 0.0551716 , 0.0501589 , 0.0509027 , 0.0462349
1.9212 , 0.0557741 , 0.0507051 , 0.0514605 , 0.0467407
1.9216 , 0.0563743 , 0.0512492 , 0.0520162 , 0.0472446
1.922 , 0.0569723 , 0.0517912 , 0.0525698 , 0.0477466
1.9224 , 0.0575681 , 0.0523312 , 0.0531214 , 0.0482467
1.9228 , 0.0581616 , 0.0528691 , 0.0536708 , 0.0487448
1.9232 , 0.0587528 , 0.0534049 , 0.0542181 , 0.049241
1.9236 , 0.0593416 , 0.0539385 , 0.0547632 , 0.0497351
1.924 , 0.0599281 , 0.05447 , 0.0553062 , 0.0502273
1.9244 , 0.0605122 , 0.0549993 , 0.0558469 , 0.0507174
1.9248 , 0.061094 , 0.0555264 , 0.0563854 , 0.0512055
1.9252 , 0.0616733 , 0.0560513 , 0.0569216 , 0.0516916
1.9256 , 0.0622501 , 0.056574 , 0.0574556 , 0.0521755
1.926 , 0.0628245 , 0.0570943 , 0.0579873 , 0.0526574
1.9264 , 0.0633965 , 0.0576124 , 0.0585166 , 0.0531371
1.9268 , 0.0639658 , 0.0581282 , 0.0590437 , 0.0536147
1.9272 , 0.0645327 , 0.0586417 , 0.0595683 , 0.0540901
1.9276 , 0.065097 , 0.0591528 , 0.0600906 , 0.0545634
1.928 , 0.0656587 , 0.0596616 , 0.0606105 , 0.0550344
1.9284 , 0.0662178 , 0.0601679 , 0.061128 , 0.0555032
1.9288 , 0.0667743 , 0.0606719 , 0.061643 , 0.0559698
1.9292 , 0.0673282 , 0.0611734 , 0.0621556 , 0.0564342
1.9296 , 0.0678793 , 0.0616725 , 0.0626657 , 0.0568962
1.93 , 0.0684278 , 0.0621691 , 0.0631733 , 0.057356
1.9304 , 0.0689736 , 0.0626633 , 0.0636783 , 0.0578135
1.9308 , 0.0695166 , 0.0631549 , 0.0641808 , 0.0582686
1.9312 , 0.0700569 , 0.063644 , 0.0646808 , 0.0587214
1.9316 , 0.0705944 , 0.0641305 , 0.0651782 , 0.0591719
1.932 , 0.0711291 , 0.0646145 , 0.0656729 , 0.0596199
1.9324 , 0.0716609 , 0.0650959 , 0.0661651 , 0.0600656
1.9328 , 0.0721899 , 0.0655747 , 0.0666546 , 0.0605088
1.9332 , 0.0727161 , 0.0660509 , 0.0671414 , 0.0609496
1.9336 , 0.0732393 , 0.0665244 , 0.0676256 , 0.061388
1.934 , 0.0737597 , 0.0669953 , 0.068107 , 0.0618239
1.9344 , 0.0742771 , 0.0674635 , 0.0685858 , 0.0622573
1.9348 , 0.0747916 , 0.067929 , 0.0690618 , 0.0626882
1.9352 , 0.0753031 , 0.0683918 , 0.069535 , 0.0631165
1.9356 , 0.0758116 , 0.0688518 , 0.0700055 , 0.0635424
1.936 , 0.0763171 , 0.0693091 , 0.0704731 , 0.0639656
1.9364 , 0.0768195 , 0.0697636 , 0.070938 , 0.0643864
1.9368 , 0.077319 , 0.0702154 , 0.0714 , 0.0648045
1.9372 , 0.0778153 , 0.0706643 , 0.0718592 , 0.06522
1.9376 , 0.0783085 , 0.0711104 , 0.0723154 , 0.0656329
1.938 , 0.0787987 , 0.0715536 , 0.0727688 , 0.0660431
1.9384 , 0.0792857 , 0.071994 , 0.0732193 , 0.0664507
1.9388 , 0.0797695 , 0.0724315 , 0.0736669 , 0.0668556
1.9392 , 0.0802502 , 0.0728661 , 0.0741115 , 0.0672579
1.9396 , 0.0807277 , 0.0732978 , 0.0745532 , 0.0676574
1.94 , 0.081202 , 0.0737266 , 0.0749919 , 0.0680542
1.9404 , 0.081673 , 0.0741524 , 0.0754276 , 0.0684483
1.9408 , 0.0821408 , 0.0745752 , 0.0758603 , 0.0688396
1.9412 , 0.0826054 , 0.0749951 , 0.0762899 , 0.0692282
1.9416 , 0.0830666 , 0.075412 , 0.0767165 , 0.069614
1.942 , 0.0835245 , 0.0758258 , 0.0771401 , 0.069997
1.9424 , 0.0839792 , 0.0762366 , 0.0775605 , 0.0703771
1.9428 , 0.0844304 , 0.0766444 , 0.0779779 , 0.0707545
1.9432 , 0.0848784 , 0.0770491 , 0.0783921 , 0.071129
1.9436 , 0.0853229 , 0.0774507 , 0.0788032 , 0.0715006
1.944 , 0.0857641 , 0.0778492 , 0.0792112 , 0.0718694
1.9444 , 0.0862018 , 0.0782446 , 0.079616 , 0.0722353
1.9448 , 0.0866361 , 0.0786369 , 0.0800176 , 0.0725983
1.9452 , 0.087067 , 0.079026 , 0.080416 , 0.0729584
1.9456 , 0.0874943 , 0.079412 , 0.0808112 , 0.0733155
1.946 , 0.0879183 , 0.0797948 , 0.0812031 , 0.0736697
1.9464 , 0.0883387 , 0.0801744 , 0.0815919 , 0.0740209
1.9468 , 0.0887556 , 0.0805508 , 0.0819773 , 0.0743692
1.9472 , 0.0891689 , 0.0809239 , 0.0823595 , 0.0747145
1.9476 , 0.0895787 , 0.0812939 , 0.0827384 , 0.0750568
1.948 , 0.089985 , 0.0816606 , 0.083114 , 0.0753961
1.9484 , 0.0903876 , 0.082024 , 0.0834863 , 0.0757323
1.9488 , 0.0907867 , 0.0823841 , 0.0838552 , 0.0760655
1.9492 , 0.0911821 , 0.082741 , 0.0842208 , 0.0763956
1.9496 , 0.0915739 , 0.0830945 , 0.084583 , 0.0767227
1.95 , 0.0919621 , 0.0834447 , 0.0849418 , 0.0770467
1.9504 , 0.0923466 , 0.0837916 , 0.0852973 , 0.0773676
1.9508 , 0.0927274 , 0.0841351 , 0.0856493 , 0.0776855
1.9512 , 0.0931045 , 0.0844752 , 0.0859979 , 0.0780001
1.9516 , 0.093478 , 0.084812 , 0.0863431 , 0.0783117
1.952 , 0.0938477 , 0.0851454 , 0.0866848 , 0.0786201
1.9524 , 0.0942136 , 0.0854754 , 0.0870231 , 0.0789254
1.9528 , 0.0945758 , 0.0858019 , 0.0873578 , 0.0792275
1.9532 , 0.0949343 , 0.086125 , 0.0876891 , 0.0795264
1.9536 , 0.0952889 , 0.0864447 , 0.0880169 , 0.0798221
1.954 , 0.0956398 , 0.0867609 , 0.0883412 , 0.0801146
1.9544 , 0.0959868 , 0.0870737 , 0.0886619 , 0.080404
1.9548 , 0.09633 , 0.0873829 , 0.0889791 , 0.08069
1.9552 , 0.0966694 , 0.0876887 , 0.0892927 , 0.0809729
1.9556 , 0.0970049 , 0.087991 , 0.0896028 , 0.0812525
1.956 , 0.0973366 , 0.0882897 , 0.0899092 , 0.0815288
1.9564 , 0.0976644 , 0.0885849 , 0.0902121 , 0.0818019
1.9568 , 0.0979882 , 0.0888766 , 0.0905114 , 0.0820717
1.9572 , 0.0983082 , 0.0891647 , 0.0908071 , 0.0823382
1.9576 , 0.0986243 , 0.0894493 , 0.0910991 , 0.0826014
1.958 , 0.0989364 , 0.0897302 , 0.0913875 , 0.0828613
1.9584 , 0.0992446 , 0.0900076 , 0.0916722 , 0.0831178
1.9588 , 0.0995488 , 0.0902814 , 0.0919533 , 0.0833711
1.9592 , 0.0998491 , 0.0905516 , 0.0922307 , 0.083621
1.9596 , 0.100145 , 0.0908181 , 0.0925044 , 0.0838675
1.96 , 0.100438 , 0.091081 , 0.0927744 , 0.0841107
1.9604 , 0.100726 , 0.0913403 , 0.0930407 , 0.0843505
1.9608 , 0.10101 , 0.0915959 , 0.0933033 , 0.0845869
1.9612 , 0.10129 , 0.0918479 , 0.0935622 , 0.0848199
1.9616 , 0.101567 , 0.0920961 , 0.0938173 , 0.0850495
1.962 , 0.101839 , 0.0923407 , 0.0940686 , 0.0852757
1.9624 , 0.102107 , 0.0925816 , 0.0943162 , 0.0854985
1.9628 , 0.102371 , 0.0928188 , 0.0945601 , 0.0857179
1.9632 , 0.102631 , 0.0930523 , 0.0948001 , 0.0859339
1.9636 , 0.102886 , 0.0932821 , 0.0950364 , 0.0861463
1.964 , 0.103138 , 0.0935081 , 0.0952688 , 0.0863554
1.9644 , 0.103386 , 0.0937304 , 0.0954975 , 0.086561
1.9648 , 0.103629 , 0.093949 , 0.0957223 , 0.0867631
1.9652 , 0.103869 , 0.0941637 , 0.0959433 , 0.0869617
1.9656 , 0.104104 , 0.0943748 , 0.0961605 , 0.0871569
1.966 , 0.104335 , 0.094582 , 0.0963738 , 0.0873485
1.9664 , 0.104562 , 0.0947855 , 0.0965833 , 0.0875367
1.9668 , 0.104784 , 0.0949851 , 0.0967889 , 0.0877213
1.9672 , 0.105003 , 0.095181 , 0.0969906 , 0.0879024
1.9676 , 0.105217 , 0.0953731 , 0.0971885 , 0.0880801
1.968 , 0.105427 , 0.0955613 , 0.0973825 , 0.0882541
1.9684 , 0.105633 , 0.0957457 , 0.0975726 , 0.0884247
1.9688 , 0.105835 , 0.0959263 , 0.0977588 , 0.0885917
1.9692 , 0.106032 , 0.0961031 , 0.097941 , 0.0887552
1.9696 , 0.106226 , 0.096276 , 0.0981194 , 0.0889151
1.97 , 0.106415 , 0.0964451 , 0.0982938 , 0.0890714
1.9704 , 0.106599 , 0.0966103 , 0.0984643 , 0.0892242
1.9708 , 0.10678 , 0.0967716 , 0.0986309 , 0.0893734
1.9712 , 0.106956 , 0.0969291 , 0.0987935 , 0.089519
1.9716 , 0.107128 , 0.0970827 , 0.0989522 , 0.089661
1.972 , 0.107296 , 0.0972324 , 0.0991069 , 0.0897995
1.9724 , 0.107459 , 0.0973782 , 0.0992576 , 0.0899343
1.9728 , 0.107618 , 0.0975201 , 0.0994044 , 0.0900655
1.9732 , 0.107773 , 0.0976582 , 0.0995472 , 0.0901932
1.9736 , 0.107924 , 0.0977923 , 0.0996861 , 0.0903172
1.974 , 0.10807 , 0.0979225 , 0.0998209 , 0.0904376
1.9744 , 0.108212 , 0.0980488 , 0.0999517 , 0.0905544
1.9748 , 0.108349 , 0.0981711 , 0.100079 , 0.0906676
1.9752 , 0.108482 , 0.0982896 , 0.100201 , 0.0907771
1.9756 , 0.108611 , 0.0984041 , 0.10032 , 0.090883
1.976 , 0.108736 , 0.0985147 , 0.100435 , 0.0909852
1.9764 , 0.108856 , 0.0986213 , 0.100546 , 0.0910839
1.9768 , 0.108972 , 0.098724 , 0.100653 , 0.0911788
1.9772 , 0.109083 , 0.0988227 , 0.100755 , 0.0912701
1.9776 , 0.109191 , 0.0989175 , 0.100854 , 0.0913578
1.978 , 0.109293 , 0.0990083 , 0.100949 , 0.0914418
1.9784 , 0.109392 , 0.0990952 , 0.10104 , 0.0915222
1.9788 , 0.109486 , 0.0991781 , 0.101126 , 0.0915988
1.9792 , 0.109575 , 0.099257 , 0.101209 , 0.0916719
1.9796 , 0.109661 , 0.099332 , 0.101287 , 0.0917412
1.98 , 0.109742 , 0.099403 , 0.101362 , 0.0918069
1.9804 , 0.109818 , 0.09947 , 0.101432 , 0.0918689
1.9808 , 0.10989 , 0.099533 , 0.101499 , 0.0919272
1.9812 , 0.109958 , 0.0995921 , 0.101561 , 0.0919819
1.9816 , 0.110021 , 0.0996472 , 0.101619 , 0.0920328
1.982 , 0.11008 , 0.0996983 , 0.101673 , 0.0920801
1.9824 , 0.110135 , 0.0997454 , 0.101724 , 0.0921237
1.9828 , 0.110185 , 0.0997885 , 0.10177 , 0.0921636
1.9832 , 0.110231 , 0.0998276 , 0.101812 , 0.0921999
1.9836 , 0.110272 , 0.0998627 , 0.101849 , 0.0922324
1.984 , 0.110309 , 0.0998939 , 0.101883 , 0.0922612
1.9844 , 0.110341 , 0.099921 , 0.101913 , 0.0922864
1.9848 , 0.110369 , 0.0999441 , 0.101939 , 0.0923078
1.9852 , 0.110393 , 0.0999633 , 0.10196 , 0.0923256
1.9856 , 0.110412 , 0.0999784 , 0.101978 , 0.0923397
1.986 , 0.110427 , 0.0999895 , 0.101991 , 0.0923501
1.9864 , 0.110438 , 0.0999967 , 0.102001 , 0.0923568
1.9868 , 0.110444 , 0.0999998 , 0.102006 , 0.0923598
1.9872 , 0.110445 , 0.099999 , 0.102007 , 0.0923591
1.9876 , 0.110442 , 0.0999941 , 0.102004 , 0.0923547
1.988 , 0.110435 , 0.0999853 , 0.101997 , 0.0923466
1.9884 , 0.110424 , 0.0999724 , 0.101986 , 0.0923348
1.9888 , 0.110407 , 0.0999556 , 0.101971 , 0.0923193
1.9892 , 0.110387 , 0.0999347 , 0.101952 , 0.0923001
1.9896 , 0.110362 , 0.0999099 , 0.101929 , 0.0922773
1.99 , 0.110333 , 0.099881 , 0.101901 , 0.0922507
1.9904 , 0.110299 , 0.0998482 , 0.10187 , 0.0922205
1.9908 , 0.110261 , 0.0998113 , 0.101835 , 0.0921866
1.9912 , 0.110218 , 0.0997705 , 0.101795 , 0.0921489
1.9916 , 0.110171 , 0.0997257 , 0.101751 , 0.0921076
1.992 , 0.11012 , 0.0996769 , 0.101704 , 0.0920627
1.9924 , 0.110064 , 0.0996241 , 0.101652 , 0.092014
1.9928 , 0.110004 , 0.0995673 , 0.101596 , 0.0919617
1.9932 , 0.109939 , 0.0995065 , 0.101536 , 0.0919056
1.9936 , 0.10987 , 0.0994418 , 0.101472 , 0.091846
1.994 , 0.109797 , 0.0993731 , 0.101404 , 0.0917826
1.9944 , 0.109719 , 0.0993004 , 0.101332 , 0.0917156
1.9948 , 0.109637 , 0.0992237 , 0.101256 , 0.0916449
1.9952 , 0.10955 , 0.0991431 , 0.101176 , 0.0915705
1.9956 , 0.109459 , 0.0990585 , 0.101091 , 0.0914925
1.996 , 0.109364 , 0.0989699 , 0.101003 , 0.0914108
1.9964 , 0.109264 , 0.0988774 , 0.100911 , 0.0913255
1.9968 , 0.10916 , 0.0987809 , 0.100814 , 0.0912365
1.9972 , 0.109052 , 0.0986805 , 0.100714 , 0.0911438
1.9976 , 0.108939 , 0.0985761 , 0.10061 , 0.0910476
1.998 , 0.108822 , 0.0984678 , 0.100501 , 0.0909477
1.9984 , 0.1087 , 0.0983555 , 0.100389 , 0.0908441
1.9988 , 0.108574 , 0.0982393 , 0.100272 , 0.0907369
1.9992 , 0.108444 , 0.0981192 , 0.100152 , 0.0906261
1.9996 , 0.108309 , 0.0979952 , 0.100027 , 0.0905117
